trip_booked_for_date_key,pickup_zone_key,total_revenue,total_trips,avg_trip_duration_min,avg_distance_km
20250831,0,300.4000000000001,19,17.8,9.14
20250822,48,1465.6000000000001,215,10.28,2.91
20250818,8,75.0,1,73.0,26.45
20250831,44,1538.4000000000012,218,7.86,2.92
20250818,20,93.4,21,8.08,0.97
20250816,47,2281.7999999999984,347,7.56,2.49
20250818,12,131.6,22,6.21,2.73
20250824,47,2130.4,268,7.89,3.28
20250820,5,1535.5999999999992,274,8.09,2.42
20250820,13,103.6,6,21.5,9.49
20250817,47,1572.3999999999999,217,8.55,2.9
20250819,0,444.4000000000001,16,37.93,18.52
20250822,47,2379.9999999999986,342,9.26,2.94
20250822,0,426.6,26,21.0,9.64
20250816,20,101.0,19,8.0,1.17
20250817,17,1124.8,188,7.71,2.12
20250818,2,1170.6,201,11.86,2.56
20250816,2,1318.0000000000005,194,9.1,2.72
20250816,11,1333.8000000000009,218,7.67,2.19
20250816,43,401.1999999999999,47,12.0,4.3
20250816,44,1771.1999999999985,261,11.17,2.84
20250815,12,4.6,1,170.0,0.0
20250816,25,1020.0000000000003,151,7.61,2.8
20250816,48,1663.2000000000003,248,8.48,2.61
20250816,45,23.8,2,16.5,6.95
20250816,17,1720.5999999999997,302,7.54,1.86
20250815,47,36.2,5,10.8,2.58
20250815,17,10.4,2,12.5,0.97
20250816,39,755.0000000000007,132,7.3,1.96
20250815,40,10.8,1,2.0,5.2
20250816,5,2279.6000000000013,303,8.62,3.25
20250816,3,184.6,20,7.17,4.72
20250816,6,3272.999999999998,534,9.03,2.14
20250816,42,1623.6000000000004,276,6.99,1.98
20250816,7,890.4000000000003,155,5.44,1.9
20250816,12,202.60000000000005,30,8.87,2.73
20250817,20,52.800000000000004,11,8.0,0.37
20250816,15,527.9999999999999,88,7.97,2.26
20250816,22,370.40000000000003,40,13.03,4.35
20250816,23,235.2,20,14.38,6.11
20250816,16,107.80000000000001,13,7.0,4.02
20250816,18,524.4,50,6.89,5.54
20250816,27,10.0,2,10.0,1.6
20250816,35,44.800000000000004,5,10.0,4.4
20250816,0,137.0,10,19.44,8.19
20250816,40,184.0,29,15.64,2.34
20250816,34,216.79999999999998,21,9.42,5.48
20250816,9,54.2,6,9.75,4.6
20250817,5,1339.2000000000007,218,9.23,2.23
20250816,8,355.23,3,81.67,64.38
20250817,28,58.0,7,8.17,4.02
20250817,11,986.5999999999998,158,7.05,2.32
20250817,15,343.3999999999999,57,8.2,2.09
20250817,48,1465.1999999999991,211,9.31,2.76
20250817,6,1957.1999999999975,319,6.53,2.13
20250817,7,529.8000000000001,93,6.48,1.8
20250817,18,394.0,39,12.13,5.08
20250817,39,608.4000000000001,81,6.03,3.13
20250817,2,1103.9999999999993,157,8.89,2.92
20250817,25,787.8000000000001,102,8.06,3.35
20250817,22,417.79999999999995,52,10.55,3.65
20250817,42,1126.6000000000004,189,6.68,2.07
20250817,44,1536.600000000001,226,8.88,2.77
20250817,43,455.6000000000001,47,10.95,4.93
20250817,46,32.0,1,18.0,19.45
20250817,12,175.2,24,8.15,3.05
20250817,34,147.4,13,11.7,6.02
20250818,16,62.99999999999999,10,12.75,3.05
20250818,5,1377.0000000000005,239,7.58,2.46
20250817,0,312.40000000000003,20,15.25,9.42
20250817,3,164.2,15,10.0,5.49
20250818,25,662.4000000000001,118,7.23,2.4
20250818,44,1485.5999999999992,220,9.56,3.26
20250818,6,1996.9999999999995,371,9.9,2.04
20250818,11,924.4000000000001,166,8.1,2.23
20250817,16,164.4,21,10.12,3.06
20250818,39,447.20000000000016,81,8.89,2.26
20250818,34,218.20000000000002,22,12.47,5.82
20250818,42,1001.0000000000008,172,7.13,2.37
20250819,3,110.20000000000002,14,5.45,4.27
20250818,17,971.5999999999996,192,9.49,1.9
20250818,7,578.8000000000004,118,6.64,1.74
20250818,48,1382.6000000000001,201,9.62,3.2
20250818,47,1413.5999999999997,258,8.57,2.21
20250818,15,421.0,72,9.46,2.45
20250818,40,120.19999999999999,17,8.58,3.43
20250818,18,261.4,35,11.75,3.92
20250818,0,521.8000000000001,29,24.96,11.83
20250818,9,50.2,6,6.33,4.86
20250819,20,74.00000000000001,17,28.7,1.06
20250818,22,194.2,28,10.45,3.44
20250818,43,437.4,53,12.34,4.6
20250819,25,689.4000000000002,119,7.76,2.6
20250818,23,137.20000000000002,12,18.63,6.64
20250818,3,176.00000000000003,21,6.3,4.26
20250820,31,84.2,4,13.33,10.31
20250819,48,1082.4000000000005,197,8.12,2.35
20250819,6,1903.799999999999,374,9.63,1.95
20250819,44,1323.5999999999997,213,9.16,2.97
20250819,2,1230.6000000000006,198,11.11,2.95
20250819,45,18.4,2,13.0,5.52
20250819,42,868.6000000000004,175,10.85,1.87
20250819,47,1708.800000000001,267,8.78,2.88
20250819,12,105.2,17,6.07,2.98
20250819,11,915.2000000000004,170,9.83,2.25
20250819,5,1215.5999999999995,222,7.42,2.37
20250819,15,380.3999999999999,72,8.5,2.15
20250819,7,570.0000000000001,118,7.0,1.76
20250819,17,981.3999999999997,190,8.03,2.08
20250820,20,105.6,23,13.86,1.14
20250820,39,594.3999999999997,98,9.48,2.73
20250819,18,231.19999999999996,31,10.27,3.99
20250819,43,382.99999999999994,52,10.6,3.99
20250819,30,20.8,1,27.0,14.0
20250819,22,308.0,31,9.75,5.72
20250819,28,75.60000000000001,11,10.33,3.61
20250819,34,85.60000000000001,10,9.0,4.83
20250819,16,51.599999999999994,10,5.17,1.97
20250819,39,519.9999999999997,96,8.16,2.25
20250819,23,218.99999999999997,19,14.64,7.26
20250820,17,1019.3999999999995,203,8.28,1.94
20250819,40,89.00000000000001,16,10.93,2.46
20250820,2,1172.799999999999,190,9.75,2.95
20250820,42,918.2000000000002,184,7.88,1.86
20250820,6,2129.199999999999,417,9.17,1.96
20250820,7,480.3999999999999,100,7.73,1.73
20250820,44,1426.2000000000003,213,10.68,3.38
20250820,43,261.6000000000001,38,10.4,3.72
20250820,11,958.4000000000005,167,8.37,2.53
20250820,15,489.2,87,7.11,2.36
20250820,25,664.7999999999996,121,7.94,2.34
20250820,47,1579.2,265,9.22,2.65
20250820,3,66.0,9,6.88,3.83
20250820,48,1107.4000000000008,202,7.88,2.33
20250820,46,85.2,4,34.0,13.43
20250820,12,163.4,26,10.87,3.03
20250820,35,67.2,8,7.88,4.83
20250820,18,176.20000000000005,24,10.59,3.98
20250820,40,79.20000000000002,15,11.64,2.26
20250820,28,31.400000000000002,4,5.0,4.4
20250820,22,120.6,17,14.27,3.69
20250820,0,235.60000000000002,18,18.76,8.34
20250820,34,55.0,8,14.14,3.66
20250821,42,1120.2,220,7.78,1.99
20250821,20,139.60000000000002,25,9.14,1.95
20250821,48,1543.2000000000003,182,8.71,4.44
20250821,15,396.40000000000003,70,7.38,2.44
20250821,25,875.2000000000004,153,8.5,2.58
20250821,2,1247.7999999999995,225,10.58,2.41
20250820,16,27.4,5,4.2,2.32
20250821,44,1471.8000000000002,237,9.03,2.99
20250821,17,1406.4000000000005,265,8.41,2.19
20250821,3,220.60000000000002,28,7.32,4.29
20250821,5,1209.6000000000006,233,8.57,2.09
20250821,47,1800.8000000000002,315,9.29,2.46
20250821,6,2317.199999999999,422,8.74,2.23
20250821,7,600.6000000000003,126,6.03,1.7
20250821,28,80.2,11,12.11,4.0
20250821,18,280.79999999999995,36,12.33,4.26
20250821,39,603.6,113,7.08,2.2
20250821,11,949.0000000000001,168,8.26,2.47
20250827,13,25.4,2,14.5,7.79
20250821,35,31.2,3,8.67,6.31
20250828,47,1666.8000000000002,291,10.0,2.45
20250821,22,203.60000000000002,31,9.68,3.28
20250821,33,120.0,1,0.0,43.08
20250824,42,1667.5999999999997,231,7.56,2.88
20250822,5,1834.8000000000013,297,10.28,2.52
20250821,8,20.0,1,24.0,11.25
20250822,6,2965.7999999999993,488,9.18,2.32
20250821,34,115.2,11,19.11,6.37
20250821,43,380.5999999999999,53,13.81,3.84
20250821,0,185.60000000000005,12,17.6,9.97
20250904,2,1394.7999999999997,213,9.4,2.69
20250821,23,143.79999999999998,15,12.77,5.7
20250823,40,143.79999999999998,22,7.9,2.57
20250821,40,120.4,20,8.0,2.76
20250822,20,119.19999999999999,23,9.33,1.38
20250821,12,190.59999999999997,31,7.9,2.92
20250822,34,282.2,18,9.27,9.41
20250822,36,14.6,1,2.0,8.85
20250822,11,1303.3999999999994,213,8.56,2.36
20250822,42,1210.4000000000003,220,8.01,2.02
20250821,27,14.4,2,4.5,3.64
20250822,17,1301.4,238,9.44,1.97
20250822,2,1312.0,210,8.44,2.67
20250822,44,1761.9999999999995,258,9.87,3.05
20250822,18,316.20000000000005,35,10.66,4.8
20250822,7,748.6000000000004,137,7.41,1.94
20250822,9,65.2,5,8.0,7.73
20250822,39,728.0000000000001,130,9.61,1.96
20250822,43,283.19999999999993,34,9.67,4.14
20250822,12,169.2,27,7.94,2.66
20250822,22,302.80000000000007,42,10.43,3.21
20250822,40,143.2,23,7.28,2.46
20250822,25,1048.0,166,10.27,2.65
20250822,15,484.20000000000005,83,7.31,2.21
20250823,20,89.60000000000002,18,14.27,1.06
20250823,2,1303.8000000000002,203,9.58,2.53
20250822,3,111.60000000000001,13,5.69,4.33
20250823,35,54.0,5,8.75,5.81
20250824,7,680.8,115,6.93,2.08
20250823,48,2100.8,278,7.78,3.19
20250826,42,952.2000000000007,185,8.02,2.02
20250823,25,1094.4,165,8.4,2.68
20250823,44,2277.4,281,10.56,3.77
20250823,9,102.4,6,8.0,10.49
20250823,5,2061.2000000000016,332,8.08,2.34
20250823,43,410.6,47,9.79,4.33
20250822,23,274.2,17,21.75,9.69
20250823,47,2616.7999999999975,389,9.15,2.57
20250823,15,551.5999999999998,93,7.08,2.08
20250823,39,814.9999999999998,134,8.98,2.13
20250823,11,1280.8000000000002,208,7.58,2.22
20250823,6,2982.199999999997,472,8.6,2.25
20250823,34,269.79999999999995,19,16.5,7.94
20250823,12,392.20000000000016,57,6.47,2.78
20250823,17,1613.6000000000004,268,8.39,2.2
20250823,42,1580.4000000000003,280,8.25,1.85
20250823,22,467.59999999999997,64,12.73,3.09
20250823,7,778.9999999999999,151,8.12,1.51
20250823,28,86.8,11,12.44,3.65
20250823,3,158.79999999999998,17,9.31,4.48
20250824,15,284.4000000000001,47,7.3,2.27
20250823,18,448.9999999999999,56,10.91,3.65
20250824,48,1747.8000000000006,242,9.18,2.91
20250824,40,133.2,19,6.08,2.93
20250823,16,50.99999999999999,7,9.5,3.06
20250824,6,2584.0000000000014,408,6.57,2.26
20250829,48,1897.8000000000013,292,8.56,2.63
20250824,17,1146.4000000000003,192,7.62,2.06
20250824,2,1132.2,173,7.42,2.6
20250824,11,1402.8000000000006,208,7.89,2.66
20250824,44,1634.2799999999995,220,8.64,3.19
20250824,3,371.6,33,9.55,5.74
20250824,22,425.3999999999999,56,10.64,3.19
20250824,13,13.6,1,49.0,7.17
20250824,39,571.3999999999999,95,7.66,2.04
20250824,5,1426.9999999999995,220,7.69,2.53
20250824,12,232.19999999999996,33,8.24,2.92
20250824,18,339.0,37,9.22,4.57
20250824,43,366.0,44,10.18,4.08
20250824,25,712.6,111,7.05,2.53
20250824,34,270.40000000000003,21,12.32,7.25
20250824,0,352.2,24,19.0,8.91
20250825,12,102.00000000000001,17,8.29,2.74
20250824,35,20.0,3,13.0,2.94
20250824,20,52.20000000000001,11,8.5,0.67
20250824,28,103.8,11,11.0,4.71
20250829,0,345.8,23,26.19,9.13
20250825,3,146.60000000000002,15,5.0,4.71
20250824,23,154.2,13,11.86,6.52
20250824,31,9.6,1,24.0,5.33
20250825,34,88.6,8,8.67,6.62
20250825,42,996.9999999999998,171,5.76,2.33
20250825,44,1212.8000000000004,189,9.2,2.98
20250825,11,842.2000000000002,153,8.5,2.19
20250825,2,791.0499999999998,141,6.86,2.42
20250825,48,832.9999999999994,143,8.42,2.43
20250825,25,536.9999999999999,94,6.68,2.49
20250825,47,1297.8,221,6.6,2.43
20250825,39,607.8000000000001,97,8.61,2.74
20250825,7,466.4000000000001,98,5.67,1.52
20250825,6,1932.0,335,8.12,2.25
20250825,5,968.2000000000004,180,6.72,2.17
20250825,18,231.39999999999998,27,5.8,4.68
20250825,17,695.1999999999999,134,8.35,2.04
20250825,43,200.8,25,10.89,4.39
20250827,20,108.2,26,9.06,0.87
20250825,0,358.8000000000001,26,19.54,8.89
20250826,43,297.79999999999995,41,14.38,3.84
20250901,42,1008.3999999999999,206,6.48,1.76
20250825,15,350.2,57,4.76,2.65
20250825,9,17.6,2,8.0,5.29
20250826,23,171.6,17,9.63,6.17
20250825,20,76.6,17,8.9,1.03
20250826,17,966.9999999999998,187,8.83,2.09
20250825,40,52.0,10,6.38,1.68
20250826,20,87.6,19,9.56,1.53
20250826,44,1276.6000000000006,210,7.55,2.88
20250826,5,1180.2000000000005,220,8.8,2.27
20250826,11,917.8000000000003,168,10.74,2.33
20250825,22,122.39999999999998,17,7.67,3.46
20250826,35,42.6,6,3.67,3.83
20250826,22,163.6,22,14.59,3.92
20250826,12,132.4,20,9.11,3.25
20250826,2,1359.5999999999997,202,8.89,3.3
20250826,6,1871.3999999999994,381,7.67,1.81
20250826,47,1631.8000000000004,259,9.23,2.85
20250826,48,938.2000000000006,174,8.62,2.25
20250826,25,642.2000000000005,112,8.82,2.58
20250826,9,38.0,5,4.5,4.19
20250826,7,639.4000000000004,130,6.74,1.81
20250827,48,875.8000000000001,175,8.96,1.95
20250826,40,80.4,12,9.33,3.48
20250826,15,399.79999999999995,75,8.04,2.24
20250826,18,251.59999999999994,35,9.44,3.87
20250826,39,471.00000000000006,88,9.74,2.18
20250827,2,1220.3999999999999,209,8.29,2.64
20250827,44,1417.6599999999994,207,9.84,3.38
20250827,12,152.00000000000003,27,11.67,2.51
20250827,5,1374.6000000000004,250,8.19,2.36
20250827,42,1097.0000000000005,225,8.13,1.81
20250827,25,844.4000000000002,146,10.0,2.62
20250827,11,1108.4000000000003,194,7.95,2.5
20250827,34,116.6,12,13.0,5.73
20250827,27,8.600000000000001,2,0.0,1.19
20250827,17,1126.8000000000004,214,9.2,2.15
20250827,47,1652.200000000001,271,9.25,2.69
20250827,7,661.6000000000001,132,8.56,1.88
20250827,6,2053.1999999999994,413,7.75,1.87
20250827,43,336.1999999999998,49,8.19,3.59
20250903,12,170.60000000000002,27,9.48,2.64
20250827,23,146.2,14,14.4,6.2
20250827,35,46.0,5,11.0,5.3
20250827,15,306.99999999999983,61,10.04,1.97
20250827,40,88.0,14,8.44,3.04
20250828,44,1401.6000000000001,232,9.15,2.88
20250827,22,151.79999999999998,26,11.25,2.68
20250827,9,153.4,6,24.17,17.17
20250827,39,525.2,97,8.38,2.27
20250915,1,140.0,1,93.0,61.5
20250828,11,1175.3999999999999,205,7.86,2.51
20250828,34,98.00000000000001,9,11.44,6.69
20250827,28,53.8,8,10.83,3.45
20250828,42,1189.9999999999989,241,7.7,1.85
20250828,48,1205.4000000000005,213,9.24,2.46
20250827,18,260.2,35,15.7,4.13
20250828,17,1143.1999999999994,229,8.45,1.93
20250828,25,854.0000000000002,152,9.02,2.48
20250828,2,1407.599999999999,223,10.39,3.0
20250828,6,2401.5999999999985,449,8.44,2.13
20250828,20,79.0,17,9.09,1.26
20250828,5,1358.6000000000001,252,11.59,2.3
20250828,7,658.5999999999999,135,8.3,1.78
20250828,15,466.99999999999994,90,7.39,2.09
20250828,18,300.6000000000001,42,10.73,3.82
20250903,13,13.6,1,16.0,8.78
20250828,43,429.4,57,11.84,4.15
20250828,16,57.39999999999999,7,17.57,4.76
20250828,39,569.0000000000001,113,7.04,1.95
20250828,12,141.99999999999997,25,9.47,2.5
20250828,0,210.00000000000003,16,13.14,8.24
20250828,22,171.39999999999998,27,14.32,3.05
20250828,23,181.6,16,16.85,7.06
20250829,15,490.6,84,9.09,2.2
20250829,47,2293.4000000000037,370,9.68,2.38
20250828,28,85.4,11,10.22,4.26
20250829,42,1370.3999999999992,250,7.71,1.96
20250828,40,63.8,13,9.18,1.91
20250829,6,3043.7999999999993,547,8.13,1.96
20250829,23,152.4,14,30.73,6.27
20250829,43,452.0,54,12.24,4.35
20250828,3,152.60000000000002,22,5.32,3.55
20250829,11,1270.4000000000012,211,8.9,2.34
20250828,14,92.0,2,29.5,31.69
20250829,25,1054.8,177,10.08,2.49
20250829,5,1570.6000000000001,275,8.91,2.21
20250829,2,1534.2000000000003,244,11.23,2.63
20250829,44,1748.6000000000004,266,8.54,2.96
20250829,17,1421.9999999999995,268,10.53,1.85
20250829,22,535.3999999999999,52,23.25,5.16
20250830,20,174.6,27,9.05,2.19
20250829,3,65.2,9,9.0,3.53
20250829,39,692.8000000000003,126,8.52,1.97
20250829,7,880.9999999999997,165,7.9,1.85
20250830,25,1200.9999999999993,194,9.24,2.34
20250829,18,400.2,50,10.86,4.01
20250829,12,304.40000000000003,46,9.54,2.92
20250830,18,605.1999999999999,71,12.23,4.21
20250829,40,101.40000000000002,16,20.82,2.57
20250829,16,123.2,17,12.77,3.44
20250829,20,98.99999999999999,22,7.41,1.04
20250829,28,21.6,3,24.33,3.54
20250902,47,1666.2000000000014,268,9.24,2.46
20250830,2,1514.1999999999998,237,9.72,2.51
20250830,47,2957.4000000000033,412,8.93,2.9
20250830,5,1856.0000000000014,304,7.6,2.29
20250829,34,161.6,15,10.33,6.09
20250830,6,3178.1999999999994,528,8.29,2.07
20250830,44,2304.7999999999993,328,8.59,2.98
20250830,11,1548.4000000000005,249,7.83,2.28
20250830,48,1845.8000000000002,294,8.59,2.34
20250830,17,1612.1999999999998,276,8.3,2.0
20250830,16,116.60000000000002,17,9.75,2.51
20250830,39,686.2,118,8.54,1.93
20250830,42,1634.8000000000015,295,6.83,1.76
20250830,15,509.0000000000001,88,8.17,2.0
20250831,20,37.800000000000004,8,5.33,0.44
20250830,7,694.3999999999995,135,5.2,1.5
20250830,12,371.4,57,9.53,2.66
20250830,43,599.8,55,13.57,6.07
20250830,22,376.00000000000006,50,9.25,3.26
20250831,6,2645.4,385,8.2,2.64
20250830,3,171.6,20,8.71,4.0
20250830,23,127.39999999999999,10,23.0,7.05
20250830,35,28.4,3,13.0,4.58
20250831,40,255.0,36,11.44,2.82
20250905,48,1494.7999999999995,237,9.96,2.27
20250830,40,346.2,47,7.89,2.9
20250831,47,1856.9999999999998,280,7.84,2.57
20250830,9,65.6,8,19.29,3.97
20250830,27,19.0,3,7.0,2.71
20250831,42,883.9999999999994,160,5.91,1.8
20250831,12,306.3999999999999,43,7.82,3.02
20250902,48,1231.7999999999995,207,9.28,2.35
20250831,25,774.8,116,9.79,2.76
20250830,34,293.40000000000003,18,26.21,9.15
20250830,28,58.6,8,6.29,3.03
20250831,15,425.8,71,5.98,2.15
20250831,2,1190.4000000000008,168,8.4,2.96
20250831,39,637.8000000000002,107,7.0,2.07
20250831,5,1209.6,195,8.39,2.36
20250831,48,1473.999999999999,224,6.75,2.48
20250831,3,266.59999999999997,27,8.76,5.03
20250831,7,765.0000000000003,132,6.32,1.94
20250831,11,1016.0000000000007,164,9.54,2.24
20250831,34,170.00000000000003,20,9.14,4.04
20250831,43,301.3999999999999,35,13.0,4.23
20250831,22,329.9999999999999,40,10.26,3.73
20250831,17,1030.7999999999997,174,8.06,2.08
20250831,18,267.40000000000003,33,9.1,3.74
20250831,16,124.60000000000001,17,7.0,3.14
20250901,48,1011.0000000000002,175,7.79,2.46
20250901,44,1283.5999999999995,201,8.39,3.0
20250901,11,959.1999999999997,173,9.26,2.31
20250831,35,43.0,5,13.0,4.36
20250901,43,309.79999999999995,40,14.51,4.24
20250901,2,1255.5999999999997,204,9.24,2.83
20250901,47,1952.8000000000009,279,8.47,3.33
20250901,5,1221.6000000000004,223,7.32,2.32
20250901,34,154.80000000000004,15,13.23,5.87
20250901,6,2587.4,398,7.65,2.04
20250901,7,573.6,118,7.65,1.66
20250901,17,1061.8,206,8.46,1.97
20250901,39,621.0000000000005,116,8.95,2.17
20250901,15,361.3999999999999,67,6.71,2.1
20250902,7,618.5999999999997,125,6.51,1.58
20250901,25,707.9999999999999,121,7.94,2.6
20250902,20,158.59999999999997,30,7.62,1.55
20250901,0,571.9999999999999,34,18.88,10.64
20250901,12,285.20000000000005,31,10.0,5.06
20250904,25,737.4000000000002,122,13.49,2.4
20250901,20,86.2,19,18.36,0.96
20250901,40,62.199999999999996,10,6.4,2.88
20250901,18,203.20000000000002,23,8.37,4.53
20250902,43,466.19999999999993,48,16.72,5.22
20250901,23,149.40000000000003,14,13.58,6.61
20250901,22,177.79999999999998,24,10.76,3.85
20250902,44,1344.5999999999997,196,11.37,3.09
20250902,0,162.8,11,17.6,8.39
20250902,17,1134.1999999999996,205,8.69,2.05
20250902,42,1063.6000000000001,204,7.61,1.8
20250902,2,1653.1999999999998,259,9.93,2.71
20250902,22,130.79999999999998,20,11.94,2.96
20250902,18,289.0,34,12.48,4.26
20250902,12,99.0,15,8.23,3.02
20250902,11,971.2000000000002,166,8.18,2.27
20250902,6,2389.0000000000005,422,8.32,2.06
20250902,5,1322.9999999999995,218,10.67,2.48
20250902,15,360.40000000000003,68,7.12,1.88
20250902,39,590.3999999999995,104,9.19,2.15
20250902,25,827.8000000000004,142,8.76,2.29
20250909,7,650.5999999999997,120,9.79,1.94
20250902,34,76.80000000000001,6,16.5,7.0
20250903,2,1485.6,222,10.87,2.82
20250902,3,95.8,12,7.36,3.83
20250902,40,51.2,8,9.25,2.56
20250902,28,13.6,2,20.0,3.02
20250903,48,1260.2000000000007,210,9.58,2.3
20250903,20,116.39999999999999,26,6.67,0.88
20250903,42,1065.4,203,8.41,1.76
20250903,6,2207.8,399,8.7,1.93
20250903,44,1417.9999999999993,209,10.14,2.93
20250903,18,245.99999999999994,28,13.23,4.39
20250903,11,1034.5999999999997,173,8.21,2.29
20250903,17,1494.3999999999996,261,9.7,2.12
20250903,5,1466.400000000001,232,9.77,2.59
20250903,25,790.1999999999999,132,9.0,2.33
20250903,7,787.5999999999996,147,8.4,1.81
20250903,39,649.7999999999997,118,9.17,1.94
20250903,47,1548.4000000000003,277,9.25,1.98
20250903,43,511.20000000000016,61,12.96,4.19
20250903,3,143.80000000000004,16,9.19,4.34
20250903,1,90.0,1,,59.61
20250903,23,250.79999999999995,20,17.33,7.03
20250904,20,111.80000000000003,22,6.25,1.17
20250903,16,88.19999999999997,13,9.5,2.99
20250904,19,3.2,1,,0.0
20250903,22,172.80000000000004,25,9.3,2.99
20250903,15,411.59999999999997,76,7.68,1.9
20250903,28,19.2,2,0.0,5.08
20250903,40,57.0,8,10.63,3.15
20250903,9,31.8,3,5.0,5.7
20250903,0,264.2,17,22.85,9.02
20250912,47,2393.0000000000005,346,8.65,2.54
20250904,40,97.8,15,9.69,2.71
20250904,11,1073.9999999999995,184,9.01,2.22
20250904,17,1080.8000000000004,190,8.34,2.11
20250904,5,1309.8,217,10.11,2.38
20250904,44,1506.6000000000006,220,10.25,2.98
20250903,45,72.0,5,20.33,8.19
20250904,15,452.19999999999993,76,7.43,2.25
20250904,6,2723.9999999999977,451,8.46,2.3
20250904,47,1740.6000000000001,280,8.62,2.43
20250906,48,1759.8000000000006,256,8.37,2.41
20250904,23,176.2,15,17.0,6.37
20250904,48,1208.999999999999,206,9.19,2.22
20250904,42,1126.4,208,8.62,1.9
20250904,7,589.9999999999999,119,6.46,1.54
20250904,18,370.19999999999993,40,10.28,4.7
20250904,39,575.8000000000001,100,8.3,2.13
20250904,3,138.79999999999998,17,10.88,3.91
20250905,20,111.60000000000002,23,7.43,0.96
20250904,43,473.0,55,12.92,4.31
20250904,22,307.6,36,12.68,4.12
20250904,31,18.799999999999997,2,6.0,5.02
20250907,5,1432.0000000000002,210,8.98,2.45
20250904,12,214.40000000000003,31,7.96,3.03
20250906,5,2148.599999999999,309,7.61,2.53
20250911,46,69.0,3,17.0,13.82
20250904,9,63.199999999999996,6,14.0,5.63
20250905,44,1815.7999999999993,242,11.07,3.12
20250905,42,1544.399999999999,258,8.39,2.04
20250905,5,1977.6000000000008,314,10.56,2.31
20250904,0,105.2,6,15.67,9.94
20250904,16,74.8,10,10.2,3.44
20250905,2,1732.1999999999994,239,10.8,2.87
20250905,25,1124.8,180,9.41,2.31
20250909,11,959.8000000000001,157,8.12,2.35
20250905,17,1461.4000000000003,242,9.29,2.1
20250905,18,388.79999999999995,43,10.43,4.31
20250905,6,2912.0000000000027,457,10.2,2.22
20250907,15,391.7999999999999,64,5.76,2.05
20250905,47,2350.0000000000023,348,10.03,2.48
20250905,43,429.0000000000001,48,14.7,5.67
20250905,11,1281.8000000000002,200,8.88,2.35
20250905,7,773.5999999999999,138,7.24,1.71
20250905,16,115.99999999999999,16,8.44,2.79
20250905,39,720.6000000000004,121,8.27,2.01
20250905,12,322.59999999999997,33,8.23,4.69
20250905,9,23.0,2,0.0,5.65
20250912,44,1989.599999999999,273,9.45,3.03
20250905,15,596.2,100,8.27,2.0
20250905,23,308.0,20,16.27,8.2
20250906,35,31.2,4,10.75,3.4
20250905,34,136.4,10,14.56,7.27
20250905,0,784.4,35,22.71,11.52
20250905,40,109.80000000000004,18,9.15,2.14
20250905,22,310.2,36,15.57,3.92
20250906,25,1296.6,186,9.23,2.62
20250905,28,94.8,10,9.11,4.62
20250906,27,8.6,1,13.0,3.94
20250905,3,213.00000000000003,21,9.33,4.62
20250906,15,458.4000000000001,68,8.23,2.46
20250906,42,1513.0000000000018,261,6.42,1.71
20250906,17,1483.6000000000004,245,8.53,1.89
20250906,23,266.79999999999995,20,11.06,6.71
20250906,47,2446.5999999999985,328,9.58,2.73
20250906,44,2103.199999999999,283,8.68,2.94
20250906,6,3043.199999999999,485,7.74,1.99
20250906,11,1629.6000000000006,240,8.07,2.34
20250906,2,1389.0000000000002,189,9.94,2.85
20250906,7,859.6,154,6.58,1.67
20250906,39,714.6000000000001,117,8.82,1.99
20250906,12,340.20000000000005,44,9.86,2.91
20250906,9,41.8,4,7.33,4.95
20250906,43,391.5999999999998,41,10.89,4.47
20250906,22,355.6000000000001,46,8.97,3.14
20250906,0,38.0,3,12.33,6.12
20250907,2,1098.3999999999994,145,9.67,2.92
20250907,11,1299.8000000000009,191,8.04,2.35
20250906,20,139.79999999999998,24,9.48,1.73
20250906,34,368.79999999999995,21,12.95,8.92
20250906,18,423.2,45,13.87,4.06
20250906,16,194.59999999999997,23,7.5,3.3
20250907,22,325.6,36,12.35,3.85
20250907,47,2086.6000000000004,251,9.16,3.31
20250906,3,196.8,19,11.79,4.51
20250907,20,79.60000000000001,14,9.57,1.15
20250906,29,89.2,2,40.0,24.61
20250906,40,109.4,16,7.83,2.48
20250907,48,1610.8000000000002,202,8.71,3.08
20250906,28,147.79999999999998,12,12.18,5.63
20250907,42,1086.9999999999998,180,7.74,1.89
20250907,25,932.6000000000003,143,6.72,2.25
20250907,23,170.20000000000005,13,12.54,6.32
20250907,17,1247.0000000000002,190,8.06,2.23
20250907,6,2556.399999999999,367,7.66,2.42
20250907,12,176.2,22,7.59,3.13
20250907,7,693.4,126,5.95,1.51
20250907,39,575.1999999999999,91,8.58,2.03
20250907,44,1635.9999999999995,219,8.6,2.9
20250907,16,112.79999999999998,15,4.75,2.75
20250907,43,393.59999999999997,42,10.3,4.32
20250913,2,1403.6000000000004,209,9.11,2.47
20250907,40,75.2,10,6.25,3.03
20250908,48,1167.8000000000002,198,8.61,2.14
20250907,0,266.20000000000005,12,21.27,12.2
20250908,15,449.20000000000005,72,10.65,2.49
20250908,11,1079.5999999999995,178,9.8,2.36
20250908,44,1353.6,189,9.1,3.1
20250907,18,360.2,37,9.77,4.27
20250908,42,994.5999999999998,181,9.22,1.86
20250908,30,8.0,1,4.0,4.01
20250908,5,1414.000000000001,225,10.97,2.5
20250908,2,1486.9999999999989,222,9.51,2.82
20250908,7,598.4000000000001,112,9.01,1.82
20250908,25,1076.2000000000003,145,10.23,3.27
20250908,17,1013.3999999999993,177,12.44,2.08
20250908,12,193.59999999999997,25,8.48,3.52
20250908,47,1517.2000000000005,243,8.07,2.38
20250909,2,1155.0,185,8.58,2.53
20250908,6,2229.6000000000013,398,7.24,1.89
20250908,18,177.6,22,13.05,3.83
20250908,43,417.79999999999995,50,11.76,4.15
20250908,16,70.6,9,4.2,3.34
20250908,40,93.99999999999999,13,6.9,2.98
20250909,12,122.00000000000001,19,17.17,2.72
20250908,22,192.59999999999997,25,15.85,3.63
20250908,39,647.2000000000002,109,7.8,2.21
20250909,20,128.0,25,8.35,1.39
20250909,44,1379.1999999999996,197,10.41,3.09
20250908,0,627.5999999999999,29,25.37,12.96
20250908,23,135.4,11,11.63,6.64
20250909,15,408.6000000000002,68,7.12,2.34
20250909,6,2378.2,414,8.98,2.09
20250909,42,1116.4000000000003,198,8.04,2.06
20250909,43,516.0000000000001,62,14.58,4.13
20250909,5,1378.8000000000006,231,12.53,2.34
20250909,39,528.3999999999999,95,7.0,2.03
20250909,47,1588.6000000000006,249,7.98,2.56
20250909,9,79.8,7,11.29,5.49
20250909,48,1148.6000000000001,192,8.44,2.29
20250909,17,982.7999999999995,178,6.97,2.0
20250909,22,137.2,20,7.36,2.98
20250909,25,965.8000000000001,127,11.87,3.47
20250909,18,313.6,39,9.58,3.86
20250909,34,376.59999999999997,10,66.22,24.05
20250909,0,271.79999999999995,13,27.17,12.19
20250916,42,1287.6000000000004,247,7.18,1.7
20250909,23,107.39999999999999,10,9.6,5.79
20250910,43,384.8,47,14.65,3.96
20250910,44,1657.8000000000002,230,9.64,3.17
20250910,12,171.59999999999997,29,8.42,2.28
20250912,40,129.6,21,6.73,1.93
20250909,3,103.6,12,2.17,4.1
20250910,22,207.4,28,14.74,3.41
20250910,42,1248.4000000000003,235,7.68,1.83
20250910,15,516.8,85,7.74,2.43
20250909,40,46.6,7,10.86,2.78
20250910,23,231.80000000000004,19,13.13,6.74
20250910,25,1000.9999999999998,162,9.29,2.46
20250910,5,1602.3999999999999,263,8.41,2.41
20250910,17,1142.9999999999998,214,7.77,1.86
20250910,2,1320.1999999999998,205,9.49,2.69
20250910,11,904.3999999999995,159,8.06,2.08
20250910,7,684.1999999999999,141,8.2,1.51
20250910,39,526.5999999999998,97,7.43,1.91
20250910,47,1743.7999999999997,283,8.31,2.39
20250910,6,2020.1999999999998,379,7.92,1.8
20250910,48,1158.8,208,9.32,2.0
20250911,20,154.4,31,6.0,1.34
20250911,48,1302.9999999999998,222,9.04,2.21
20250910,16,54.8,8,8.0,3.02
20250910,40,56.199999999999996,7,12.33,3.73
20250910,20,119.20000000000003,24,8.63,1.24
20250910,18,183.60000000000002,24,11.96,3.62
20250910,0,294.4,16,39.5,10.74
20250910,3,100.8,12,6.08,3.96
20250910,34,135.8,11,18.22,6.83
20250911,5,1533.8000000000002,262,11.02,2.26
20250911,44,1605.8,233,9.62,3.0
20250911,42,1198.0,234,6.74,1.68
20250911,43,313.79999999999995,41,9.67,3.64
20250911,6,2393.399999999999,433,8.35,1.94
20250911,15,549.4000000000002,79,12.22,3.02
20250911,25,1025.2000000000005,150,8.42,2.9
20250911,34,156.8,13,8.7,6.55
20250911,17,1106.2000000000003,201,7.8,1.96
20250911,3,173.79999999999998,19,8.93,4.52
20250911,39,552.5999999999999,99,13.04,2.04
20250911,22,405.2000000000001,29,14.0,7.52
20250911,2,1501.0,217,8.99,2.95
20250911,11,1241.400000000001,201,10.98,2.42
20250911,45,94.4,7,13.67,7.71
20250911,7,646.8000000000001,133,6.18,1.48
20250912,42,1844.0000000000002,244,8.09,2.98
20250912,7,767.4000000000003,148,8.11,1.51
20250912,48,1542.0,229,9.71,2.56
20250918,47,1884.1999999999991,302,8.64,2.41
20250911,47,1770.6000000000008,310,8.23,2.05
20250920,47,2657.7999999999975,380,7.74,2.45
20250911,18,213.40000000000003,27,9.96,3.78
20250911,28,42.4,5,8.8,4.35
20250911,41,55.800000000000004,3,26.0,10.93
20250911,23,167.79999999999998,14,16.69,6.55
20250911,40,85.0,14,5.25,2.37
20250912,17,1581.7999999999995,269,8.46,2.02
20250912,28,75.4,8,9.5,4.4
20250912,6,2967.5999999999963,498,8.38,1.93
20250912,43,401.59999999999997,41,18.97,4.81
20250912,5,1841.2000000000003,299,9.23,2.21
20250912,25,1116.1999999999996,163,9.77,2.67
20250912,39,845.4,132,9.76,2.26
20250912,12,216.6,30,9.41,2.98
20250912,18,401.6,46,8.1,3.89
20250912,16,70.0,8,13.0,4.05
20250912,15,587.9999999999998,93,7.37,2.3
20250912,22,380.2,47,13.8,3.51
20250912,2,1574.800000000001,229,9.89,2.72
20250912,11,1377.9999999999989,215,8.54,2.22
20250912,3,185.2,19,6.11,4.49
20250913,0,223.19999999999993,16,25.27,7.28
20250913,20,110.79999999999998,19,7.79,1.45
20250912,20,121.79999999999998,23,7.27,1.18
20250924,0,509.59999999999997,26,20.18,10.36
20250918,48,1170.6,183,10.39,2.57
20250927,47,2866.3999999999983,366,8.65,2.99
20250912,0,508.6000000000001,30,45.74,9.05
20250912,34,201.00000000000003,16,9.46,6.2
20250913,17,1836.9999999999995,297,8.86,2.04
20250913,15,449.20000000000005,67,7.23,2.4
20250913,47,2646.5999999999985,353,8.09,2.79
20250913,6,3153.6000000000004,500,8.27,2.0
20250913,44,2277.7300000000014,306,9.82,3.32
20250913,48,1665.6000000000008,251,8.73,2.24
20250913,11,1504.4,231,7.53,2.17
20250913,5,2038.399999999999,314,10.06,2.26
20250913,18,579.6000000000001,60,10.94,4.18
20250913,25,1146.8000000000004,172,7.85,2.43
20250913,39,885.0000000000005,145,8.37,1.9
20250913,7,759.8000000000002,134,8.21,1.71
20250913,22,273.8,27,11.41,4.65
20250913,42,1778.2000000000005,279,8.85,2.05
20250913,12,335.8000000000001,44,7.2,3.0
20250913,28,90.2,10,12.88,3.97
20250913,23,214.20000000000005,17,14.75,6.18
20250919,48,1821.5999999999995,228,10.52,3.06
20250914,3,354.5999999999999,32,7.58,4.84
20250914,17,1259.6000000000006,197,7.42,2.2
20250913,16,161.20000000000002,21,8.29,2.75
20250915,48,1190.2000000000005,182,9.41,2.57
20250913,3,126.2,15,6.29,3.39
20250913,43,436.4,44,10.55,4.5
20250914,25,781.8,113,6.87,2.5
20250913,34,227.99999999999997,20,16.69,5.32
20250913,40,304.9999999999999,44,8.32,2.1
20250914,5,1339.9999999999998,195,7.91,2.43
20250914,6,2933.3999999999983,385,7.04,2.67
20250914,11,1190.2000000000005,178,8.52,2.28
20250914,48,1124.7999999999997,164,7.69,2.47
20250914,44,1582.400000000001,220,11.01,2.68
20250914,16,132.20000000000002,15,16.2,3.32
20250914,39,573.2000000000002,91,6.14,2.01
20250914,22,279.0000000000001,35,8.61,3.24
20250914,42,1409.0000000000005,232,5.43,1.88
20250914,34,230.6,23,6.31,4.39
20250914,7,526.3999999999999,86,5.27,1.99
20250914,47,1947.7999999999997,243,8.47,3.08
20250914,2,1320.4000000000005,184,7.29,2.74
20250914,18,381.6000000000001,35,13.54,4.97
20250914,15,350.3999999999999,58,7.38,1.82
20250914,43,418.59999999999997,41,10.19,4.64
20250914,12,280.2,36,8.74,3.02
20250914,20,80.80000000000001,12,9.17,1.5
20250915,7,591.6000000000001,116,6.79,1.61
20251001,18,308.2,34,9.7,4.61
20250915,42,1522.5999999999997,261,6.22,2.01
20250914,27,27.0,3,12.0,3.63
20250915,43,319.39999999999986,40,14.33,3.91
20250914,0,437.6000000000001,25,26.0,9.23
20250915,11,851.1999999999999,146,8.32,2.19
20250915,44,1288.3999999999992,181,8.18,3.09
20250915,17,1038.3999999999999,189,7.25,1.96
20250915,5,1417.6000000000015,227,9.82,2.45
20250915,25,841.6000000000001,136,7.41,2.43
20250915,39,534.5999999999999,95,8.24,2.0
20250914,23,74.8,7,11.0,4.82
20250915,47,1463.6000000000013,251,7.14,2.03
20250917,40,63.6,10,6.67,2.58
20250915,6,2235.0,403,9.05,1.86
20250915,34,121.19999999999999,11,6.56,5.79
20250915,2,1496.8000000000002,223,10.07,2.79
20250915,18,214.8,26,10.65,3.96
20250915,12,174.20000000000002,25,5.63,2.99
20250915,8,35.0,1,0.0,16.39
20250915,22,146.6,20,9.65,3.19
20250915,16,54.0,8,8.63,2.96
20250916,46,39.6,2,23.5,12.27
20250915,23,171.6,14,17.77,6.75
20250915,15,402.19999999999993,67,9.4,2.4
20250915,0,329.8,22,18.89,8.31
20250915,20,68.60000000000001,15,8.73,1.15
20251002,47,1955.8000000000006,342,7.3,2.05
20250915,28,33.4,4,7.0,4.29
20250916,2,1396.8,202,10.27,3.02
20250917,44,1208.3999999999996,184,10.27,2.76
20250916,48,1296.9999999999993,173,10.36,3.31
20250916,20,69.80000000000001,13,8.67,1.0
20250915,3,178.8,21,6.9,3.94
20250916,11,943.1999999999997,160,8.48,2.26
20250916,43,413.8,51,12.63,3.94
20250916,15,489.5999999999999,87,5.9,2.05
20250916,6,2236.2000000000007,412,9.31,1.85
20250916,25,834.5999999999998,132,8.9,2.59
20250916,7,583.2000000000002,113,6.25,1.71
20250916,47,1770.7999999999997,278,10.38,2.47
20250916,44,1392.1999999999991,201,10.8,3.06
20250916,39,490.60000000000025,94,7.45,1.73
20250916,5,1422.3999999999992,235,9.95,2.4
20250916,3,136.0,14,15.14,4.95
20250916,31,25.0,2,15.0,6.93
20250916,17,1163.6,217,8.19,1.88
20250916,21,50.0,1,42.0,26.15
20250916,40,53.199999999999996,7,16.8,3.35
20250916,22,162.80000000000004,23,9.32,3.2
20250917,17,1148.6000000000008,211,9.51,1.93
20250929,42,1611.4000000000003,296,6.72,2.04
20250916,13,58.00000000000001,3,27.67,10.66
20250916,28,43.99999999999999,6,8.83,3.48
20250916,0,225.6,12,20.5,10.99
20250921,0,427.7999999999999,22,18.87,9.56
20250916,18,241.4,26,14.09,4.71
20250917,5,1665.000000000001,256,8.93,2.68
20250923,47,1844.5999999999985,306,7.52,2.25
20250916,27,21.0,3,8.67,3.04
20250917,11,901.9999999999998,150,8.85,2.34
20250917,6,2017.0000000000005,361,9.35,1.98
20250917,42,1358.6000000000001,238,7.48,2.03
20250917,47,1634.5999999999988,278,8.67,2.18
20250917,2,1313.4000000000003,201,10.56,2.73
20250917,7,705.9999999999998,129,6.8,1.91
20250917,48,1130.6,184,8.66,2.37
20250917,15,456.3999999999999,73,7.01,2.5
20250917,39,545.0,93,7.65,2.14
20250917,25,920.7999999999996,149,8.08,2.51
20250922,44,1400.0,198,9.83,3.05
20250917,20,107.40000000000002,25,16.72,0.8
20250917,43,481.80000000000007,56,14.17,4.22
20250917,22,136.6,21,9.27,2.73
20250917,18,299.59999999999997,33,12.72,4.6
20250917,0,438.79999999999995,19,33.19,13.72
20250925,37,420.0,2,179.0,145.61
20250917,23,141.59999999999997,12,14.13,6.36
20250917,28,34.2,4,12.75,4.42
20250918,25,950.0,155,10.17,2.43
20250918,12,208.4,33,8.23,2.59
20250918,2,1487.8000000000002,210,9.1,3.12
20250917,35,39.2,5,16.8,3.76
20250918,44,1304.6000000000001,199,10.85,2.77
20250918,6,2236.5999999999995,406,9.27,1.92
20250917,12,141.39999999999998,24,7.91,2.33
20250918,11,1166.9300000000003,186,12.57,2.45
20250918,5,1648.3999999999996,274,10.51,2.35
20250918,7,620.6000000000001,128,5.61,1.49
20250918,9,87.39999999999999,6,9.83,8.24
20250918,42,1380.2000000000005,263,7.09,1.76
20250918,43,407.6000000000001,47,13.88,4.35
20250918,17,1393.2000000000005,249,8.18,2.06
20250918,40,81.19999999999999,13,7.8,2.48
20250918,15,646.7999999999998,77,8.73,3.98
20250918,14,63.4,1,0.0,9.54
20250918,39,594.1999999999998,100,11.63,2.29
20250919,20,158.79999999999998,29,4.5,1.47
20250918,18,269.6,35,15.36,3.59
20250918,28,47.2,6,4.0,3.85
20250918,23,185.60000000000002,17,13.31,5.75
20250918,22,262.79999999999995,38,10.0,3.05
20250925,47,2118.3999999999996,337,7.88,2.44
20250918,45,69.8,5,2.75,8.05
20250918,31,10.6,1,0.0,5.85
20250918,20,95.40000000000003,18,8.18,1.35
20250919,0,678.0,40,19.74,9.03
20251011,6,3041.799999999999,464,8.95,2.13
20250918,16,22.0,3,15.5,3.41
20250919,44,2066.7999999999997,262,11.01,3.35
20250918,3,139.8,16,3.93,4.22
20250918,0,168.4,10,17.78,9.43
20250919,43,525.2,48,13.95,5.52
20250919,17,1494.0,257,8.84,2.0
20250919,42,1299.0,229,8.28,1.88
20250919,15,906.7999999999998,105,11.72,3.8
20250919,23,137.4,12,26.9,5.74
20250919,6,2871.2000000000003,495,8.95,1.83
20250919,11,1341.0000000000005,209,8.94,2.26
20250919,12,251.19999999999996,36,10.38,2.8
20250919,18,404.4000000000001,44,10.28,4.21
20250919,25,1155.8000000000006,175,11.31,2.56
20250919,5,1780.4000000000012,280,8.57,2.37
20250919,2,1688.7800000000013,222,9.84,3.0
20250919,39,826.4,123,11.42,2.52
20250919,34,115.8,10,12.33,5.58
20250919,7,817.1999999999998,142,7.24,1.88
20250919,47,2346.800000000002,346,9.01,2.47
20250919,9,52.2,4,39.5,6.4
20250919,22,389.19999999999993,49,10.3,3.31
20250923,5,1422.4000000000008,237,9.12,2.36
20250920,48,1772.4000000000008,265,7.47,2.26
20250919,28,59.2,5,10.0,6.14
20251001,47,1859.8000000000009,283,9.43,2.62
20251002,0,146139.8,9,24.0,8.88
20250925,48,1458.0000000000011,223,10.09,2.68
20250921,29,60.0,1,38.0,30.46
20250921,17,1337.6000000000004,215,8.08,2.01
20250919,27,5.8,1,0.0,2.01
20250920,20,135.99999999999997,24,11.57,1.19
20250919,40,192.0,29,11.27,2.44
20250920,5,2037.999999999999,311,8.54,2.28
20250920,39,827.8000000000002,121,8.31,2.39
20250920,25,1458.6000000000001,195,10.2,2.9
20250920,17,1712.4000000000005,281,7.09,1.95
20250920,43,534.1999999999999,57,11.49,4.3
20250920,12,344.80000000000007,41,7.83,3.29
20250920,44,2160.199999999999,263,8.85,3.43
20250920,22,517.4000000000001,58,11.71,3.78
20250921,47,1897.2000000000005,270,6.52,2.49
20250920,6,3313.8000000000025,536,9.48,1.94
20250920,18,420.1999999999998,47,8.69,3.9
20250920,42,1500.2000000000012,262,5.86,1.65
20250920,23,207.80000000000004,16,13.09,6.24
20250920,16,250.79999999999993,26,11.38,3.94
20250920,11,1557.7999999999997,230,7.56,2.31
20250921,6,2276.499999999998,349,6.46,2.14
20250920,15,515.8,80,7.69,2.21
20250920,2,1431.6000000000001,210,9.38,2.5
20250920,7,782.8,142,6.39,1.56
20250921,9,38.0,3,8.33,6.65
20250921,48,1676.2000000000012,211,8.66,3.08
20250920,35,103.59999999999998,10,30.57,4.78
20250920,24,38.8,2,23.5,10.86
20250920,0,142.39999999999998,8,23.75,9.88
20250920,28,201.40000000000003,22,17.76,4.05
20250921,11,1104.3999999999999,162,5.94,2.3
20250921,2,1179.2,163,7.11,2.74
20250921,20,53.800000000000004,10,4.86,0.91
20250921,43,415.79999999999995,38,8.91,5.21
20250921,44,1339.8000000000002,186,7.57,2.7
20250921,5,1307.400000000001,206,5.81,2.16
20250920,3,192.20000000000002,20,6.94,4.17
20250921,42,1035.4,174,7.5,1.84
20250921,25,820.9999999999995,121,6.45,2.43
20250921,22,308.6,35,8.97,3.56
20250921,16,107.60000000000001,15,6.15,2.43
20250921,39,618.2000000000002,99,7.64,2.02
20250921,18,450.00000000000006,48,11.68,4.03
20250921,7,634.8000000000002,111,7.24,1.72
20250921,15,397.1999999999999,59,7.22,2.4
20250921,27,21.6,4,1.0,1.5
20250921,34,197.19999999999996,17,10.38,5.29
20250921,35,78.0,8,10.33,4.5
20250921,40,108.80000000000001,14,9.63,2.82
20250921,3,164.8,17,8.35,4.28
20250921,12,188.2,29,7.18,2.28
20250922,34,164.20000000000002,11,12.73,8.2
20250922,47,1792.2,292,7.97,2.31
20250922,11,928.5999999999999,153,10.38,2.33
20250922,5,1491.1999999999996,241,9.8,2.42
20250922,42,1566.8000000000006,264,7.08,2.12
20250922,25,782.0000000000002,121,11.47,2.65
20250922,17,957.6000000000008,167,10.31,2.12
20250921,23,115.79999999999998,9,8.0,6.6
20250922,2,1354.5999999999992,192,12.08,3.08
20250921,28,102.6,10,18.13,4.51
20250922,6,2328.0,410,7.49,1.98
20250923,42,1347.8000000000018,259,6.34,1.65
20250922,43,507.5999999999999,50,15.45,5.37
20250922,22,347.79999999999995,44,8.82,3.48
20250923,20,117.60000000000002,24,18.67,1.02
20250922,7,731.2,135,8.01,1.84
20250922,3,166.6,18,10.41,4.55
20250922,48,1103.4000000000003,144,8.44,3.39
20250923,48,1022.8,166,8.62,2.42
20250923,7,662.5999999999999,127,6.71,1.71
20250922,20,157.39999999999995,25,13.11,2.2
20250922,16,64.2,9,8.22,3.33
20250922,15,464.4000000000002,75,8.54,2.54
20250922,30,44.400000000000006,2,22.5,13.31
20250924,1,96.4,1,84.0,62.85
20250922,0,493.40000000000015,28,21.93,9.68
20250922,39,583.6,103,7.45,2.0
20250923,44,1332.4,196,9.07,2.94
20250923,34,155.00000000000003,16,7.13,5.0
20250922,12,192.80000000000004,25,11.23,3.54
20250923,0,312.99999999999994,10,61.2,17.24
20250923,17,1060.6000000000004,189,7.92,2.06
20250922,18,308.40000000000003,34,8.74,4.46
20251005,0,314.2,11,39.8,16.73
20250923,19,5.2,1,,0.0
20250923,2,1215.8000000000004,189,10.18,2.65
20250923,43,437.39999999999986,51,13.0,4.28
20250923,39,586.5999999999998,108,7.04,1.89
20250923,11,1019.8000000000001,164,9.39,2.49
20250923,28,62.39999999999999,8,7.67,3.85
20250923,6,2261.4000000000005,410,8.86,1.92
20250923,15,368.3999999999999,62,10.57,2.32
20250923,3,114.6,12,6.2,4.68
20250923,22,189.0,26,10.76,3.1
20250923,12,196.6,28,8.36,3.17
20250927,12,480.2,63,8.02,2.84
20250923,25,727.8000000000001,121,9.22,2.38
20250924,46,82.4,4,24.75,12.53
20250924,2,1454.9999999999998,201,11.51,3.17
20250923,35,47.800000000000004,6,15.5,3.88
20250924,15,339.8000000000001,62,8.52,1.97
20250923,18,307.7999999999999,36,8.85,4.2
20250923,16,48.8,8,12.38,2.41
20250924,7,779.6,144,7.11,1.87
20250924,5,1410.4000000000003,242,8.46,2.22
20250924,23,181.0,16,23.92,6.2
20250924,48,1073.3999999999999,170,9.97,2.5
20250924,44,1427.7999999999995,206,9.43,3.02
20250924,11,1064.3999999999999,177,8.75,2.35
20250924,34,111.60000000000002,10,18.14,5.81
20250924,17,1114.8000000000006,197,8.33,2.09
20250924,6,2128.6000000000026,381,8.06,1.97
20250924,42,1762.3999999999992,329,8.18,1.76
20250924,18,291.79999999999995,35,9.87,4.07
20250924,47,1620.3999999999994,283,9.87,2.06
20250924,39,561.6,101,6.92,1.94
20250924,3,210.6,21,9.5,5.1
20250924,25,846.3999999999996,130,10.99,2.67
20250925,44,1479.5999999999997,208,10.91,3.19
20250924,22,226.20000000000002,30,12.11,3.51
20250924,12,189.00000000000003,30,11.88,2.62
20250924,28,62.0,6,18.0,5.27
20250924,43,859.0000000000001,61,14.38,7.68
20251001,26,115.0,1,99.0,73.25
20251002,1,95.0,1,84.0,58.03
20250925,22,226.00000000000003,32,13.67,3.17
20250929,2,1477.799999999999,220,10.2,2.83
20250924,16,93.99999999999999,15,9.62,2.53
20250925,40,68.4,11,17.2,2.4
20250927,11,1780.4000000000015,268,7.58,2.28
20250925,19,5.2,1,,0.0
20250925,25,809.0000000000001,129,8.4,2.55
20250925,5,1407.8,231,7.89,2.42
20250926,5,1920.6,306,8.79,2.31
20250925,11,1110.4000000000005,176,7.84,2.52
20250925,2,1548.199999999999,241,9.76,2.66
20250925,17,1279.3999999999999,227,9.43,2.05
20250925,15,491.0,86,11.54,2.11
20250925,6,2107.600000000001,386,8.25,1.86
20250925,7,681.8000000000002,133,7.03,1.68
20250925,43,581.0,59,10.04,5.13
20250925,18,299.6,36,10.13,4.08
20250925,42,1492.1299999999999,259,7.93,2.33
20250925,3,146.4,16,7.67,4.38
20250925,12,196.60000000000002,30,9.85,2.73
20250925,16,70.80000000000001,10,17.22,3.1
20250925,39,514.5999999999998,94,10.16,1.92
20251003,0,603.6,40,23.85,7.94
20250925,23,66.2,7,11.0,4.83
20251008,47,1950.9999999999995,284,10.06,2.84
20250925,20,107.40000000000002,21,9.5,1.22
20250925,34,107.80000000000001,10,13.7,5.8
20250926,17,1467.4000000000008,242,8.34,2.14
20250926,2,1795.799999999999,242,10.53,3.06
20250926,15,382.99999999999983,62,8.04,2.22
20250926,16,131.79999999999998,17,8.38,3.23
20250926,0,733.4000000000002,37,24.48,11.11
20250926,42,1445.0,257,6.73,1.78
20250926,11,1478.6000000000008,213,8.72,2.61
20250926,25,1217.8000000000006,180,9.01,2.65
20250926,44,2002.400000000001,282,9.56,2.87
20250926,6,3351.9999999999977,516,9.15,2.3
20250926,7,773.5999999999997,137,7.03,1.85
20250926,47,2425.8000000000015,363,8.26,2.37
20250926,48,1553.9999999999995,248,9.11,2.22
20250926,34,245.99999999999997,21,13.2,5.8
20250926,12,476.3999999999999,66,11.98,2.94
20250926,39,924.8,151,9.55,2.11
20250926,9,52.6,3,7.0,9.7
20250926,18,384.59999999999997,42,10.91,4.13
20250926,43,443.3999999999999,45,13.8,4.79
20250927,20,110.39999999999999,20,9.92,1.15
20250926,23,298.59999999999997,17,16.2,10.05
20250926,35,5.6,1,14.0,2.13
20250926,3,220.80000000000004,22,11.9,4.57
20250927,2,1391.799999999999,205,9.44,2.48
20250926,22,405.80000000000007,45,10.94,3.99
20250927,7,852.0000000000005,156,4.88,1.55
20250926,20,73.40000000000002,16,9.22,0.89
20250926,40,127.4,18,18.38,2.7
20250927,25,1228.9999999999998,187,8.97,2.32
20250927,18,502.80000000000007,52,8.87,4.31
20250927,17,1528.9999999999995,256,7.62,1.9
20250927,15,570.5999999999999,87,6.07,2.36
20250928,22,302.59999999999997,35,6.79,3.58
20250927,48,1558.4000000000008,237,8.72,2.27
20250927,6,3338.0000000000027,537,8.48,1.96
20250927,42,1465.2,249,6.8,1.76
20250927,39,875.4,134,7.84,2.22
20250927,43,458.80000000000007,47,8.77,4.36
20250927,3,283.80000000000007,27,8.95,4.53
20250927,5,1967.0000000000005,298,7.79,2.3
20250927,22,442.0,45,8.48,4.17
20250927,44,2187.0,296,8.34,2.85
20250928,44,1556.2,206,8.16,2.9
20250928,42,1085.1999999999998,177,7.1,1.88
20250927,34,208.59999999999997,18,7.42,5.33
20250928,20,82.39999999999999,15,8.83,0.75
20250927,40,159.0,25,7.67,2.19
20251004,22,341.6,40,5.38,3.55
20250927,28,162.6,17,6.36,4.08
20250928,48,1583.0000000000005,209,12.21,2.79
20250928,47,2051.9999999999986,297,7.83,2.41
20250928,30,81.8,4,11.0,5.07
20250928,5,1490.0,221,7.46,2.4
20250928,18,415.4000000000001,44,7.51,4.02
20250928,11,1068.0000000000002,160,6.83,2.25
20250928,43,561.8000000000001,53,10.81,4.94
20250927,23,118.19999999999999,8,15.86,7.68
20250928,17,1248.1999999999996,192,9.57,2.21
20250927,16,170.19999999999996,15,8.5,4.94
20250928,16,267.0,30,13.61,3.59
20250928,25,1031.7999999999995,138,7.68,2.93
20250928,6,2741.3999999999974,386,7.04,2.5
20250928,3,112.6,13,9.33,3.66
20250928,12,221.40000000000003,29,6.74,2.81
20250928,35,34.2,3,31.0,5.49
20250928,2,1354.800000000001,189,9.51,2.71
20250928,39,671.7999999999997,103,7.79,2.15
20250928,7,590.0000000000001,102,5.72,1.74
20251004,6,3216.3999999999987,481,7.97,2.25
20250928,15,266.79999999999995,41,6.27,2.18
20251005,11,1100.000000000001,160,6.94,2.37
20250929,6,3208.6000000000035,408,7.31,2.1
20250929,17,1156.5999999999997,200,11.52,2.12
20250929,25,874.3999999999999,147,9.62,2.26
20250929,44,1429.000000000001,209,9.87,2.91
20250928,0,361.20000000000005,21,30.25,8.92
20250930,47,1563.6000000000001,267,7.16,2.17
20250929,43,276.7999999999999,38,7.03,3.3
20250929,5,1427.6000000000001,231,8.48,2.41
20250929,48,984.7999999999996,161,7.72,2.33
20250929,18,205.4,25,12.64,3.86
20250929,47,1766.8000000000015,293,8.01,2.25
20250929,39,578.6,99,6.93,2.13
20250929,15,321.2000000000001,56,6.33,2.08
20250930,44,1502.4000000000015,213,9.07,3.13
20250929,12,116.8,18,8.38,2.72
20250929,7,1129.6000000000006,107,7.2,4.89
20251006,12,198.99999999999997,28,10.3,3.11
20250929,11,886.2,150,7.75,2.23
20250929,22,180.60000000000002,20,17.15,4.2
20251001,22,137.59999999999997,20,10.4,3.13
20250930,2,1435.4000000000003,224,9.1,2.64
20250929,0,735.3999999999999,39,26.81,10.82
20250930,11,1022.1999999999994,167,7.85,2.38
20250930,6,2421.2,440,9.43,1.93
20250929,20,186.79999999999995,32,11.2,1.94
20250929,28,45.4,6,6.0,3.48
20250930,48,1267.200000000001,185,9.19,2.92
20250929,23,82.60000000000001,7,19.4,6.54
20250929,3,172.20000000000002,17,11.18,4.68
20250930,17,1213.0,216,8.26,2.05
20251031,6,3136.399999999998,429,10.07,2.66
20250930,5,1460.1999999999998,244,7.77,2.3
20250930,42,1135.0,211,7.92,1.85
20250929,34,152.4,13,13.82,6.15
20250930,25,950.8,144,8.97,2.77
20250930,43,461.6,54,11.38,4.17
20250930,15,474.0000000000001,84,10.25,2.09
20250930,3,96.19999999999999,11,7.0,4.27
20250930,39,656.6000000000001,107,9.74,2.39
20251001,48,1275.5999999999995,188,9.91,2.86
20251001,11,957.6,150,9.19,2.56
20250930,7,586.3999999999999,116,7.2,1.64
20251001,17,1119.8000000000002,192,8.28,2.24
20250930,20,99.2,20,9.0,1.06
20250930,40,38.8,7,7.43,2.01
20251001,35,30.6,4,7.0,3.63
20250930,18,331.20000000000005,39,8.94,4.19
20250930,12,173.00000000000006,27,8.89,2.68
20250930,16,99.80000000000001,16,12.42,2.52
20250930,34,128.4,12,12.2,5.71
20251002,2,1557.3999999999994,238,10.97,2.7
20251001,25,894.5999999999999,142,9.01,2.58
20251001,12,213.20000000000002,31,9.7,3.01
20251002,23,150.6,13,17.0,6.28
20250930,23,74.4,6,17.0,6.94
20250930,0,253.2,14,29.0,10.34
20250930,45,47.6,3,15.33,9.23
20251001,42,1356.4000000000003,253,7.98,1.81
20251001,5,1442.0000000000007,237,7.9,2.41
20251001,2,1537.4,250,9.36,2.45
20251001,44,1514.7999999999995,218,9.2,3.04
20251001,15,522.8000000000001,88,8.26,2.25
20251001,6,2078.200000000002,378,8.43,1.89
20251001,39,579.8,107,8.4,1.88
20251001,16,146.39999999999998,19,12.67,3.54
20251001,3,114.8,13,7.08,4.31
20251001,7,584.3999999999999,113,7.55,1.71
20251001,40,66.80000000000001,12,4.11,1.97
20251002,44,1487.8000000000004,225,12.21,2.81
20251001,43,584.3999999999997,67,10.65,4.34
20251002,20,128.40000000000003,27,9.0,0.93
20251001,30,13.8,1,16.0,7.92
20251001,0,476.40000000000003,25,30.36,10.98
20251002,6,2640.0000000000027,469,8.35,1.98
20251001,20,110.40000000000002,17,14.44,1.89
20251001,23,71.6,7,11.5,5.46
20251002,25,887.4000000000001,147,8.63,2.39
20251002,48,1379.2,216,8.31,2.58
20251008,5,1387.6000000000001,236,8.87,2.26
20251001,45,10.0,1,0.0,5.43
20251002,17,1180.9999999999986,209,8.47,2.1
20251002,28,165.6,7,3.67,14.34
20251001,34,124.2,11,11.3,6.02
20251003,47,2240.7999999999984,316,10.2,2.87
20251002,42,1476.6000000000015,246,11.97,2.29
20251003,39,554.4,89,8.65,2.2
20251002,5,1486.3999999999996,257,9.04,2.19
20251002,43,423.40000000000003,48,13.61,4.4
20251002,9,43.400000000000006,4,12.0,5.84
20251002,22,205.0,24,13.95,4.12
20251002,39,802.3999999999999,120,7.94,2.76
20251009,47,1833.7999999999993,301,9.04,2.29
20251002,40,95.0,16,7.33,2.27
20251002,34,141.00000000000003,12,8.09,6.47
20251002,7,712.9999999999998,137,6.94,1.75
20251002,12,146.2,23,8.56,2.59
20251002,11,1073.0,176,8.15,2.38
20251002,35,39.0,4,11.75,5.16
20251002,15,593.3999999999999,76,10.03,3.49
20251007,2,1457.4000000000003,222,9.85,2.75
20251002,18,272.2,31,11.15,4.38
20251002,3,134.0,14,4.42,4.81
20251003,44,1511.2000000000005,216,9.97,2.9
20251008,0,238.2,11,40.2,12.83
20251012,0,229.39999999999998,12,25.42,10.02
20251003,48,1276.6000000000006,195,11.92,2.44
20251003,5,1423.0000000000002,225,9.56,2.38
20251002,16,82.0,12,20.55,2.97
20251003,43,473.7999999999999,57,12.15,3.88
20251003,15,370.5999999999999,58,8.11,2.35
20251003,6,2511.7999999999997,390,10.35,2.25
20251005,47,1886.9999999999982,258,7.38,2.59
20251003,17,1314.7999999999997,223,10.27,2.06
20251003,2,1387.7999999999995,210,10.13,2.56
20251003,42,1271.8500000000006,233,7.77,2.34
20251003,11,1231.0000000000005,181,11.97,2.58
20251003,25,845.3999999999999,136,11.16,2.32
20251003,12,282.2,38,9.36,3.06
20251003,7,719.4,134,7.76,1.66
20251003,16,123.00000000000001,16,9.78,3.25
20251006,2,1450.7999999999995,206,10.22,3.02
20251003,22,174.6,20,9.89,3.9
20251003,18,274.20000000000005,30,8.53,4.38
20251003,20,77.99999999999999,15,6.54,1.47
20251004,2,1595.8000000000009,227,9.19,2.63
20251003,35,12.0,1,18.0,6.68
20251004,47,2471.0000000000014,335,8.07,2.78
20251003,40,98.2,12,14.75,3.54
20251004,48,1779.1999999999991,260,9.44,2.36
20251005,44,1363.7999999999997,180,7.46,2.94
20251004,18,448.0,49,25.22,3.89
20251003,3,120.8,11,6.09,5.35
20251004,44,2292.400000000001,311,7.83,2.8
20251004,39,857.4000000000003,128,6.55,2.3
20251004,11,1434.6000000000008,206,7.62,2.41
20251004,42,1430.1999999999991,255,5.95,1.58
20251004,7,886.4000000000002,146,6.39,1.87
20251004,5,2135.199999999999,318,9.22,2.41
20251004,34,246.0,20,13.71,5.97
20251004,3,201.4,17,8.0,5.59
20251004,15,585.4000000000001,86,7.18,2.44
20251004,12,317.40000000000003,46,9.38,2.61
20251004,25,1090.2,165,7.52,2.4
20251004,17,1489.4000000000005,248,7.3,1.92
20251004,43,370.99999999999994,41,17.09,4.16
20251004,35,12.6,1,12.0,6.68
20251004,0,397.4,14,32.38,15.47
20251004,40,309.59999999999997,31,12.74,4.18
20251004,38,80.2,2,40.0,72.68
20251005,7,605.6000000000001,105,11.01,1.77
20251005,48,1488.0,222,6.33,2.34
20251004,13,39.6,2,16.5,8.94
20251004,20,113.6,21,7.42,1.02
20251004,23,171.20000000000002,13,11.42,6.54
20251004,36,35.8,2,51.0,9.99
20251005,43,698.4000000000002,45,18.75,6.95
20251005,25,810.7999999999996,118,9.09,2.5
20251005,6,2318.800000000001,351,8.59,2.13
20251005,3,217.79999999999998,22,5.74,4.14
20251005,42,1294.599999999999,205,9.86,2.04
20251005,5,1284.8,199,5.87,2.17
20251005,18,380.3999999999999,40,7.03,4.17
20251005,2,1118.9999999999998,148,7.78,2.97
20251005,15,402.99999999999994,60,8.63,2.43
20251005,22,225.60000000000005,24,12.71,3.95
20251005,17,1131.2000000000003,183,6.15,2.0
20251005,35,160.79999999999998,17,10.88,4.45
20251005,23,200.60000000000002,15,8.33,6.82
20251005,28,86.80000000000001,8,4.83,5.24
20251005,12,228.60000000000002,32,8.68,2.71
20251005,39,677.0,100,6.92,2.25
20251006,42,1357.8000000000004,246,8.6,1.85
20251005,16,135.2,17,5.22,3.13
20251006,34,193.40000000000003,15,11.85,6.71
20251006,17,1312.2000000000005,224,9.24,2.18
20251006,39,600.1999999999998,109,8.41,1.88
20251005,40,58.8,8,5.0,2.89
20251007,43,454.6000000000001,55,14.57,4.06
20251006,11,1053.6000000000001,157,7.21,2.69
20251006,6,2501.6,448,8.82,1.9
20251006,7,584.2,111,7.53,1.72
20251006,44,1387.2000000000005,192,12.23,3.15
20251006,3,192.20000000000002,18,7.67,5.04
20251006,48,1300.8000000000004,199,10.32,2.59
20251006,25,853.8000000000003,142,8.6,2.33
20251006,18,236.80000000000004,29,7.57,3.8
20251006,5,1323.7999999999995,216,9.55,2.41
20251006,47,2625.6,273,8.02,4.67
20251007,20,139.39999999999998,29,15.7,1.1
20251006,16,114.4,16,8.86,3.15
20251008,20,75.2,16,9.78,0.97
20251013,17,1102.0,205,9.64,1.89
20251007,46,61.2,3,8.67,11.98
20251007,48,1252.6000000000001,191,9.25,2.67
20251006,15,461.4,71,8.63,2.63
20251006,43,485.6,56,16.8,4.24
20251006,22,171.20000000000005,23,10.27,3.18
20251006,33,50.0,2,30.5,15.09
20251006,0,511.20000000000005,31,25.1,9.55
20251007,44,1424.8,209,10.07,2.97
20251006,40,67.8,7,8.67,4.72
20251007,13,76.2,4,22.33,10.52
20251006,20,193.39999999999995,34,10.87,1.7
20251007,12,163.79999999999998,27,8.96,2.46
20251007,17,1076.0,192,7.64,2.05
20251007,11,993.5999999999997,170,9.03,2.19
20251007,5,1484.6000000000001,231,8.86,2.63
20251007,6,1904.1999999999996,371,8.89,1.87
20251007,42,1141.6,208,8.26,1.96
20251006,24,15.4,1,0.0,8.54
20251007,7,663.8,124,7.48,1.84
20251007,39,475.00000000000006,88,7.19,1.89
20251007,47,1488.8,245,10.21,2.31
20251007,25,703.3999999999999,120,10.87,2.27
20251007,40,97.00000000000001,14,7.4,2.98
20251007,23,212.20000000000002,15,24.09,6.91
20251007,15,477.8000000000001,76,9.7,2.56
20251014,7,739.8,124,8.13,2.28
20251007,18,216.19999999999996,23,12.61,4.78
20251007,0,265.0,16,20.77,9.35
20251008,25,1055.3999999999996,169,11.09,2.54
20251007,16,63.0,10,22.22,2.54
20251008,6,2030.4000000000008,364,7.78,1.9
20251008,46,108.80000000000001,4,17.75,16.47
20251008,44,1407.8000000000006,205,10.1,2.98
20251008,9,60.6,6,7.5,4.45
20251007,22,207.8,30,8.21,2.99
20251008,39,494.80000000000007,94,7.9,1.79
20251008,11,1033.6,173,7.84,2.28
20251008,15,376.59999999999997,62,10.56,2.37
20251008,48,1169.9999999999998,195,8.48,2.31
20251008,2,1429.1999999999996,206,9.95,3.0
20251007,34,87.6,5,10.6,10.02
20251008,22,211.8,30,15.1,3.17
20251008,17,1143.4000000000003,199,8.73,2.15
20251008,43,373.2,45,12.95,4.04
20251008,12,175.2,23,6.83,3.48
20251008,7,681.4000000000001,127,8.81,1.86
20251008,3,191.8,19,5.33,5.16
20251009,2,1381.8099999999995,219,9.77,2.57
20251008,23,203.99999999999997,15,18.38,7.67
20251013,22,281.4,31,9.95,4.26
20251008,42,1452.4,271,7.1,1.81
20251008,18,201.79999999999995,25,11.39,3.81
20251008,30,33.6,3,26.67,6.04
20251015,42,1479.999999999999,272,7.71,1.86
20251008,34,129.6,12,12.38,5.88
20251009,18,314.7999999999999,38,10.55,4.04
20251013,2,1447.6000000000004,211,8.28,2.93
20251009,6,2696.359999999998,448,9.74,2.18
20251009,20,129.4,26,8.12,1.33
20251008,40,55.4,10,10.56,1.96
20251009,11,1158.1999999999994,186,8.71,2.48
20251009,42,1492.2000000000007,269,8.28,1.98
20251009,48,1183.6000000000004,200,8.24,2.25
20251009,22,97.99999999999999,13,12.18,3.51
20251009,44,1279.1999999999998,184,10.24,3.08
20251009,15,462.20000000000016,75,12.08,2.43
20251009,17,1294.6,231,9.15,2.05
20251009,25,837.7999999999998,131,9.25,2.69
20251009,39,660.1999999999999,112,8.73,2.21
20251009,16,88.19999999999999,13,10.75,2.92
20251009,12,156.6,22,8.44,3.18
20251009,3,117.0,16,6.67,3.24
20251009,5,1252.2000000000005,219,9.83,2.16
20251009,34,132.20000000000002,13,8.7,5.22
20251009,43,386.59999999999997,46,13.89,4.2
20251009,9,66.0,7,13.8,4.78
20251020,20,136.2,27,7.28,1.18
20251009,7,637.4,120,10.38,1.83
20251010,5,1999.4000000000008,327,9.14,2.17
20251015,12,225.8,28,9.35,3.82
20251009,0,172.0,10,31.11,9.92
20251010,20,166.39999999999998,32,8.38,1.24
20251009,46,39.599999999999994,2,13.5,11.7
20251010,34,175.0,17,19.13,5.03
20251009,23,130.4,10,24.43,6.75
20251010,12,314.79999999999995,44,11.71,2.89
20251010,44,1782.6,247,10.21,2.98
20251010,2,1572.6000000000001,216,9.81,2.85
20251010,42,1572.8000000000006,280,6.9,1.81
20251010,25,1307.8,198,10.34,2.56
20251010,48,1366.3999999999996,209,9.15,2.42
20251010,16,202.0,23,12.0,4.01
20251010,17,1644.9999999999998,259,10.28,2.32
20251010,43,519.5999999999999,56,12.39,4.36
20251010,47,2599.199999999999,366,9.97,2.68
20251010,7,666.4000000000002,125,8.1,1.64
20251010,39,821.3999999999997,135,7.93,2.02
20251010,6,3033.0000000000005,514,8.72,1.94
20251010,3,197.39999999999995,22,6.89,4.06
20251010,22,369.32000000000005,27,14.48,6.3
20251010,11,1460.2000000000003,221,8.16,2.37
20251010,15,474.59999999999997,74,8.77,2.32
20251011,25,1147.2,166,8.33,2.51
20251010,45,14.4,1,14.0,8.26
20251010,0,682.6000000000003,39,28.03,9.45
20251012,47,1951.7999999999995,277,6.53,2.48
20251010,23,188.80000000000004,14,16.08,7.0
20251010,18,404.2,45,10.62,4.16
20251011,20,117.79999999999998,15,8.73,2.89
20251011,12,250.80000000000007,33,12.62,3.11
20251011,11,1651.1999999999991,240,8.57,2.41
20251011,48,1426.4000000000008,219,7.97,2.15
20251010,40,220.39999999999998,23,12.52,4.32
20251011,47,2699.800000000002,366,9.6,2.7
20251011,5,2017.3999999999994,300,9.21,2.35
20251011,17,1571.0000000000005,249,7.05,2.09
20251011,44,2519.199999999999,281,9.79,3.79
20251011,2,1569.3999999999996,223,9.29,2.64
20251011,39,977.9999999999997,156,7.27,2.04
20251011,42,1681.4000000000003,280,8.23,1.88
20251011,7,939.9999999999999,164,9.01,1.69
20251011,34,294.00000000000006,27,8.83,4.97
20251011,43,579.8000000000001,55,11.63,4.95
20251012,20,74.60000000000001,14,7.33,0.9
20251011,23,97.99999999999999,7,20.67,7.12
20251011,18,587.8,60,9.26,4.33
20251011,15,443.3999999999999,63,7.95,2.55
20251011,3,198.2,22,8.47,3.9
20251011,40,228.4,26,9.92,3.49
20251012,7,463.0,87,5.22,1.52
20251011,22,399.79999999999995,45,20.88,3.84
20251011,28,76.80000000000001,8,13.75,4.14
20251012,48,1508.9999999999995,213,7.26,2.54
20251012,42,2836.1999999999985,179,7.18,7.57
20251011,16,120.0,14,7.6,3.25
20251013,48,1140.3999999999999,183,9.18,2.44
20251012,43,397.99999999999994,42,8.97,4.35
20251012,30,72.80000000000001,3,17.33,11.57
20251012,25,883.2,121,7.44,2.69
20251012,5,1351.200000000001,195,11.56,2.5
20251012,6,2067.5999999999995,324,6.84,2.03
20251012,11,1036.4000000000005,153,7.06,2.34
20251012,12,237.79999999999998,28,10.3,3.3
20251012,18,431.99999999999994,44,8.03,4.22
20251012,44,1465.3999999999999,182,7.33,3.23
20251012,9,42.2,4,15.0,5.01
20251012,17,1207.8000000000004,178,7.89,2.44
20251012,39,720.9999999999999,100,6.9,2.58
20251012,34,199.0,16,10.85,5.74
20251012,22,378.2,39,11.97,4.22
20251012,2,1096.8,142,7.76,3.02
20251012,3,149.6,16,5.0,4.07
20251013,20,144.0,27,9.32,1.55
20251012,15,364.0,58,10.98,2.04
20251013,25,780.1999999999999,125,11.16,2.39
20251013,44,1460.2,186,10.35,3.59
20251013,7,621.8000000000003,117,6.7,1.76
20251013,5,1513.0000000000005,244,9.91,2.41
20251013,39,572.7999999999998,97,8.33,2.26
20251013,16,76.8,12,9.0,2.69
20251013,42,1370.4000000000005,259,6.47,1.68
20251012,23,151.0,11,5.6,6.55
20251013,6,2063.6000000000004,375,10.46,1.89
20251013,47,1496.3000000000004,249,6.99,2.19
20251013,27,6.0,1,16.0,2.38
20251013,11,1032.7999999999997,175,7.42,2.2
20251013,43,398.4,49,11.83,3.96
20251013,3,138.2,15,3.6,4.1
20251020,31,36.2,3,21.0,6.67
20251014,17,997.2000000000003,179,8.08,2.01
20251020,12,197.60000000000002,28,9.46,2.99
20251014,43,405.40000000000003,47,13.1,4.36
20251014,20,150.60000000000002,25,15.37,2.07
20251013,15,366.2,64,6.71,2.11
20251014,22,242.40000000000006,31,10.17,3.7
20251013,0,517.4000000000001,31,27.67,9.71
20251013,40,104.40000000000002,10,8.89,4.92
20251013,34,125.39999999999999,11,10.89,5.86
20251014,48,1111.8,185,8.71,2.32
20251019,0,245.20000000000005,14,16.67,9.4
20251014,6,2152.199999999999,370,8.65,2.15
20251014,19,5.2,1,,0.0
20251014,44,1364.2000000000003,201,9.36,2.96
20251013,18,220.79999999999998,28,8.33,3.77
20251014,42,1578.6000000000004,204,9.04,3.51
20251014,5,1499.3999999999999,245,8.21,2.37
20251014,25,843.8000000000001,141,11.76,2.33
20251014,2,1485.4000000000008,226,9.24,2.77
20251014,18,303.40000000000003,38,10.12,3.87
20251014,12,274.19999999999993,38,9.75,3.23
20251014,47,1797.8000000000006,266,9.64,2.76
20251014,34,113.00000000000001,10,7.78,6.08
20251014,11,831.1999999999998,143,6.91,2.18
20251015,20,106.60000000000002,23,32.0,1.06
20251021,46,55.6,3,13.0,10.91
20251015,30,21.2,1,,12.61
20251016,12,312.0000000000001,41,8.94,3.41
20251014,39,496.0000000000001,90,8.86,1.98
20251019,48,1623.6000000000001,218,8.59,2.75
20251014,15,408.80000000000007,72,6.92,2.1
20251014,0,99.4,5,24.2,11.62
20251101,48,2385.0,322,9.08,2.66
20251015,40,64.80000000000001,10,12.0,2.69
20251014,36,19.2,1,28.0,11.3
20251014,28,31.6,3,8.0,5.43
20251014,23,200.0,7,10.5,16.84
20251014,30,89.6,3,51.33,12.9
20251014,40,67.0,10,5.9,2.83
20251015,48,1169.3999999999994,191,8.98,2.41
20251015,44,1214.8000000000009,181,10.68,2.89
20251015,6,2083.0000000000005,369,8.97,2.0
20251015,11,901.2,153,8.45,2.23
20251014,16,100.59999999999998,14,10.64,3.34
20251015,16,100.8,15,10.36,2.99
20251015,17,1186.6000000000006,209,9.1,2.09
20251015,2,1528.4000000000005,228,10.7,2.83
20251015,25,857.2,138,8.64,2.51
20251015,47,1755.4000000000008,287,8.51,2.36
20251015,7,726.0000000000001,132,8.63,1.94
20251015,38,280.2,2,31.0,58.44
20251016,7,617.5999999999998,116,7.6,1.8
20251015,5,1517.8000000000009,255,10.73,2.32
20251015,39,589.8,104,11.52,2.1
20251016,5,1581.4000000000012,268,9.69,2.29
20251015,34,64.2,6,10.0,5.57
20251015,43,369.7999999999999,44,12.28,4.13
20251023,37,210.0,1,190.0,138.7
20251015,15,470.8,84,7.9,2.07
20251015,22,356.19999999999993,30,17.77,5.21
20251016,43,482.5999999999999,47,9.52,5.5
20251020,0,613.7999999999998,34,31.9,10.59
20251020,26,115.0,1,71.0,72.69
20251015,28,40.800000000000004,6,8.33,3.04
20251016,2,1663.8600000000004,237,11.07,2.98
20251016,13,37.8,2,14.5,11.18
20251015,18,225.8,29,9.83,3.73
20251016,20,229.99999999999997,25,8.36,3.97
20251015,3,167.60000000000002,17,8.13,4.98
20251022,47,2090.8,306,8.4,2.85
20251015,9,7.0,1,24.0,3.22
20251016,40,65.2,9,12.14,3.28
20251016,11,1004.9999999999998,171,7.87,2.24
20251016,44,1334.6,195,9.9,3.01
20251015,23,170.20000000000002,15,14.83,6.16
20251022,25,980.1999999999999,158,8.69,2.49
20251016,39,612.7999999999998,109,11.5,2.06
20251016,6,2299.9999999999995,414,8.37,1.96
20251016,23,190.60000000000002,15,18.92,7.12
20251015,0,414.0,20,21.64,11.69
20251016,8,62.0,2,11.0,15.33
20251016,17,1214.8000000000006,213,9.97,2.13
20251016,42,1286.5999999999997,224,7.06,2.11
20251016,25,895.5999999999995,147,8.44,2.45
20251016,47,1933.4000000000008,326,8.92,2.21
20251016,3,113.0,14,9.08,3.76
20251016,48,1248.5999999999997,213,7.65,2.21
20251017,2,2232.6,200,10.09,5.63
20251023,2,1521.8000000000004,229,10.79,2.81
20251017,43,513.3999999999999,54,13.49,4.61
20251016,18,203.2,24,8.59,4.2
20251016,34,90.80000000000001,8,11.38,5.86
20251017,20,140.99999999999997,27,10.67,1.28
20251016,15,489.20000000000005,80,8.81,2.44
20251017,47,2435.719999999999,348,9.31,2.82
20251026,0,595.4,16,58.7,18.9
20251016,22,234.80000000000004,33,14.35,3.12
20251017,5,1629.7999999999997,270,9.1,2.14
20251017,44,1941.9100000000017,268,9.41,3.0
20251021,2,1585.0,235,9.43,2.89
20251017,25,1315.5999999999992,192,9.2,2.73
20251017,15,606.8000000000002,97,9.26,2.27
20251017,48,1409.0000000000005,223,9.65,2.28
20251017,7,773.5999999999998,140,7.24,1.74
20251017,11,1391.2,192,8.3,2.76
20251017,6,2977.0000000000005,500,8.67,2.09
20251017,17,1637.0000000000007,266,9.62,2.17
20251017,12,302.3999999999999,37,10.59,3.48
20251017,42,1536.7999999999997,273,13.06,1.79
20251017,8,60.4,2,32.0,14.76
20251017,39,678.6,107,10.92,2.19
20251017,18,402.0,43,10.74,4.41
20251022,2,1527.4000000000008,237,9.8,2.67
20251017,9,105.19999999999999,5,21.75,11.69
20251017,22,359.4000000000001,41,9.47,3.94
20251017,40,105.00000000000003,18,5.88,2.11
20251017,0,579.6,29,30.21,10.9
20251017,3,121.8,12,7.08,4.72
20251018,44,2444.0000000000005,312,11.01,3.1
20251018,6,3200.1999999999985,503,8.02,2.03
20251017,35,19.2,2,12.0,4.64
20251017,45,51.0,4,12.5,6.96
20251018,42,1522.9999999999995,267,6.47,1.64
20251018,34,402.20000000000005,25,9.56,8.45
20251018,12,269.2,37,8.78,2.8
20251017,23,102.19999999999999,9,12.13,5.41
20251018,47,2945.9999999999973,387,10.52,2.86
20251017,34,118.39999999999999,11,11.8,5.12
20251018,17,1484.8,247,7.48,1.9
20251018,5,1880.6,285,7.87,2.32
20251018,11,1332.4000000000015,202,8.36,2.21
20251018,18,423.60000000000014,43,10.86,4.48
20251018,48,1643.6000000000001,244,7.99,2.25
20251018,39,862.6000000000004,134,8.98,2.13
20251018,15,509.8,81,7.13,2.2
20251018,7,866.3999999999999,154,6.13,1.56
20251018,13,23.2,1,,11.89
20251018,3,268.6000000000001,26,11.05,4.49
20251018,0,242.20000000000002,5,64.2,26.88
20251018,2,1374.6,197,7.63,2.61
20251018,25,1391.8000000000006,197,8.28,2.66
20251018,43,420.4,47,14.8,4.08
20251018,20,204.99999999999997,28,12.05,2.46
20251024,48,1526.3999999999999,234,9.33,2.36
20251018,22,363.0,42,11.13,3.59
20251019,42,1372.5999999999995,218,6.59,2.05
20251019,44,1716.199999999999,217,8.35,3.09
20251021,44,1285.6000000000001,189,10.2,2.95
20251018,40,116.8,18,8.55,2.32
20251019,22,247.20000000000002,29,8.94,3.69
20251019,5,1385.4,215,7.25,2.19
20251019,47,2025.1999999999987,286,7.87,2.47
20251018,16,137.4,16,9.54,3.43
20251019,3,286.2,26,9.71,4.71
20251019,11,1283.400000000001,189,8.56,2.39
20251019,6,2546.9999999999995,361,6.56,2.4
20251019,17,1134.4,180,7.68,2.07
20251019,16,97.80000000000001,14,7.6,2.54
20251019,39,669.9999999999997,100,8.04,2.3
20251019,2,1152.7999999999995,161,7.13,2.74
20251019,7,718.2,128,6.45,1.65
20251019,18,354.7999999999999,38,9.85,4.08
20251019,43,275.4,33,10.09,3.55
20251019,15,360.2,53,10.23,2.42
20251019,25,828.8000000000002,126,6.38,2.27
20251019,12,135.8,20,7.41,2.32
20251019,28,118.99999999999999,12,8.55,4.43
20251019,23,123.0,8,19.0,7.88
20251019,20,70.6,13,7.0,0.74
20251020,2,1555.0000000000002,236,12.84,2.71
20251020,6,2520.99,450,8.43,2.12
20251019,34,119.0,11,13.5,4.97
20251020,22,215.20000000000005,29,11.07,3.15
20251020,19,5.2,1,,0.0
20251021,43,532.6,62,13.91,4.15
20251020,11,998.0000000000003,162,7.9,2.39
20251020,43,387.1999999999999,48,12.25,3.93
20251020,44,1276.7999999999993,184,9.48,2.87
20251020,15,457.60000000000014,76,8.97,2.28
20251020,17,1252.4000000000003,222,8.13,2.03
20251020,5,1480.600000000001,246,8.03,2.31
20251020,25,985.6000000000001,148,9.76,2.73
20251020,48,1182.4,189,9.49,2.35
20251020,47,1803.800000000001,298,8.71,2.26
20251020,7,684.8,127,7.38,1.81
20251020,42,1528.7999999999993,263,7.65,1.98
20251020,39,564.5999999999999,97,9.0,2.18
20251022,20,129.20000000000002,24,8.63,1.53
20251021,18,247.2,30,12.36,4.03
20251020,23,219.39999999999998,10,30.67,12.76
20251021,17,1287.3999999999996,228,9.53,2.11
20251020,35,60.800000000000004,7,4.33,4.15
20251027,21,80.0,1,102.0,47.47
20251020,18,288.6000000000001,32,14.96,4.36
20251020,40,89.0,13,6.17,2.74
20251020,30,45.2,2,33.5,13.56
20251021,20,138.2,28,8.2,1.15
20251021,25,949.4000000000002,148,9.93,2.64
20251021,16,79.80000000000001,11,10.9,3.37
20251020,28,84.8,9,15.13,4.78
20251020,34,122.20000000000002,11,13.44,5.7
20251021,34,98.99999999999999,10,7.78,5.13
20251021,5,1648.2000000000003,278,9.61,2.3
20251021,42,1261.2000000000003,233,7.67,1.9
20251021,6,2603.8,420,8.07,2.4
20251021,12,238.79999999999998,36,7.3,2.69
20251021,11,1090.2,184,7.3,2.27
20251021,47,2071.0000000000005,348,8.36,2.24
20251021,48,1101.6000000000004,182,9.97,2.35
20251021,7,640.6,124,6.1,1.68
20251021,40,73.0,11,9.44,2.82
20251021,39,589.8000000000001,103,8.33,2.16
20251021,15,377.19999999999993,63,8.08,2.35
20251021,13,71.0,3,44.0,13.93
20251021,22,153.99999999999997,23,8.13,2.9
20251021,0,266.4,12,27.42,15.33
20251021,30,55.8,3,18.0,10.81
20251021,23,111.4,10,17.6,6.04
20251024,25,1250.3999999999996,201,9.38,2.25
20251025,11,1604.5999999999997,236,8.27,2.36
20251022,28,27.6,4,7.0,3.01
20251021,3,104.80000000000001,12,11.08,4.37
20251027,0,1041.1999999999998,47,29.33,13.36
20251022,12,212.19999999999996,34,10.11,2.53
20251022,39,615.9999999999999,108,7.78,2.09
20251022,34,176.8,14,10.0,6.77
20251022,11,960.8000000000001,161,7.46,2.25
20251022,17,1262.799999999999,227,9.3,2.02
20251022,42,1330.8000000000015,248,8.06,1.84
20251022,48,1362.0000000000005,207,10.21,2.74
20251022,44,1475.4,218,10.26,2.93
20251022,16,92.8,13,6.9,3.21
20251022,6,2302.7999999999993,434,8.63,1.8
20251022,5,1300.4,215,9.74,2.39
20251022,7,741.6000000000001,144,7.55,1.72
20251022,43,510.79999999999995,60,17.78,4.23
20251022,46,80.0,3,29.67,16.52
20251023,25,996.6,159,10.83,2.55
20251023,5,1419.8000000000009,250,9.62,2.11
20251022,22,217.59999999999997,30,7.44,3.32
20251023,20,188.60000000000002,25,10.21,2.73
20251022,0,543.8000000000001,29,21.65,11.02
20251022,18,379.5999999999999,45,13.08,4.2
20251022,15,468.6,79,9.68,2.29
20251023,47,2201.8000000000034,355,9.34,2.27
20251023,6,2486.5999999999985,419,8.18,2.18
20251022,9,87.80000000000001,7,24.14,7.02
20251022,23,220.79999999999998,16,14.63,7.68
20251023,12,324.40000000000003,34,13.18,4.75
20251023,15,636.8000000000001,88,10.14,3.13
20251023,39,689.5999999999999,126,11.39,1.9
20251023,18,278.99999999999994,31,11.74,4.51
20251023,44,1414.6,212,12.43,2.86
20251023,43,552.6000000000001,61,14.39,4.52
20251023,22,301.9999999999999,40,11.15,3.53
20251023,7,638.5999999999998,123,6.95,1.71
20251023,28,51.199999999999996,6,17.0,4.29
20251023,48,1228.1999999999998,212,9.25,2.17
20251023,9,65.8,5,12.8,7.37
20251023,40,117.2,18,11.55,2.62
20251023,11,1092.0,188,9.32,2.19
20251023,42,1475.0000000000002,252,7.86,2.18
20251023,17,1384.9999999999998,208,8.63,2.77
20251024,42,1575.000000000001,286,7.88,1.73
20251103,47,1478.1999999999998,239,8.04,2.36
20251023,0,292.59999999999997,9,17.2,20.38
20251023,16,69.60000000000001,11,11.0,2.47
20251023,23,308.44,12,32.17,13.57
20251024,40,158.2,22,5.88,2.9
20251024,44,2045.4000000000012,285,12.22,2.93
20251023,3,138.0,17,9.33,3.8
20251024,19,5.2,1,,0.0
20251024,2,1915.400000000001,274,10.88,2.78
20251024,47,2385.200000000002,340,9.57,2.65
20251024,39,715.3999999999999,122,7.76,1.95
20251024,6,2941.5999999999995,494,9.09,1.98
20251024,34,176.6,15,10.0,6.2
20251024,5,1794.3999999999994,296,8.97,2.14
20251024,18,327.8,35,11.0,4.43
20251024,17,1609.3999999999994,269,8.45,2.12
20251024,3,199.99999999999997,22,4.65,4.02
20251024,7,834.6000000000001,138,6.84,2.07
20251024,11,1915.0,220,8.78,3.73
20251024,43,536.1999999999999,60,12.83,4.11
20251101,47,3008.5999999999976,353,9.18,3.14
20251027,7,622.7999999999998,120,8.2,1.68
20251024,15,591.2000000000002,86,13.76,2.6
20251031,46,13.0,1,14.0,8.36
20251024,0,830.2,45,35.26,9.9
20251024,16,71.80000000000001,10,6.9,2.9
20251024,12,305.8,40,10.78,3.18
20251024,20,197.39999999999998,30,10.26,2.2
20251024,22,304.8,36,10.33,3.86
20251026,11,1202.3999999999996,166,6.95,2.69
20251025,6,3754.799999999998,549,8.01,2.29
20251025,18,404.6,44,9.17,4.13
20251026,40,111.60000000000001,17,4.86,2.36
20251025,48,2062.7999999999993,311,7.88,2.31
20251025,42,1702.9999999999998,279,8.19,1.92
20251025,39,1047.3999999999999,156,9.69,2.32
20251025,20,155.80000000000004,27,9.76,1.31
20251025,44,2461.2000000000003,331,9.51,2.9
20251025,17,1514.4,260,7.75,1.81
20251025,5,1768.9999999999995,280,7.64,2.13
20251025,47,2754.6000000000035,393,7.78,2.43
20251025,16,98.40000000000002,12,10.0,3.06
20251025,25,1332.2000000000007,197,8.55,2.48
20251025,15,442.4000000000001,68,8.21,2.41
20251025,2,1736.8000000000004,242,8.24,2.71
20251025,43,343.80000000000007,39,10.78,3.86
20251025,40,114.20000000000002,18,12.65,2.25
20251025,7,909.0000000000003,156,6.91,1.83
20251025,28,96.20000000000002,10,8.88,4.35
20251025,3,228.99999999999997,22,6.1,4.7
20251025,22,260.20000000000005,34,10.44,3.22
20251026,20,79.2,14,8.86,1.28
20251026,42,1463.8,215,6.27,2.39
20251025,23,221.59999999999997,15,14.07,7.37
20251025,12,327.80000000000007,43,10.09,3.0
20251027,11,1090.1999999999998,176,7.76,2.35
20251026,43,320.8,35,10.6,4.11
20251026,33,143.6,4,21.67,19.63
20251026,44,1543.5999999999997,194,9.85,3.22
20251025,34,156.0,15,10.08,4.61
20251025,9,90.0,6,2.75,5.88
20251026,5,1256.5999999999992,191,8.26,2.28
20251025,24,17.0,1,1.0,8.23
20251026,48,1517.9999999999995,215,7.32,2.52
20251026,23,121.0,9,6.33,6.65
20251026,2,1266.450000000001,163,7.9,2.84
20251026,7,684.1999999999999,114,6.02,1.82
20251026,47,1847.4,257,7.29,2.56
20251026,6,2759.9999999999977,393,7.89,2.41
20251026,39,773.7999999999998,95,9.16,3.24
20251026,25,835.2000000000003,124,6.88,2.38
20251026,3,214.2,22,7.81,4.12
20251026,17,1273.7999999999997,204,6.63,2.02
20251026,22,306.2,35,11.55,3.63
20251026,15,414.59999999999997,56,9.48,2.74
20251027,6,2287.7999999999993,404,7.7,1.93
20251026,18,324.6,36,8.35,3.98
20251026,16,108.6,13,14.4,3.47
20251026,12,242.79999999999998,33,7.77,2.71
20251027,2,2608.5999999999995,201,8.43,7.12
20251028,42,1435.6000000000013,258,6.87,1.91
20251027,44,1476.3999999999999,213,12.6,3.0
20251027,12,292.00000000000006,44,9.97,2.8
20251027,15,456.2,79,8.1,2.08
20251027,17,1115.8000000000004,198,8.47,2.08
20251027,48,1259.6000000000004,172,9.12,3.14
20251027,42,1632.8000000000009,279,7.56,2.08
20251027,25,929.6,147,11.01,2.53
20251027,16,56.99999999999999,10,6.89,2.19
20251027,47,2144.000000000001,311,9.1,2.81
20251027,40,77.8,12,6.78,2.52
20251027,39,665.6000000000001,113,8.77,2.14
20251027,5,1521.9999999999989,245,9.31,2.43
20251027,22,222.20000000000002,31,10.55,3.14
20251103,42,1191.0000000000007,217,7.18,1.88
20251027,34,73.60000000000001,8,9.0,4.65
20251027,20,83.2,16,8.6,1.08
20251027,23,91.8,7,21.0,7.38
20251028,20,84.20000000000002,18,10.33,0.76
20251103,26,114.0,1,88.0,75.49
20251028,44,1484.8999999999996,215,10.22,3.02
20251027,43,325.4,41,9.89,3.79
20251027,18,387.0,42,13.47,4.44
20251028,5,1307.2000000000012,231,9.6,2.11
20251027,28,28.999999999999996,4,14.5,3.4
20251028,6,2504.2000000000007,448,8.15,1.97
20251028,2,1487.8,222,8.56,2.86
20251027,9,38.2,4,17.25,5.0
20251028,47,1471.4000000000003,230,7.46,2.47
20251028,11,1074.3999999999996,170,9.28,2.54
20251028,22,185.40000000000003,27,13.5,3.07
20251028,48,1193.5999999999997,194,7.83,2.37
20251029,2,1463.4,231,9.12,2.59
20251028,17,1099.3999999999999,199,11.87,1.99
20251028,18,319.4000000000001,39,8.43,3.99
20251028,25,843.6000000000004,131,12.01,2.7
20251028,3,90.39999999999998,10,9.44,4.27
20251028,39,547.7999999999998,98,7.22,2.0
20251028,7,663.0000000000001,134,5.98,1.55
20251028,15,570.6,73,10.74,3.57
20251028,43,388.4,48,15.73,3.96
20251103,11,1097.4000000000005,169,8.39,2.59
20251029,47,1620.9999999999998,246,9.02,2.55
20251028,40,83.4,15,12.5,1.99
20251029,18,224.99999999999997,27,10.0,4.06
20251028,0,378.59999999999997,20,25.06,11.07
20251028,16,94.19999999999999,14,9.71,2.96
20251028,12,157.0,25,9.5,2.52
20251028,35,43.2,5,20.67,4.38
20251029,5,1432.6000000000006,244,9.08,2.26
20251029,20,148.8,29,7.84,1.36
20251029,44,1508.6000000000001,223,9.74,2.93
20251029,48,1288.2,220,11.77,2.19
20251029,39,838.6,147,7.16,2.08
20251029,25,955.4000000000003,158,9.03,2.42
20251031,47,1969.4000000000003,259,9.15,2.89
20251029,11,1168.8000000000004,199,8.94,2.22
20251029,42,1524.0000000000007,284,9.32,1.74
20251029,15,477.9999999999999,86,7.01,2.06
20251029,17,1272.1999999999991,231,10.78,1.98
20251029,7,693.4000000000002,134,7.12,1.68
20251029,6,2200.0000000000014,403,8.89,1.89
20251030,20,132.40000000000003,28,8.0,1.19
20251029,22,170.2,24,12.29,3.14
20251029,9,40.6,4,21.75,4.13
20251029,40,85.4,15,4.36,2.09
20251029,23,65.8,6,17.67,5.92
20251029,43,335.2,40,16.5,4.13
20251029,12,162.39999999999995,24,8.88,2.95
20251030,17,1165.1999999999998,206,8.8,2.08
20251029,16,44.400000000000006,6,14.4,3.44
20251030,42,1955.8000000000006,358,7.33,1.8
20251029,0,255.8,18,23.46,7.9
20251030,44,1387.8000000000002,199,8.1,3.07
20251030,6,2481.8000000000015,453,8.22,1.86
20251030,7,636.7999999999997,128,6.84,1.54
20251030,47,2606.0000000000005,411,9.25,2.42
20251030,15,465.4,76,8.0,2.51
20251030,28,60.0,8,8.6,3.55
20251030,5,1244.2000000000012,221,7.98,2.07
20251030,48,1652.1999999999996,269,7.97,2.35
20251030,18,301.2,36,10.27,4.12
20251030,25,885.7999999999997,146,9.76,2.4
20251030,11,972.1999999999999,157,9.06,2.47
20251030,2,1443.7999999999997,241,7.84,2.31
20251030,39,723.0000000000001,133,6.19,1.87
20251030,16,67.99999999999999,11,7.9,2.52
20251030,23,111.80000000000001,10,13.43,6.14
20251030,40,122.19999999999999,21,9.42,2.11
20251030,0,477.99999999999994,25,36.43,11.29
20251030,12,181.8,25,8.87,3.27
20251031,44,1946.1999999999996,256,11.15,3.06
20251030,22,347.99999999999994,24,15.64,7.83
20251030,34,168.8,16,11.07,5.53
20251030,43,427.1999999999999,50,12.83,4.28
20251030,27,7.8,1,16.0,3.86
20251104,2,1562.4000000000005,215,9.4,3.24
20251031,0,617.4000000000001,35,28.58,9.62
20251101,7,1007.9999999999993,170,6.69,1.89
20251030,3,92.0,11,6.67,3.92
20251101,40,275.6000000000001,41,10.17,2.38
20251031,17,1181.3999999999999,203,8.57,1.97
20251031,22,253.79999999999995,32,10.31,3.27
20251031,42,1548.0,251,10.17,2.03
20251030,45,31.200000000000003,3,0.5,5.46
20251102,45,14.0,1,,7.49
20251031,25,981.8000000000001,148,8.33,2.53
20251031,5,1360.8000000000002,219,9.02,2.24
20251031,48,1368.3999999999999,202,8.61,2.48
20251031,15,398.2,63,7.91,2.24
20251031,2,1481.0000000000005,190,9.94,3.12
20251031,7,724.1999999999999,124,6.77,1.91
20251031,12,287.8,35,11.27,3.41
20251031,11,1173.1999999999996,172,10.56,2.48
20251031,28,68.8,8,6.8,4.02
20251108,47,2773.999999999998,374,7.95,2.73
20251109,47,2095.1999999999994,283,8.0,2.7
20251031,43,474.6,52,13.44,4.11
20251031,39,857.3999999999997,97,12.27,3.74
20251107,20,115.00000000000001,21,14.0,1.08
20251031,20,160.6,32,14.43,1.32
20251101,6,4339.2,575,7.63,2.66
20251101,44,2128.5999999999995,292,8.64,2.75
20251031,3,194.4,18,6.27,5.06
20251031,40,206.00000000000003,26,7.78,3.02
20251101,20,87.0,17,9.7,1.08
20251031,23,192.40000000000003,16,18.92,6.26
20251101,28,117.39999999999999,13,10.5,3.85
20251101,17,1721.1999999999996,283,8.45,1.96
20251101,2,1477.0000000000002,220,9.23,2.34
20251101,12,467.1999999999999,56,10.2,3.25
20251101,42,2080.0,299,7.99,2.38
20251101,22,312.2000000000001,40,8.9,3.07
20251101,11,1500.8,223,8.95,2.31
20251101,5,2167.1999999999985,324,8.95,2.32
20251101,25,1417.7999999999995,204,8.59,2.57
20251101,16,189.59999999999997,23,6.71,3.16
20251101,39,1115.8000000000002,150,10.84,2.69
20251101,15,499.0,79,7.68,2.12
20251101,3,233.2,24,8.3,4.28
20251101,35,75.2,7,10.0,4.84
20251102,6,2524.3999999999996,362,7.01,2.4
20251101,43,632.2000000000002,68,10.75,4.14
20251101,18,624.0,68,13.66,3.99
20251101,9,45.6,4,10.75,5.87
20251101,23,256.80000000000007,19,12.18,6.51
20251101,0,173.79999999999998,11,16.1,12.96
20251102,5,1241.1999999999998,187,7.01,2.33
20251102,15,431.80000000000007,68,7.23,2.1
20251101,27,20.799999999999997,3,11.33,2.77
20251102,16,182.4,22,7.76,3.05
20251102,22,369.0,42,9.21,3.89
20251102,27,5.8,1,0.0,1.92
20251102,20,102.60000000000001,16,9.57,1.39
20251102,48,1270.3999999999999,173,8.09,2.66
20251102,47,1723.3999999999992,236,7.39,2.65
20251102,11,1123.2,160,7.52,2.48
20251102,39,654.4000000000001,98,6.83,2.27
20251102,18,371.6000000000001,40,9.5,4.01
20251102,17,1089.2,173,9.02,2.16
20251102,44,1513.5999999999995,198,7.2,3.0
20251102,2,1156.6000000000013,163,7.8,2.66
20251102,12,289.0,39,7.38,2.66
20251102,43,459.99999999999994,45,9.21,4.78
20251102,3,171.0,20,7.25,3.39
20251102,34,182.2,15,8.4,5.57
20251102,40,157.20000000000002,23,7.0,2.31
20251102,25,840.3999999999999,121,6.4,2.58
20251102,42,970.6000000000004,162,6.21,1.87
20251102,7,556.1999999999998,96,5.28,1.79
20251103,20,158.0,33,8.17,1.18
20251102,23,234.0,18,11.63,6.44
20251102,28,45.8,5,15.0,3.89
20251103,48,1239.6000000000004,201,9.25,2.22
20251103,17,1063.6000000000001,192,8.74,1.98
20251103,44,1206.0000000000002,187,8.4,2.59
20251103,2,1257.2000000000003,202,8.82,2.44
20251103,16,62.39999999999999,7,10.83,4.51
20251102,0,287.20000000000005,14,22.08,11.32
20251103,5,1533.1999999999994,246,7.29,2.43
20251103,25,1719.8000000000004,171,7.57,5.08
20251103,22,284.8,32,9.15,4.03
20251103,7,695.8000000000002,132,6.89,1.71
20251103,43,474.59999999999985,57,10.55,3.85
20251103,6,2142.8,393,8.34,1.83
20251103,3,285.8,20,5.76,7.05
20251103,39,622.8,110,7.96,1.97
20251103,0,611.9999999999999,36,26.82,9.94
20251103,18,271.4,34,13.44,3.83
20251103,30,16.0,1,31.0,9.26
20251103,28,48.800000000000004,6,2.75,3.3
20251103,15,382.59999999999997,62,8.33,2.37
20251104,20,125.80000000000004,25,11.39,1.36
20251103,23,185.8,14,20.38,7.3
20251104,11,956.6000000000003,162,7.82,2.2
20251103,9,49.599999999999994,5,11.8,4.72
20251103,12,159.39999999999998,24,9.65,2.71
20251104,44,1262.6000000000001,186,10.54,2.96
20251104,17,1227.3999999999999,220,8.4,2.06
20251104,43,468.6,56,15.68,4.13
20251104,5,1556.0000000000005,259,9.29,2.33
20251104,42,1245.4000000000012,229,8.11,1.93
20251104,7,592.8000000000002,118,6.75,1.62
20251104,22,319.99999999999994,28,12.96,5.76
20251104,28,28.200000000000003,4,4.75,3.28
20251103,34,150.6,11,8.0,7.16
20251104,48,1057.8000000000002,187,12.01,2.07
20251104,25,836.5999999999996,134,9.08,2.57
20251104,39,689.1999999999998,106,7.71,2.63
20251104,6,2128.3999999999996,382,10.33,1.98
20251104,47,1709.2000000000007,269,11.09,2.54
20251104,13,15.2,1,36.0,8.76
20251105,5,1586.6,265,9.06,2.33
20251104,34,151.20000000000002,14,12.45,5.77
20251105,25,830.1999999999998,134,9.33,2.5
20251104,15,428.5999999999999,75,11.54,2.13
20251104,23,190.79999999999998,17,7.67,6.06
20251105,42,1284.4,236,8.32,1.91
20251106,2,1459.4000000000005,237,9.1,2.46
20251105,2,1415.9999999999998,206,9.23,2.93
20251104,18,321.40000000000003,41,10.67,3.69
20251104,16,57.199999999999996,9,9.89,2.65
20251105,39,625.5999999999997,111,8.47,2.01
20251105,47,1725.1999999999987,274,10.89,2.5
20251104,0,170.60000000000002,11,27.4,8.79
20251104,12,217.39999999999998,29,11.95,3.4
20251105,20,114.00000000000001,23,8.43,1.02
20251105,7,645.8000000000008,128,7.17,1.64
20251105,44,1308.0000000000002,190,9.85,2.99
20251105,1,176.4,2,74.5,54.29
20251104,3,138.60000000000002,16,7.0,4.2
20251105,11,937.8000000000002,156,8.79,2.33
20251105,48,1249.3999999999999,199,10.2,2.52
20251105,14,11.0,1,11.0,5.66
20251105,6,1953.2000000000003,373,8.88,1.74
20251105,3,136.59999999999997,16,15.07,4.06
20251105,43,436.79999999999995,48,13.58,4.61
20251105,17,1084.7999999999997,194,9.47,2.05
20251105,28,123.6,5,23.8,15.1
20251105,35,25.4,4,9.67,2.49
20251106,20,149.00000000000003,29,10.5,1.36
20251105,12,130.2,18,11.29,3.31
20251106,44,1424.8000000000013,200,10.96,3.18
20251106,46,41.4,2,12.5,12.19
20251106,39,641.0,115,6.89,1.98
20251105,40,58.2,8,12.5,3.24
20251105,22,191.40000000000003,27,12.82,3.1
20251105,18,229.4,26,16.42,4.39
20251105,15,481.40000000000015,86,11.64,2.03
20251106,6,2354.999999999999,372,8.94,2.48
20251105,46,37.4,2,5.5,11.58
20251106,35,51.4,6,16.67,4.24
20251106,7,744.4000000000003,133,7.67,1.99
20251106,17,1179.3999999999999,208,9.17,2.1
20251106,43,564.0000000000001,56,13.56,5.29
20251106,5,1304.599999999999,224,11.81,2.23
20251106,48,1115.5999999999995,174,10.56,2.59
20251106,11,977.2000000000003,165,9.19,2.26
20251106,25,1109.3999999999996,159,10.0,3.04
20251106,47,1979.4000000000003,304,8.35,2.58
20251106,3,144.60000000000002,17,7.94,4.06
20251106,22,249.20000000000007,34,9.45,3.29
20251106,42,1082.2000000000007,203,6.81,1.86
20251106,18,218.99999999999994,26,13.88,4.16
20251107,42,1803.0000000000011,316,9.06,1.83
20251106,15,431.5999999999999,70,16.85,2.39
20251106,0,273.0,13,29.55,11.9
20251110,23,194.39999999999998,18,21.36,5.44
20251106,28,58.0,7,14.5,4.18
20251106,34,119.00000000000001,11,24.7,5.75
20251106,16,60.2,8,12.25,3.44
20251106,23,119.39999999999998,12,15.2,5.24
20251107,47,2220.000000000001,328,9.45,2.49
20251107,2,1442.5999999999992,215,10.21,2.6
20251107,6,2895.600000000001,492,8.61,1.94
20251112,5,1565.1999999999998,261,8.89,2.34
20251107,15,736.0,79,11.65,4.2
20251107,7,744.5999999999995,139,5.69,1.65
20251107,5,1738.9999999999998,278,8.95,2.31
20251207,17,1230.2000000000003,191,6.78,2.22
20251107,44,1923.3999999999996,255,10.47,3.2
20251107,25,1158.3999999999994,174,11.14,2.63
20251106,40,72.60000000000001,13,5.0,1.92
20251107,11,1167.8000000000004,185,7.69,2.18
20251107,48,1525.6,231,11.79,2.37
20251106,12,139.79999999999998,21,6.33,2.77
20251107,17,1678.8000000000009,278,9.48,2.11
20251107,22,317.0000000000001,40,10.4,3.54
20251107,34,295.79999999999995,22,14.05,7.01
20251107,18,283.8000000000001,34,10.19,3.59
20251107,3,136.40000000000003,16,6.07,3.56
20251107,39,807.1999999999999,127,8.26,2.26
20251107,40,120.40000000000002,21,7.19,1.88
20251107,12,192.79999999999995,26,7.96,3.19
20251107,23,260.40000000000003,20,21.54,7.01
20251110,39,772.0199999999998,105,7.75,2.79
20251107,0,695.2000000000002,43,34.7,8.86
20251107,13,55.6,2,16.0,12.88
20251107,43,344.40000000000003,39,24.71,4.17
20251107,16,100.4,12,8.58,3.26
20251107,28,34.400000000000006,4,12.5,3.94
20251110,6,2194.1999999999994,385,9.12,2.0
20251113,29,35.0,1,,21.74
20251108,5,1972.0,301,9.0,2.32
20251108,12,350.6000000000001,43,7.37,3.25
20251108,22,395.0,48,11.03,3.36
20251108,39,785.0000000000003,126,7.29,2.01
20251108,42,1528.3999999999999,265,6.45,1.7
20251108,44,2042.7999999999997,272,9.07,2.96
20251108,25,1167.8,166,7.9,2.61
20251108,43,512.3999999999999,51,12.48,4.68
20251108,7,772.7999999999998,138,6.45,1.63
20251108,6,3511.5999999999985,552,7.89,1.99
20251108,18,502.60000000000014,50,8.88,4.57
20251108,17,1528.4000000000003,256,8.05,1.94
20251108,11,1584.4000000000003,236,8.2,2.31
20251108,2,1411.2000000000003,209,8.68,2.44
20251108,34,217.2,19,11.31,5.5
20251108,48,1930.8000000000004,277,9.12,2.45
20251109,20,63.60000000000001,10,9.0,1.4
20251108,23,144.20000000000002,11,11.88,6.54
20251108,15,488.79999999999984,73,7.89,2.35
20251108,0,127.80000000000001,8,21.86,8.7
20251108,20,124.8,20,9.79,1.78
20251108,16,141.99999999999997,16,7.43,3.56
20251109,23,125.8,8,17.13,8.01
20251108,40,168.2,27,10.45,2.05
20251108,28,74.2,9,12.22,3.29
20251108,3,258.0,23,9.82,4.97
20251109,28,105.60000000000001,11,9.0,4.32
20251109,22,218.79999999999998,27,8.83,3.37
20251109,42,1178.6000000000001,190,6.73,1.97
20251109,17,1212.0000000000005,189,6.85,2.17
20251109,44,1414.0000000000002,189,8.72,2.86
20251109,39,801.4000000000002,116,8.63,2.36
20251109,5,1375.4000000000003,210,6.83,2.29
20251109,48,1388.7999999999997,191,8.59,2.64
20251109,6,2205.0,327,9.31,2.29
20251109,7,637.2000000000004,106,5.94,1.87
20251109,11,1005.9999999999998,150,8.01,2.32
20251109,2,1113.7999999999995,149,7.52,2.83
20251109,16,74.80000000000001,10,8.6,2.73
20251109,12,198.6,26,10.4,2.83
20251109,40,162.79999999999998,17,7.53,4.26
20251109,15,312.20000000000005,47,7.98,2.36
20251109,25,833.8,124,10.42,2.38
20251109,3,232.20000000000002,22,8.14,4.69
20251109,43,325.2,30,11.33,5.15
20251110,44,1260.5999999999992,183,8.98,2.91
20251109,34,172.0,16,14.18,4.95
20251109,18,361.40000000000003,38,10.52,4.18
20251110,48,1690.2000000000003,198,12.41,4.01
20251110,19,5.2,1,,0.0
20251110,34,125.19999999999999,13,11.82,4.78
20251110,42,1280.1999999999998,236,7.53,1.81
20251110,11,923.1999999999998,160,8.74,2.1
20251110,5,1964.2000000000007,259,9.61,3.33
20251110,22,115.99999999999999,14,10.85,3.75
20251110,47,2088.5999999999995,286,8.75,3.05
20251110,43,326.7999999999999,42,19.21,3.68
20251110,17,1310.6000000000008,235,11.2,1.99
20251110,2,1371.4000000000003,192,10.43,3.11
20251110,25,887.0000000000002,147,8.02,2.34
20251110,3,106.19999999999999,12,7.67,4.03
20251110,7,660.8,127,6.78,1.67
20251110,15,364.0,65,7.02,2.02
20251110,0,690.0,39,24.5,10.28
20251117,12,223.0,30,8.78,3.21
20251110,35,21.2,2,13.0,4.95
20251110,18,203.8,25,17.18,4.06
20251111,15,474.79999999999995,83,7.76,2.13
20251110,20,200.0,35,13.23,1.76
20251110,28,39.8,5,16.8,3.92
20251111,16,39.800000000000004,6,8.17,2.81
20251111,48,1170.7999999999995,190,10.74,2.41
20251111,44,1406.3999999999996,209,10.08,2.88
20251111,39,618.5999999999999,107,9.29,2.2
20251111,42,1247.6000000000004,234,8.19,1.81
20251115,34,325.4,29,10.65,5.19
20251111,6,2286.600000000001,406,11.33,2.04
20251111,17,1189.0000000000002,215,8.96,2.03
20251110,12,187.20000000000002,26,17.94,3.08
20251111,2,1407.7999999999995,218,11.28,2.67
20251111,25,1142.9999999999998,179,9.24,2.64
20251110,40,47.39999999999999,7,7.5,2.88
20251111,11,925.0000000000002,160,8.83,2.17
20251111,47,1651.8000000000006,288,8.47,2.1
20251111,5,1469.9999999999998,244,9.32,2.36
20251111,18,232.99999999999997,28,8.38,4.05
20251111,43,340.59999999999997,42,14.67,3.97
20251111,7,652.0,129,7.98,1.64
20251118,43,436.4000000000001,53,15.8,4.06
20251111,12,179.4,27,8.77,2.89
20251111,22,126.8,19,10.83,2.93
20251112,48,1037.4,179,10.75,2.14
20251112,2,1408.6,214,11.43,2.74
20251111,23,129.6,11,21.1,5.77
20251111,3,100.59999999999998,12,4.0,4.02
20251111,9,20.2,2,3.5,2.69
20251113,40,86.59999999999998,13,10.55,2.81
20251111,40,82.39999999999999,14,7.71,2.29
20251112,39,590.3999999999999,108,12.95,1.95
20251112,6,2409.599999999998,433,9.26,1.97
20251112,11,1014.6,166,10.53,2.4
20251112,17,1043.8000000000002,196,11.09,1.83
20251111,34,84.20000000000002,8,13.0,5.62
20251112,15,379.2,70,9.39,1.93
20251112,18,192.8,23,9.47,4.14
20251112,40,60.00000000000001,8,7.17,3.41
20251112,25,1064.3999999999999,176,9.09,2.36
20251112,47,1902.2000000000007,312,8.73,2.33
20251112,7,668.2,130,9.32,1.71
20251112,44,1354.2,190,10.13,3.17
20251112,42,1533.3800000000008,259,10.08,2.19
20251113,13,61.2,4,23.25,8.34
20251112,12,133.2,17,10.31,3.64
20251112,34,99.99999999999999,10,12.1,5.18
20251113,17,1190.6,215,8.48,1.99
20251114,6,2864.8000000000015,478,8.8,1.98
20251119,6,2161.8000000000006,394,8.24,1.93
20251112,20,107.60000000000001,21,7.67,1.29
20251112,9,19.0,2,4.0,4.88
20251113,15,494.19999999999993,76,9.28,2.64
20251119,2,1560.8000000000004,232,9.78,2.86
20251112,22,106.4,17,12.47,2.58
20251113,28,49.6,5,10.8,5.1
20251113,12,191.19999999999996,28,11.56,3.02
20251113,7,697.4000000000001,133,12.18,1.77
20251113,48,1107.1999999999996,192,9.49,2.13
20251112,43,595.3999999999999,58,18.1,5.47
20251113,20,125.2,26,12.94,1.09
20251113,25,990.1999999999998,162,8.87,2.45
20251113,19,5.2,1,,0.0
20251112,16,63.0,9,13.22,3.03
20251115,22,316.6000000000001,36,6.71,3.61
20251113,5,1590.2,264,9.64,2.36
20251113,42,1556.7799999999986,291,9.32,1.81
20251113,2,1561.5999999999985,236,10.45,2.75
20251113,39,513.6,96,11.91,1.86
20251112,0,142.20000000000002,10,30.33,7.91
20251113,11,1018.6000000000004,172,8.51,2.25
20251113,6,2441.0000000000005,440,9.06,1.94
20251113,47,1989.4000000000017,319,8.86,2.21
20251113,44,1339.2000000000003,200,9.22,2.84
20251113,18,217.59999999999994,25,10.95,4.35
20251113,43,524.0000000000001,64,11.84,4.0
20251118,12,178.00000000000006,30,8.71,2.31
20251113,23,308.4,21,23.67,8.35
20251226,0,497.20000000000005,20,19.5,9.33
20251130,47,2291.8000000000006,311,8.18,2.66
20251113,0,292.0,11,33.73,16.03
20251114,42,1573.580000000002,271,8.91,1.91
20251113,22,295.79999999999995,21,13.89,6.73
20251114,11,1626.8,221,8.82,2.87
20251114,12,159.79999999999998,22,9.55,2.77
20251119,42,1215.0000000000002,223,8.2,1.9
20251114,18,304.2,35,10.81,4.0
20251114,2,1655.1999999999996,243,10.79,2.67
20251114,43,569.4,59,19.69,4.72
20251114,22,201.6,25,10.64,3.5
20251114,40,91.80000000000001,13,6.55,2.74
20251114,47,2298.4000000000015,311,10.59,2.86
20251114,25,1413.200000000001,220,8.05,2.42
20251114,17,1464.3999999999994,248,9.62,2.02
20251114,5,1698.9999999999993,274,10.0,2.29
20251114,15,458.6,73,12.0,2.3
20251113,3,192.99999999999997,25,5.86,3.47
20251114,44,2062.0,279,10.12,3.03
20251114,7,796.1999999999999,153,8.74,1.53
20251114,48,1547.2000000000005,245,9.34,2.26
20251114,39,668.6,113,10.74,2.05
20251117,2,1399.1999999999996,218,9.4,2.57
20251114,0,424.59999999999997,24,29.67,9.9
20251117,39,517.1999999999999,88,8.87,2.19
20251121,20,137.6,27,13.44,1.2
20251114,20,127.80000000000001,20,7.0,2.09
20251115,44,2412.4,314,9.57,3.05
20251114,16,111.4,15,13.0,3.22
20251115,47,3085.199999999998,394,8.99,3.01
20251114,34,310.59999999999997,23,16.9,7.18
20251115,39,813.4000000000004,135,8.03,1.89
20251117,48,1115.4,184,9.27,2.32
20251115,43,539.6000000000001,54,10.37,4.73
20251115,12,373.6,44,7.59,3.41
20251115,2,1470.0000000000011,200,9.43,2.81
20251115,25,1497.2000000000003,212,11.31,2.63
20251115,11,1730.4000000000012,256,7.46,2.31
20251114,3,73.80000000000001,8,10.0,4.06
20251115,48,1730.3999999999999,249,8.21,2.46
20251115,6,3252.0,508,7.32,2.05
20251115,5,1944.0000000000007,293,8.82,2.34
20251115,18,368.00000000000006,39,9.9,4.13
20251115,17,1765.5999999999995,286,9.35,2.02
20251115,7,895.9999999999994,147,7.01,1.94
20251115,42,1609.9999999999995,274,7.36,1.78
20251116,20,107.2,14,7.4,1.95
20251115,40,298.8,45,8.14,2.32
20251115,15,628.0000000000001,95,7.0,2.38
20251115,20,89.8,16,9.7,1.13
20251115,0,319.0,18,23.57,9.79
20251115,28,156.20000000000002,16,15.15,4.41
20251115,13,26.2,2,13.0,6.94
20251115,9,33.8,3,16.0,5.39
20251116,42,1250.6,205,5.86,1.88
20251115,16,200.8,24,8.18,3.39
20251115,35,26.4,3,14.0,4.06
20251116,44,2045.0000000000011,207,7.68,4.25
20251116,12,324.2,31,13.22,4.79
20251115,3,181.19999999999996,19,6.56,3.98
20251116,47,1813.7999999999997,243,8.2,2.75
20251116,39,735.5999999999996,93,10.3,3.03
20251116,6,2092.799999999999,328,7.04,2.07
20251116,3,282.0,27,6.16,4.54
20251116,11,1136.2,160,7.54,2.54
20251116,17,1264.0,196,7.18,2.14
20251116,5,1361.2000000000005,204,8.08,2.31
20251116,7,640.5999999999999,109,6.35,1.79
20251116,25,911.4000000000001,117,11.7,3.09
20251116,15,416.59999999999997,62,16.41,2.35
20251116,48,1545.0000000000002,221,9.51,2.49
20251116,2,1332.6000000000006,177,9.73,2.86
20251116,23,137.0,10,14.9,6.98
20251116,22,253.6,26,11.88,4.22
20251117,20,88.39999999999999,16,7.22,1.49
20251116,43,407.4,43,10.69,4.3
20251117,42,1277.3999999999996,231,9.65,1.88
20251116,40,62.4,8,11.67,3.17
20251116,16,114.0,13,6.1,3.55
20251116,18,271.0,29,8.24,4.0
20251116,45,22.200000000000003,2,0.0,5.73
20251117,44,1425.0999999999995,196,8.75,3.16
20251117,23,155.0,10,25.5,8.61
20251117,19,5.2,1,,0.0
20251117,25,874.3999999999997,141,11.43,2.45
20251116,28,21.6,4,9.0,1.38
20251117,34,160.0,13,8.58,6.44
20251117,11,989.2000000000003,163,9.3,2.33
20251117,5,1486.1999999999998,237,9.14,2.5
20251117,6,2251.0000000000023,387,9.14,2.07
20251119,15,434.40000000000003,76,9.88,2.15
20251117,22,103.39999999999999,16,10.08,2.72
20251116,35,54.0,5,6.67,5.21
20251116,0,116.4,7,15.86,8.55
20251117,0,805.9999999999999,40,28.62,11.9
20251117,17,1665.2,178,9.84,4.63
20251117,15,475.00000000000006,81,5.96,2.22
20251117,47,1616.6000000000001,250,8.79,2.56
20251117,7,642.1999999999999,121,7.8,1.75
20251117,43,509.40000000000003,58,12.55,4.39
20251124,46,44.4,3,10.0,8.56
20251124,2,1312.6,211,8.13,2.5
20251117,16,105.19999999999999,17,10.08,2.51
20251117,18,246.39999999999998,27,15.15,4.61
20251118,44,1327.3999999999999,198,9.64,2.87
20251117,28,86.00000000000001,10,7.67,4.29
20251117,35,38.4,4,27.33,4.81
20251118,47,1715.2000000000019,284,11.35,2.32
20251117,3,118.99999999999999,12,9.64,4.72
20251117,40,83.20000000000002,12,5.38,2.81
20251118,5,1537.6000000000006,249,9.07,2.43
20251118,15,467.3999999999999,82,8.25,2.08
20251118,2,1305.3999999999992,211,9.1,2.5
20251118,11,1121.2000000000003,175,8.27,2.58
20251118,17,1101.9400000000005,206,8.6,1.88
20251118,7,674.8,131,7.47,1.72
20251118,48,1340.4000000000008,213,11.74,2.49
20251118,42,1180.2000000000003,221,7.84,1.85
20251118,6,3137.1999999999994,411,8.17,2.2
20251118,25,885.0000000000001,146,9.92,2.42
20251119,20,100.20000000000003,20,11.36,1.26
20251125,13,52.2,2,50.0,15.83
20251120,12,160.8,24,12.79,2.92
20251118,40,50.8,9,6.25,2.12
20251118,23,145.4,12,19.55,6.57
20251118,20,152.20000000000002,28,8.35,1.78
20251118,18,235.8,27,16.16,4.35
20251124,0,598.7999999999998,21,42.3,17.78
20251118,9,11.2,1,16.0,6.22
20251118,39,630.8000000000002,108,10.61,2.23
20251118,16,61.6,9,14.14,2.96
20251122,44,2121.5999999999995,284,10.17,2.91
20251118,28,54.800000000000004,6,15.33,4.81
20251119,25,936.9999999999999,159,9.97,2.29
20251125,42,1204.4,199,7.92,2.31
20251119,5,1396.2,234,9.71,2.33
20251119,7,802.8000000000002,157,6.78,1.65
20251118,22,309.53999999999996,27,16.09,5.38
20251119,28,25.200000000000003,3,6.67,4.31
20251119,39,665.8000000000001,115,7.25,2.15
20251119,34,77.6,6,13.0,7.08
20251118,34,39.4,4,8.5,5.13
20251119,11,1139.8000000000002,192,8.68,2.27
20251119,17,1770.000000000001,201,7.81,4.24
20251119,43,424.1999999999999,54,12.24,3.79
20251119,47,1861.9999999999995,290,8.32,2.59
20251119,48,1003.6000000000003,170,8.81,2.27
20251119,44,1440.4000000000005,209,9.91,3.0
20251120,46,53.6,2,17.0,13.3
20251119,40,54.199999999999996,9,9.14,2.3
20251119,22,326.59999999999997,29,13.67,5.45
20251120,39,600.6,107,7.02,2.02
20251120,2,1619.2000000000005,239,10.26,2.88
20251120,11,1067.2000000000003,184,8.12,2.16
20251119,16,91.60000000000001,13,7.23,3.17
20251119,18,244.79999999999998,28,9.88,4.38
20251120,43,324.99999999999994,39,13.61,4.1
20251120,5,1422.7999999999997,231,9.5,2.46
20251120,18,136.99999999999997,14,14.58,5.15
20251119,3,126.0,16,5.33,3.55
20251120,48,1153.1999999999994,196,9.8,2.24
20251120,6,2028.6000000000008,359,9.25,2.04
20251120,44,1666.2000000000007,236,10.92,3.12
20251120,22,235.2,26,15.43,4.32
20251120,25,1073.8000000000004,174,9.74,2.49
20251120,42,1267.4000000000005,233,9.87,1.91
20251120,15,356.6,62,8.96,2.06
20251120,7,594.4000000000002,114,7.01,1.75
20251120,17,1119.4,193,11.45,2.19
20251120,47,1936.319999999999,309,8.06,2.44
20251201,20,155.39999999999998,29,7.91,1.42
20251121,2,1594.4,240,10.22,2.56
20251121,25,1109.8000000000004,178,10.29,2.28
20251126,25,956.5999999999998,159,7.24,2.36
20251121,43,346.59999999999997,40,17.59,4.01
20251121,5,1748.5999999999997,279,8.37,2.31
20251120,28,22.0,3,11.67,3.46
20251127,48,972.1999999999996,170,8.58,2.07
20251120,20,105.40000000000002,21,11.58,1.03
20251120,16,84.80000000000001,12,13.0,3.17
20251120,23,127.20000000000002,10,26.33,7.03
20251120,40,83.0,14,6.18,2.33
20251120,3,152.20000000000002,15,14.0,5.25
20251121,44,1789.6000000000006,245,10.04,2.98
20251121,48,1590.6000000000006,250,10.81,2.28
20251121,11,1333.6,214,8.42,2.17
20251206,37,231.2,1,0.0,143.2
20251121,6,3033.000000000003,486,8.52,2.14
20251121,42,1720.5999999999992,286,8.69,2.06
20251123,15,374.80000000000007,56,8.48,2.31
20251121,47,2398.399999999999,355,10.02,2.44
20251120,34,139.60000000000002,12,6.0,6.01
20251121,22,202.79999999999998,26,10.13,3.25
20251121,15,434.1999999999998,73,7.61,2.09
20251121,7,815.6000000000004,150,7.69,1.67
20251121,3,92.8,11,7.8,3.78
20251121,34,144.4,13,14.0,5.5
20251121,17,1545.6,267,9.64,1.95
20251121,39,784.1999999999999,133,8.51,1.97
20251122,20,102.6,20,7.75,0.88
20251121,12,175.60000000000002,25,7.67,2.8
20251121,40,121.80000000000003,20,11.07,2.16
20251121,23,301.79999999999995,16,26.7,10.58
20251205,42,1885.599999999999,290,7.7,2.19
20251122,2,1616.200000000001,235,8.24,2.51
20251122,5,2011.600000000001,298,7.74,2.41
20251121,18,373.79999999999995,44,10.18,3.96
20251122,11,1838.0000000000002,265,7.38,2.46
20251127,6,2397.5299999999997,449,8.21,1.92
20251122,34,216.0,18,9.93,5.75
20251122,6,2996.4000000000024,475,7.51,2.01
20251122,48,1657.1999999999998,240,8.53,2.43
20251122,25,1325.2000000000014,191,9.34,2.57
20251122,15,1344.9999999999998,90,7.62,7.6
20251122,42,1605.000000000002,283,8.1,1.66
20251122,47,2944.2000000000003,421,8.78,2.42
20251122,43,455.00000000000006,50,9.89,4.01
20251121,16,144.80000000000004,18,5.79,3.13
20251122,17,2128.600000000001,282,8.74,2.82
20251122,39,817.0000000000003,131,7.88,2.06
20251122,7,913.6,156,7.3,1.79
20251122,12,466.1999999999998,52,10.46,3.62
20251122,18,440.2,49,9.79,3.79
20251122,22,389.8,46,11.88,3.51
20251122,0,302.6,14,20.5,12.18
20251123,48,1704.7999999999993,205,7.84,3.04
20251122,40,127.2,17,10.58,2.81
20251122,16,157.59999999999997,15,8.78,4.91
20251123,5,1248.4000000000003,189,6.89,2.28
20251122,36,19.8,2,8.0,4.54
20251122,28,84.0,8,6.17,5.03
20251123,12,360.8000000000001,43,7.86,3.31
20251123,17,1268.9999999999998,194,8.04,2.24
20251123,20,70.6,13,5.71,0.8
20251124,6,2416.9999999999995,421,7.28,2.02
20251123,11,1157.3999999999999,168,7.66,2.38
20251123,7,485.3999999999999,93,6.05,1.4
20251122,23,178.99999999999997,14,15.0,6.22
20251123,42,1341.9999999999993,195,7.12,2.41
20251123,39,686.6000000000003,106,7.17,2.1
20251123,2,1023.2000000000003,141,6.45,2.71
20251123,6,2860.1999999999994,415,7.63,2.38
20251123,25,896.2000000000004,131,6.02,2.52
20251123,47,2061.0,293,7.8,2.44
20251123,16,62.400000000000006,9,7.33,2.33
20251123,36,24.0,1,25.0,12.31
20251123,44,1367.8000000000013,179,8.85,2.99
20251123,18,413.9999999999999,42,9.56,4.26
20251123,22,321.8,37,10.48,3.64
20251123,23,91.2,8,20.43,5.3
20251123,34,198.2,17,9.62,5.61
20251123,40,136.8,17,5.73,3.21
20251123,43,296.0,31,8.7,4.39
20251123,0,410.2,17,21.57,12.68
20251124,5,1590.6,253,7.55,2.48
20251123,29,80.0,1,5.0,20.77
20251124,34,132.0,11,9.78,6.28
20251124,44,1493.9,207,9.16,3.18
20251123,3,101.4,11,12.2,3.99
20251127,0,228.60000000000002,10,26.67,13.64
20251124,39,648.3999999999997,111,9.25,2.15
20251124,25,934.9999999999999,149,9.19,2.51
20251124,12,147.20000000000005,24,11.78,2.48
20251124,42,1134.4000000000008,207,8.95,1.84
20251124,17,1188.1999999999996,201,11.01,2.21
20251124,22,218.19999999999996,26,11.19,3.93
20251124,3,143.2,17,8.69,3.76
20251124,47,1803.9999999999993,257,7.94,2.9
20251124,48,1208.0000000000005,187,9.64,2.58
20251124,40,80.59999999999998,13,4.63,2.43
20251124,7,647.6000000000001,107,7.06,2.26
20251124,11,913.0,154,7.56,2.28
20251125,18,194.60000000000002,24,13.23,3.89
20251124,18,217.80000000000004,27,11.52,3.76
20251124,20,212.5999999999999,37,15.83,1.84
20251124,15,457.6,77,7.22,2.18
20251124,43,349.79999999999995,42,17.53,4.03
20251124,23,186.2,14,20.85,7.04
20251125,44,1339.8000000000009,206,10.43,2.74
20251124,16,49.4,6,14.17,4.06
20251129,44,2168.8000000000006,287,9.86,2.97
20251201,42,1388.0000000000002,244,8.16,2.02
20251125,22,177.99999999999997,25,14.71,3.22
20251125,34,156.4,15,11.85,5.58
20251125,6,2232.8000000000015,404,9.19,1.94
20251125,17,951.5999999999996,172,9.4,1.99
20251125,11,1070.1999999999991,176,7.62,2.41
20251125,15,386.2000000000001,67,6.53,2.07
20251125,48,1177.5999999999997,174,9.36,2.82
20251125,2,1352.0,210,10.1,2.68
20251125,43,398.40000000000015,50,12.44,3.82
20251125,47,1476.1999999999998,241,10.72,2.37
20251125,7,655.3999999999996,131,6.97,1.6
20251125,39,543.9999999999999,96,8.93,2.1
20251125,25,902.4000000000001,151,10.16,2.34
20251125,5,1640.2000000000007,228,10.68,3.15
20251202,7,626.1999999999999,122,5.86,1.7
20251125,12,125.2,20,7.29,2.58
20251130,6,2878.3999999999974,385,7.54,2.73
20251201,6,2474.200000000002,433,8.09,2.0
20251126,20,143.2,29,9.35,1.2
20251125,28,55.20000000000001,7,3.14,3.8
20251125,20,156.8,32,12.86,1.17
20251125,3,122.0,15,11.21,3.73
20251126,47,1698.9999999999993,286,7.69,2.23
20251126,17,1291.5999999999997,243,9.48,1.81
20251126,5,1328.4000000000012,220,9.22,2.38
20251126,18,250.4,29,13.0,4.33
20251126,19,5.2,1,,0.0
20251127,2,1436.3999999999992,217,10.0,2.8
20251126,11,1097.800000000001,185,9.19,2.29
20251126,42,1444.4000000000005,269,8.37,1.77
20251125,40,56.199999999999996,9,12.17,2.48
20251126,34,163.39999999999998,14,10.31,6.28
20251126,48,1487.2,234,9.36,2.57
20251126,44,1434.0000000000005,200,9.64,3.19
20251126,39,577.1999999999997,107,7.89,1.88
20251126,6,2193.4,406,7.4,1.87
20251126,2,1537.9999999999998,239,9.26,2.66
20251126,43,522.9999999999999,66,12.46,3.82
20251126,23,155.8,13,20.63,6.68
20251127,46,22.2,1,,13.28
20251126,7,612.6,121,7.55,1.63
20251126,22,183.2,26,11.24,3.2
20251126,0,209.4,17,15.58,6.7
20251126,15,469.8,77,8.82,2.41
20251127,17,1313.2000000000005,239,8.33,1.97
20251127,25,1183.4000000000003,195,9.82,2.43
20251126,3,79.8,9,8.11,4.38
20251127,44,1517.8000000000002,224,11.37,2.93
20251127,5,1584.6000000000008,274,8.98,2.21
20251127,43,502.19999999999993,59,12.04,4.27
20251127,11,1208.4,201,9.09,2.31
20251127,39,782.3999999999999,142,7.59,1.96
20251127,42,1594.8000000000015,303,7.91,1.73
20251127,23,107.20000000000002,11,13.0,4.89
20251127,7,628.0000000000001,126,5.88,1.56
20251127,47,2097.2,336,9.96,2.39
20251128,48,1958.0000000000018,278,10.08,2.68
20251127,9,50.599999999999994,4,15.75,7.14
20251127,15,502.6000000000001,85,7.79,2.29
20251127,22,191.0,29,10.15,2.83
20251128,18,313.6000000000001,34,19.63,4.26
20251203,12,189.6,29,9.79,2.74
20251202,25,782.4000000000001,129,12.48,2.44
20251202,43,522.8,64,15.39,3.93
20251127,40,50.8,7,8.4,3.24
20251202,1,95.0,1,81.0,56.91
20251127,3,96.0,12,7.0,3.72
20251127,20,181.2,36,11.74,1.39
20251127,16,55.60000000000001,8,12.0,3.13
20251205,47,2520.5999999999976,380,9.92,2.38
20251128,42,1607.6000000000006,270,8.81,2.04
20251128,44,1882.9999999999995,268,8.78,2.85
20251128,2,1413.1999999999998,214,10.2,2.5
20251128,17,1714.2000000000016,300,8.35,1.88
20251128,12,215.4,30,9.48,2.88
20251127,12,152.39999999999998,22,13.31,3.05
20251128,34,140.4,12,11.36,6.15
20251127,34,183.6,19,8.5,4.9
20251127,24,15.8,1,0.0,8.73
20251128,7,859.2000000000006,152,7.47,1.83
20251128,5,2024.2000000000003,327,10.71,2.24
20251128,3,126.8,15,9.75,3.79
20251127,18,132.4,16,15.85,3.95
20251128,11,1575.0000000000005,233,7.27,2.47
20251128,47,2539.4000000000005,399,8.97,2.22
20251128,25,1243.5999999999988,196,9.85,2.32
20251128,39,688.2000000000003,123,11.1,1.83
20251128,6,2994.0000000000005,500,8.82,1.97
20251128,43,452.7999999999999,52,15.4,3.97
20251129,20,119.60000000000001,21,6.2,1.06
20251128,15,675.2000000000002,95,9.33,2.73
20251128,0,1011.4,47,33.72,12.44
20251201,43,399.80000000000007,48,12.71,4.06
20251128,22,296.40000000000003,38,14.35,3.29
20251128,20,106.60000000000001,21,8.36,1.05
20251128,16,88.80000000000001,14,34.1,2.32
20251201,12,162.0,21,7.4,3.37
20251128,30,35.8,2,22.0,9.75
20251201,48,1134.1999999999996,186,10.77,2.32
20251129,6,3355.7999999999984,526,7.16,2.06
20251203,7,638.4000000000001,126,7.32,1.62
20251129,39,914.7999999999997,141,6.57,2.16
20251129,11,1751.8000000000013,261,8.77,2.31
20251129,17,1645.8,268,7.92,1.96
20251130,48,1711.7999999999997,234,8.11,2.72
20251129,48,2444.400000000001,320,8.82,2.82
20251129,25,2096.4,230,8.41,3.94
20251129,22,262.59999999999997,33,8.75,3.26
20251129,47,3077.6000000000004,410,8.1,2.76
20251129,15,606.3999999999999,96,8.61,2.13
20251129,2,1512.2,219,9.08,2.52
20251129,43,485.19999999999993,52,12.62,4.23
20251129,42,1540.3999999999996,277,6.79,1.64
20251129,7,947.7999999999993,142,6.56,2.36
20251129,18,430.4000000000002,48,10.41,3.93
20251129,5,1910.7899999999986,292,8.19,2.25
20251130,20,61.4,11,5.25,0.53
20251129,12,376.79999999999995,51,11.57,2.89
20251130,11,1466.2000000000003,210,6.94,2.49
20251129,0,287.59999999999997,12,28.45,14.07
20251129,40,122.60000000000001,19,5.54,2.18
20251130,5,1446.3999999999996,220,6.41,2.28
20251129,16,156.2,20,9.76,2.76
20251130,7,553.6000000000001,95,6.11,1.8
20251130,25,924.5999999999999,128,7.02,2.77
20251129,23,159.60000000000002,13,17.1,6.15
20251130,12,344.5999999999999,41,10.09,3.43
20251129,34,174.59999999999997,17,6.31,4.67
20251129,3,153.6,17,6.82,3.7
20251130,22,277.2,33,10.81,3.47
20251130,43,368.20000000000005,38,15.44,4.46
20251130,3,210.20000000000002,16,12.29,6.11
20251130,44,1636.2000000000003,211,8.37,3.02
20251130,2,1286.2,182,7.27,2.65
20251130,42,1313.3999999999994,211,6.26,1.94
20251130,17,1262.3999999999994,180,7.71,2.49
20251130,39,749.2,109,9.33,2.44
20251130,18,350.2,36,7.65,4.12
20251130,15,331.00000000000006,52,5.62,2.12
20251130,40,103.8,14,14.73,2.85
20251201,5,1654.8000000000002,265,9.08,2.46
20251201,2,1460.7999999999995,210,9.21,3.0
20251201,25,958.4000000000002,158,9.09,2.33
20251130,16,161.2,20,7.58,3.15
20251201,47,2181.0000000000014,322,8.19,2.77
20251201,44,1440.3999999999999,210,8.63,2.92
20251201,11,899.1999999999999,152,8.01,2.25
20251201,17,1245.6000000000008,220,8.63,2.03
20251201,39,752.1999999999999,128,9.31,2.21
20251201,7,1382.8000000000004,118,6.0,5.49
20251201,3,131.20000000000002,14,6.5,4.56
20251201,30,53.2,4,22.75,7.3
20251201,0,582.1999999999998,31,26.89,10.97
20251208,12,170.39999999999998,23,11.4,3.11
20251208,42,1279.0000000000007,228,7.08,2.0
20251201,22,144.39999999999998,18,10.69,3.87
20251201,18,405.79999999999995,35,8.77,6.14
20251201,16,56.0,8,8.63,3.13
20251201,15,393.60000000000014,68,9.82,2.13
20251201,23,192.79999999999998,15,16.86,7.06
20251202,5,1515.0000000000002,248,9.67,2.42
20251202,44,1515.7000000000007,219,8.88,3.03
20251202,15,469.00000000000006,77,8.2,2.4
20251202,2,1390.1999999999996,222,9.16,2.55
20251202,42,1332.8000000000009,258,7.45,1.72
20251202,48,1155.5999999999997,183,11.07,2.51
20251202,16,111.79999999999998,17,10.93,2.84
20251202,17,1209.9999999999998,218,7.86,2.02
20251202,6,2078.3999999999996,381,7.59,1.9
20251202,3,117.6,15,5.92,3.55
20251202,47,1651.0000000000005,279,9.68,2.25
20251202,11,1123.800000000001,182,7.45,2.42
20251203,44,1628.0,237,9.38,2.96
20251203,2,1634.5599999999997,236,10.88,2.91
20251203,5,1690.0000000000014,259,10.18,2.68
20251209,2,1379.099999999999,223,8.98,2.47
20251209,22,192.0,27,11.95,3.21
20251204,44,2254.7999999999997,249,9.45,4.48
20251202,18,195.6,24,10.05,3.97
20251202,22,190.20000000000005,29,9.48,2.83
20251202,20,176.59999999999997,33,8.48,1.6
20251202,12,172.80000000000004,29,7.92,2.31
20251202,39,550.5999999999998,96,10.2,2.16
20251203,28,56.79999999999999,7,9.57,3.95
20251202,30,102.0,5,13.25,12.04
20251202,36,35.8,2,23.0,10.54
20251203,42,1433.6000000000001,264,7.58,1.87
20251203,43,535.2,67,11.84,3.89
20251202,34,51.4,5,10.0,5.34
20251203,17,1340.5999999999995,232,7.74,2.16
20251203,11,1175.4,192,7.32,2.39
20251203,16,80.0,12,9.42,2.87
20251203,47,2144.4,336,8.2,2.53
20251203,48,1337.200000000001,217,9.92,2.4
20251203,39,693.1999999999997,117,8.32,2.24
20251203,6,2337.600000000001,428,7.77,1.87
20251206,11,2077.6000000000004,304,8.64,2.4
20251203,25,1035.3999999999999,171,8.81,2.38
20251203,23,136.79999999999998,13,16.91,5.55
20251203,35,8.2,1,12.0,4.16
20251204,5,1500.2000000000005,259,8.25,2.21
20251204,13,50.99999999999999,3,18.0,9.94
20251204,17,1382.9999999999998,248,9.6,2.03
20251208,44,1539.4000000000012,235,10.98,2.71
20251203,20,176.20000000000002,35,10.14,1.39
20251203,15,477.3999999999998,82,12.23,2.19
20251203,3,68.0,7,10.14,4.94
20251203,18,205.79999999999998,26,9.22,3.69
20251203,22,183.80000000000004,26,11.0,3.2
20251203,0,212.8,16,23.75,7.42
20251203,9,36.599999999999994,4,11.25,4.77
20251213,48,2319.3999999999974,346,10.18,2.29
20251204,40,165.20000000000002,23,9.67,3.14
20251204,28,37.8,5,10.0,3.62
20251204,2,1429.2000000000003,225,12.85,2.58
20251204,12,204.8,30,23.0,2.92
20251203,40,64.8,10,10.4,2.65
20251204,48,1170.4000000000003,203,7.99,2.14
20251204,42,1398.4000000000015,263,9.72,1.79
20251205,5,2056.499999999998,327,8.6,2.3
20251204,25,1046.9999999999995,171,9.7,2.4
20251204,6,2517.9999999999973,463,8.98,1.87
20251204,11,1268.1999999999996,215,7.59,2.22
20251204,47,2079.6000000000017,354,8.99,2.15
20251204,15,465.59999999999997,81,10.02,2.13
20251204,3,126.0,14,6.83,3.91
20251215,20,103.19999999999999,21,12.35,1.28
20251204,39,750.9999999999999,136,7.21,1.97
20251205,44,1994.600000000001,281,9.47,2.91
20251204,43,403.8,48,15.36,4.19
20251204,7,673.0000000000003,133,6.51,1.64
20251204,0,367.4,16,19.09,13.61
20251204,18,272.4,32,11.23,4.2
20251214,0,339.2,19,21.79,9.58
20251205,48,1740.5999999999995,269,9.52,2.33
20251204,9,32.4,3,25.33,5.93
20251204,46,72.2,2,43.0,21.98
20251204,20,114.2,24,8.73,1.02
20251205,11,1684.8000000000013,259,9.21,2.29
20251204,22,240.6,22,12.53,5.54
20251205,2,1711.8000000000002,258,10.48,2.52
20251205,39,857.4000000000003,129,8.98,2.44
20251205,28,60.4,9,10.43,3.07
20251205,16,75.8,10,12.8,3.31
20251204,16,69.4,11,8.25,2.5
20251205,6,2868.3999999999965,468,9.3,2.08
20251205,3,109.6,11,12.3,4.67
20251205,25,2122.2,208,9.25,4.84
20251205,18,277.6,29,11.44,4.65
20251205,7,902.0000000000001,164,8.41,1.77
20251205,22,290.8,27,15.57,5.22
20251205,17,1477.4000000000003,261,8.85,1.87
20251205,15,531.9999999999999,84,8.4,2.3
20251205,0,757.7999999999998,43,26.64,9.87
20251205,12,311.99999999999994,32,9.61,4.37
20251205,40,164.59999999999997,19,8.11,3.72
20251206,20,123.39999999999999,22,12.2,1.1
20251205,43,266.8,31,12.7,4.06
20251205,20,109.40000000000002,21,13.75,0.91
20251206,48,2130.2000000000016,298,8.86,2.6
20251206,44,2594.2000000000007,304,10.3,3.53
20251205,34,143.60000000000002,12,11.91,6.06
20251206,25,1496.1999999999998,220,8.52,2.48
20251206,42,1855.6000000000015,323,7.68,1.7
20251206,22,466.40000000000003,50,11.3,4.06
20251206,5,1632.6000000000004,252,8.59,2.22
20251206,3,298.40000000000003,30,9.61,4.35
20251206,39,1251.9999999999998,186,9.96,2.28
20251206,18,545.6000000000001,56,15.92,4.37
20251206,15,458.3999999999998,70,6.98,2.21
20251206,6,3454.3999999999987,551,8.78,1.98
20251206,17,1848.200000000001,300,8.0,2.05
20251206,47,3018.600000000001,411,10.24,2.67
20251206,7,926.0000000000003,163,5.93,1.69
20251206,43,392.0,43,13.0,4.15
20251206,2,1458.399999999999,217,10.82,2.41
20251206,12,312.79999999999995,40,14.79,2.99
20251206,40,155.0,23,7.0,2.36
20251207,44,1705.7999999999995,228,7.94,2.84
20251207,5,1203.8000000000002,185,7.59,2.27
20251206,0,239.59999999999997,16,29.0,7.95
20251207,6,2701.399999999999,384,7.67,2.49
20251207,18,362.40000000000003,38,10.48,3.95
20251206,16,108.4,14,12.15,3.02
20251207,47,1957.4000000000003,265,7.41,2.66
20251206,31,26.2,2,11.5,6.39
20251207,39,797.2000000000002,116,7.04,2.34
20251207,12,226.2,30,7.72,2.76
20251207,11,1378.3999999999999,200,9.04,2.38
20251207,42,1673.5999999999997,234,7.66,2.62
20251207,7,752.1999999999999,116,7.69,2.16
20251207,25,860.7999999999998,121,7.88,2.68
20251207,48,1667.3999999999996,252,7.71,2.2
20251207,2,1412.9999999999998,185,9.03,3.03
20251207,16,85.6,10,12.75,3.2
20251207,9,68.0,5,22.5,6.82
20251207,43,524.8,54,9.78,4.53
20251207,23,53.599999999999994,5,8.0,4.97
20251207,35,51.60000000000001,5,14.25,4.78
20251207,22,245.19999999999996,29,8.86,3.55
20251207,3,151.80000000000004,17,6.0,3.7
20251208,6,3097.0000000000045,438,8.67,2.93
20251207,40,189.39999999999998,25,6.89,2.87
20251207,15,373.80000000000007,54,6.28,2.54
20251207,0,116.8,3,38.33,22.21
20251208,25,937.6000000000003,155,9.95,2.36
20251208,13,120.2,6,30.0,11.85
20251209,12,162.60000000000002,26,8.0,2.53
20251212,2,2524.1999999999994,305,10.28,3.67
20251208,28,58.4,7,15.0,4.16
20251208,5,1617.5999999999992,222,9.6,3.15
20251208,2,1454.8,222,9.17,2.72
20251208,22,203.8000000000001,26,10.24,3.59
20251208,7,675.7999999999998,128,7.29,1.63
20251207,34,276.99999999999994,24,10.65,5.46
20251208,43,361.99999999999994,44,10.9,3.97
20251208,48,1312.6000000000004,214,9.05,2.36
20251208,47,1830.2000000000007,314,8.74,2.08
20251208,15,434.59999999999997,74,14.57,2.19
20251208,18,306.80000000000007,38,9.41,3.76
20251208,39,552.8000000000001,96,8.35,2.09
20251208,35,42.599999999999994,5,9.33,4.33
20251208,40,91.60000000000001,14,10.13,2.66
20251208,11,1878.8000000000002,173,8.32,5.14
20251208,17,1078.6000000000006,187,8.3,2.12
20251208,8,18.2,1,25.0,10.77
20251208,0,409.5999999999999,20,35.89,12.14
20251209,47,2115.5999999999995,284,8.01,3.29
20251208,16,75.6,11,13.9,2.92
20251209,39,495.19999999999993,90,7.86,1.97
20251208,20,144.4,27,13.41,1.35
20251208,23,116.59999999999998,10,17.6,6.36
20251209,1,95.0,1,83.0,59.58
20251209,42,1253.9999999999993,220,7.81,2.09
20251209,5,1515.7999999999997,252,9.27,2.35
20251209,25,929.9999999999997,154,8.03,2.41
20251209,17,1057.6000000000001,193,9.55,1.94
20251209,44,1521.1999999999991,231,9.09,2.8
20251209,48,1124.0000000000005,192,8.86,2.12
20251209,6,2398.8000000000015,431,9.34,1.96
20251209,7,599.8,118,7.56,1.64
20251209,43,457.1999999999999,48,15.19,4.72
20251209,11,1165.4000000000008,191,7.02,2.32
20251209,45,11.2,1,0.0,6.18
20251209,46,41.8,2,27.0,12.51
20251210,39,705.3999999999999,126,7.43,2.0
20251209,18,297.1999999999999,37,8.33,3.84
20251209,35,26.000000000000004,4,11.33,2.69
20251209,15,484.7999999999998,86,8.8,2.07
20251209,0,125.80000000000001,8,23.29,8.99
20251209,20,104.60000000000001,21,7.93,1.21
20251209,23,177.2,16,11.93,5.87
20251209,3,113.2,12,5.58,4.68
20251210,2,1546.4000000000003,224,10.1,3.0
20251210,48,1268.6000000000008,202,11.06,2.51
20251210,18,300.4,35,21.76,4.25
20251209,40,71.6,9,20.14,3.71
20251210,17,1256.799999999999,227,8.47,2.0
20251210,25,1093.8000000000002,186,11.83,2.28
20251210,42,1507.3999999999994,260,8.76,2.12
20251210,44,1516.7999999999997,230,9.71,2.78
20251210,47,1786.8000000000022,305,7.89,2.2
20251210,11,1274.4000000000005,207,8.96,2.45
20251210,22,252.79999999999995,36,13.4,3.19
20251210,5,1620.8000000000015,266,8.77,2.41
20251210,7,797.0000000000003,152,7.03,1.75
20251210,12,223.20000000000002,35,10.18,2.6
20251210,6,2373.600000000001,434,8.67,1.92
20251210,15,528.8000000000001,87,10.12,2.36
20251211,13,84.80000000000001,4,20.5,12.66
20251211,25,1091.7999999999993,178,10.56,2.48
20251211,5,1774.6000000000006,284,10.25,2.51
20251211,20,173.79999999999998,35,8.63,1.23
20251210,43,566.4,68,13.79,4.15
20251210,9,25.2,3,15.33,4.28
20251211,6,2835.0000000000027,497,9.01,2.05
20251210,20,145.20000000000005,29,10.22,1.39
20251210,28,24.799999999999997,3,9.0,4.18
20251210,23,301.6,16,25.0,11.28
20251215,2,1419.9999999999998,213,10.44,2.77
20251212,43,367.79999999999995,42,16.69,4.23
20251210,0,239.4,12,39.44,10.93
20251211,18,409.60000000000014,45,11.0,4.62
20251211,43,488.99999999999983,59,13.3,4.11
20251211,44,1859.8000000000002,263,8.8,3.13
20251210,34,107.60000000000001,11,9.0,4.86
20251211,2,1583.6000000000004,255,9.59,2.47
20251211,15,477.60000000000014,81,10.4,2.28
20251211,17,1240.6000000000001,218,8.86,2.11
20251211,11,1343.0,220,8.59,2.39
20251210,16,127.59999999999998,16,10.5,3.64
20251211,48,1464.4000000000008,247,9.28,2.26
20251211,23,141.0,12,10.18,6.38
20251210,3,72.0,10,5.33,3.23
20251211,28,81.60000000000001,10,7.38,4.02
20251211,39,680.2,123,8.42,1.98
20251211,47,2189.2000000000025,360,8.84,2.31
20251211,42,1495.7999999999997,277,7.3,1.88
20251211,3,80.6,10,9.33,3.79
20251212,44,1856.800000000001,256,10.44,2.98
20251215,46,28.6,1,0.0,16.18
20251211,34,135.99999999999997,14,8.09,4.93
20251211,22,370.6,46,9.61,3.78
20251212,6,3792.199999999998,558,10.57,2.44
20251211,7,614.4,123,7.34,1.59
20251212,5,2162.3999999999996,340,10.57,2.33
20251211,35,50.2,7,9.43,3.24
20251211,12,167.2,25,9.88,2.89
20251212,42,1607.0500000000002,275,9.41,1.96
20251213,40,269.59999999999997,31,12.1,3.42
20251211,0,212.79999999999998,10,26.9,12.65
20251211,9,47.6,5,13.25,4.98
20251212,20,262.59999999999997,30,10.0,3.4
20251217,43,429.40000000000003,53,13.67,3.97
20251212,22,256.80000000000007,32,11.72,3.61
20251215,5,1717.7999999999997,266,9.7,2.55
20251212,47,2921.5999999999976,441,9.72,2.42
20251212,17,1582.6000000000004,271,10.36,1.98
20251211,40,112.4,18,8.27,2.42
20251212,34,233.8,16,12.43,7.71
20251212,11,1793.8000000000002,274,9.95,2.33
20251212,12,355.59999999999997,47,10.36,3.05
20251212,48,1552.3999999999992,245,9.41,2.25
20251212,39,1028.0000000000007,158,8.3,2.27
20251212,7,912.4000000000004,162,7.34,1.77
20251212,25,1462.8,212,12.98,2.75
20251212,40,151.60000000000002,19,9.94,3.51
20251212,3,167.8,20,6.53,3.69
20251212,15,680.62,84,12.95,3.19
20251219,46,14.0,1,19.0,8.36
20251215,44,1797.7999999999997,248,14.09,3.18
20251218,0,501.8,20,42.26,14.12
20251212,16,51.6,7,9.0,2.93
20251212,18,346.2,39,10.5,4.05
20251212,23,197.19999999999996,15,22.92,6.8
20251212,0,329.3999999999999,18,29.94,10.3
20251212,35,44.8,5,15.0,4.1
20251215,47,2436.1999999999994,295,9.73,3.75
20251213,44,2699.800000000001,343,9.94,3.17
20251212,30,110.0,2,32.0,24.41
20251213,42,1928.9999999999993,326,7.43,1.8
20251213,6,4084.9999999999986,600,8.61,2.25
20251213,25,1430.600000000001,209,9.32,2.49
20251213,2,1811.0000000000002,238,9.85,2.96
20251213,7,980.1999999999996,176,7.88,1.56
20251213,17,1701.6000000000004,283,8.49,1.9
20251213,39,1004.9999999999998,151,9.27,2.24
20251213,12,522.4,63,9.95,3.22
20251213,11,2093.0000000000014,308,7.92,2.31
20251213,47,3630.8,462,10.34,2.96
20251213,5,2034.9999999999989,311,9.08,2.28
20251213,3,185.0,19,5.0,4.04
20251213,15,589.8,87,8.05,2.35
20251213,18,506.2,53,11.02,4.21
20251213,43,502.19999999999993,54,11.98,4.3
20251213,22,369.0,42,13.52,3.7
20251213,45,19.8,2,6.5,4.84
20251213,26,115.0,1,0.0,71.48
20251214,17,1558.6000000000008,241,8.25,2.16
20251214,12,267.40000000000003,30,11.0,3.56
20251213,23,114.0,8,15.57,6.97
20251214,18,383.99999999999994,38,6.77,4.46
20251214,11,1364.2,193,7.28,2.5
20251214,42,1545.6000000000015,241,6.65,2.05
20251213,28,79.6,7,16.0,5.51
20251214,6,2783.199999999998,417,7.11,2.21
20251214,20,160.20000000000002,13,19.33,5.27
20251213,16,111.40000000000002,13,6.58,3.32
20251213,34,272.00000000000006,23,14.67,5.66
20251214,15,387.0,63,8.3,2.05
20251214,44,2165.2,226,8.32,4.18
20251214,47,2580.559999999999,306,9.64,3.32
20251214,5,1676.200000000001,253,6.98,2.26
20251214,3,162.79999999999998,15,9.38,4.64
20251214,7,693.6000000000005,123,8.65,1.64
20251214,48,1800.8000000000002,247,9.01,2.69
20251214,40,168.0,21,9.73,2.87
20251214,25,1010.9999999999994,143,8.64,2.68
20251214,22,396.00000000000006,39,12.08,4.46
20251214,2,1299.8,177,8.26,2.81
20251214,39,801.3999999999997,118,8.87,2.33
20251214,28,58.0,6,5.0,4.16
20251214,43,429.8,43,10.63,4.65
20251215,18,246.2,16,8.87,8.11
20251221,48,1813.0000000000005,247,8.41,2.69
20251214,35,63.6,5,10.5,6.66
20251215,7,692.1999999999999,127,7.39,1.77
20251215,42,1280.4600000000005,232,9.92,2.19
20251215,0,494.20000000000005,25,30.3,11.45
20251214,16,125.20000000000002,16,9.5,3.03
20251214,34,152.79999999999998,14,8.45,5.07
20251215,43,535.0,49,13.7,5.57
20251214,23,159.60000000000002,16,12.0,4.59
20251215,17,1131.7999999999997,210,8.46,1.83
20251216,2,1512.1999999999994,245,11.3,2.49
20251215,6,2341.4000000000005,408,8.15,2.02
20251215,25,1035.9999999999998,165,10.19,2.51
20251215,22,204.79999999999995,27,11.81,3.38
20251215,11,1221.1999999999996,203,8.3,2.31
20251215,35,8.0,1,4.0,3.93
20251215,39,791.8000000000001,116,9.44,2.75
20251215,13,75.6,4,10.67,10.64
20251215,3,133.6,16,15.25,3.45
20251215,48,904.9999999999994,158,8.99,2.07
20251215,30,26.4,2,8.5,7.46
20251215,40,74.99999999999999,12,11.33,2.57
20251215,15,465.40000000000015,79,8.44,2.19
20251216,6,2484.800000000001,413,11.25,2.27
20251215,23,89.0,7,15.0,7.13
20251215,28,48.8,6,7.2,4.06
20251215,31,25.6,2,16.5,7.22
20251215,9,61.599999999999994,6,2.5,5.51
20251219,39,1175.0000000000005,173,10.73,2.48
20251215,16,81.99999999999999,13,5.67,2.34
20251216,11,1204.2000000000003,193,11.05,2.5
20251216,7,790.8000000000001,149,9.01,1.79
20251216,28,57.800000000000004,8,12.43,3.4
20251216,17,1240.2000000000003,217,8.65,2.15
20251216,5,1409.8000000000004,243,10.04,2.23
20251216,44,1617.4000000000008,240,10.17,2.93
20251216,42,1223.399999999999,232,8.79,1.8
20251216,47,1965.6000000000017,317,9.76,2.42
20251216,15,441.8000000000001,74,8.27,2.28
20251215,12,191.4,23,9.84,3.83
20251216,48,1311.400000000001,202,10.55,2.63
20251216,3,119.19999999999999,15,5.93,3.59
20251216,43,477.0,58,11.31,4.06
20251216,18,294.3999999999999,35,13.81,4.13
20251216,12,197.99999999999997,31,10.37,2.65
20251216,25,1066.5999999999995,172,11.97,2.48
20251216,22,235.00000000000003,32,14.54,3.34
20251216,16,67.6,10,10.44,3.01
20251216,46,59.6,3,,11.77
20251217,42,1818.3999999999999,257,8.04,3.02
20251216,40,64.8,10,6.13,2.7
20251216,27,5.4,1,9.0,1.95
20251216,39,688.6000000000001,126,9.03,1.91
20251216,20,97.20000000000002,21,6.0,0.82
20251216,24,15.6,1,27.0,9.06
20251216,34,129.4,13,8.18,5.15
20251218,22,252.80000000000004,35,11.61,3.19
20251218,42,1482.0000000000005,262,8.6,2.02
20251217,44,1763.2000000000003,254,10.59,3.04
20251217,2,1652.1999999999994,263,11.16,2.57
20251217,11,1007.4000000000001,161,9.11,2.51
20251217,39,816.2000000000006,128,8.39,2.54
20251217,25,1102.0000000000002,179,9.88,2.46
20251217,5,1684.800000000001,288,10.68,2.25
20251217,48,1310.199999999999,223,9.42,2.22
20251217,6,2801.400000000001,483,9.05,2.11
20251217,47,2326.599999999998,368,10.16,2.48
20251217,17,1170.8000000000002,211,9.55,1.99
20251217,7,746.5999999999998,147,7.54,1.61
20251217,15,405.79999999999995,70,9.13,2.15
20251217,18,247.00000000000003,31,10.5,3.85
20251217,20,128.8,27,8.89,1.18
20251217,23,174.2,13,14.4,6.86
20251224,23,155.8,10,12.0,6.03
20251217,22,241.79999999999995,34,8.24,3.19
20251217,12,210.19999999999993,28,11.28,3.39
20251217,28,42.0,6,8.83,3.2
20251217,0,467.59999999999997,22,30.05,12.38
20251217,16,118.20000000000002,14,12.42,4.03
20251218,17,1301.9999999999995,240,11.34,1.92
20251219,2,1912.0000000000007,272,11.16,2.79
20251218,2,1818.6000000000004,278,9.56,2.72
20251217,34,174.60000000000002,17,9.0,5.29
20251218,5,1587.2000000000005,267,9.51,2.33
20251218,44,1623.6,237,11.88,2.98
20251218,12,204.2,34,8.66,2.36
20251218,15,532.6000000000001,91,10.3,2.25
20251219,48,1607.8000000000004,259,9.04,2.18
20251218,40,55.0,10,7.25,2.01
20251218,47,2557.800000000001,392,9.82,2.56
20251218,11,1245.3999999999999,211,9.65,2.25
20251218,3,92.6,10,13.25,4.62
20251218,6,2948.6000000000013,482,9.1,2.33
20251218,48,1307.9999999999998,220,9.76,2.28
20251218,34,134.4,12,13.1,5.87
20251218,25,934.3999999999997,154,9.92,2.39
20251218,7,689.0000000000001,131,8.43,1.74
20251218,18,338.59999999999985,44,11.42,3.64
20251218,43,434.1999999999999,54,13.55,3.84
20251218,28,59.6,8,11.0,3.51
20251228,0,253.0,14,23.09,9.2
20251218,23,230.00000000000006,14,30.09,9.53
20251218,39,692.0000000000001,123,9.69,2.02
20251218,20,180.39999999999995,35,10.36,1.36
20251219,11,1754.400000000001,263,10.35,2.45
20251219,40,132.8,19,9.94,2.61
20251219,20,154.6,30,11.52,1.33
20251220,44,2695.4599999999996,333,10.03,3.25
20251219,5,2234.2000000000025,354,11.07,2.34
20251227,7,754.2,123,5.84,1.86
20251218,27,16.200000000000003,3,0.0,1.95
20251219,43,456.4000000000001,51,12.39,4.28
20251218,16,62.99999999999999,10,12.6,2.65
20251219,44,2156.2000000000003,305,10.93,2.86
20251219,17,1927.9999999999995,316,11.26,2.13
20251219,42,1772.4,302,8.32,1.94
20251222,48,1504.6,226,9.33,2.63
20251219,6,4050.8,588,10.3,2.49
20251219,25,1388.8,210,11.04,2.55
20251219,9,46.8,4,6.5,5.86
20251219,47,3088.999999999997,452,10.31,2.46
20251219,7,807.4000000000003,152,7.86,1.6
20251219,18,502.3999999999999,48,13.83,5.12
20251222,5,1635.4000000000005,270,11.27,2.36
20251220,6,4271.000000000001,612,8.48,2.43
20251219,34,237.6,20,14.35,5.99
20251220,40,191.79999999999998,26,9.9,2.83
20251219,15,497.79999999999995,76,8.58,2.44
20251219,16,141.59999999999997,18,8.08,3.19
20251219,22,233.8,30,7.96,3.43
20251219,45,45.8,2,19.0,13.78
20251219,12,299.2000000000001,38,9.88,3.24
20251231,47,1840.7999999999997,255,8.31,2.69
20260102,47,2584.7999999999997,319,8.25,3.2
20251221,2,1183.4000000000005,167,11.25,2.65
20251219,0,483.6000000000001,23,33.5,11.55
20251219,23,213.4,15,16.7,7.48
20251221,6,3033.9999999999995,424,7.66,2.49
20251219,3,121.99999999999999,12,17.17,4.77
20251220,25,1439.2000000000007,215,8.56,2.41
20251220,11,1960.7999999999997,289,8.52,2.33
20251219,28,54.199999999999996,6,6.67,4.41
20251220,2,2097.6,277,10.23,2.91
20251220,20,261.4,28,6.9,3.69
20251220,42,2056.199999999999,332,8.42,2.01
20251220,47,3530.599999999998,466,9.4,2.82
20251220,48,2629.4000000000005,347,10.33,2.84
20251220,5,2318.999999999999,345,9.15,2.42
20251220,17,1715.8000000000022,280,10.88,1.99
20251220,34,196.40000000000003,17,14.21,5.53
20251220,43,438.79999999999995,47,9.51,3.78
20251220,12,489.5999999999999,61,10.27,3.09
20251220,39,1109.4000000000008,156,8.77,2.45
20251220,18,890.8000000000001,77,13.46,5.55
20251220,15,516.6,83,6.73,2.04
20251220,22,482.79999999999995,49,10.03,4.27
20251220,7,937.5999999999998,156,6.12,1.88
20251221,20,68.39999999999999,12,49.4,0.69
20251220,3,228.80000000000004,21,10.18,4.79
20251220,0,233.0,14,25.09,8.99
20251220,23,129.4,11,7.75,5.34
20251224,48,1180.2,152,7.94,2.38
20251221,25,1046.8,147,8.37,2.68
20251221,43,487.59999999999997,48,11.17,4.72
20251221,11,1549.6,220,7.54,2.49
20251221,42,1521.6000000000008,247,7.28,1.98
20251221,34,207.6,18,9.33,5.53
20251220,28,106.39999999999999,11,11.7,4.42
20251223,11,1226.3999999999999,197,10.66,2.43
20251221,5,1803.1999999999987,254,7.79,2.58
20251221,47,2255.1999999999985,301,10.54,2.78
20251221,18,543.4000000000001,52,10.26,4.72
20251222,44,1766.199999999999,250,11.59,3.03
20251221,39,836.8,110,9.36,2.77
20251221,22,337.5999999999999,35,11.35,4.2
20251221,12,385.4000000000001,48,8.59,3.02
20251221,17,1298.2,209,7.7,2.1
20251221,28,40.0,4,11.0,4.47
20251221,7,789.3999999999999,129,6.61,1.88
20251221,16,121.40000000000002,16,8.73,2.57
20251221,44,1971.6000000000004,259,8.45,2.95
20251221,15,475.59999999999997,75,14.93,2.06
20251221,3,130.20000000000002,13,14.5,4.5
20251228,11,1290.6000000000008,189,6.71,2.35
20251223,6,4390.400000000004,499,10.57,4.15
20251221,0,592.8000000000001,20,32.28,15.92
20251222,25,1058.7999999999995,166,11.39,2.51
20251222,6,3067.999999999999,515,9.57,2.05
20251222,47,2292.8000000000006,347,13.2,2.55
20251224,25,945.8000000000004,120,13.57,2.67
20251225,44,1488.7999999999995,140,5.75,2.9
20251222,42,1378.0000000000002,215,10.37,2.42
20251221,30,28.0,1,22.0,14.63
20251222,22,277.2,36,12.5,3.48
20251222,11,1254.800000000001,211,10.87,2.18
20251222,17,1467.999999999999,257,11.1,2.06
20251222,2,1396.7999999999997,227,9.76,2.43
20251222,39,696.5999999999998,116,10.92,2.15
20251222,40,160.6,19,9.75,3.78
20251222,43,359.8,43,11.34,4.02
20251222,7,772.6,135,9.5,1.95
20251222,45,10.6,1,,5.87
20251224,20,137.00000000000003,23,7.93,1.11
20251222,0,536.9999999999999,25,27.71,12.48
20251223,15,452.00000000000017,73,10.73,2.38
20251222,38,125.0,1,102.0,78.84
20251223,23,68.0,5,23.67,7.6
20251222,15,445.6000000000001,77,9.52,2.11
20251222,12,183.4,25,10.31,3.17
20251222,9,22.4,2,17.0,6.25
20251222,3,84.19999999999999,11,14.8,3.37
20251222,18,289.40000000000003,30,30.3,4.88
20251222,20,129.60000000000005,21,14.27,1.81
20251223,20,114.00000000000001,22,15.31,1.27
20251222,16,33.0,6,4.67,2.01
20251223,34,136.0,12,13.4,6.01
20251223,44,1475.0000000000005,209,13.94,3.12
20251223,42,1117.4000000000003,211,8.76,1.76
20251223,17,1245.7999999999995,227,9.08,1.95
20251223,48,1304.0000000000002,190,8.41,2.86
20251223,47,2175.599999999997,342,10.84,2.5
20251223,5,1557.2000000000005,252,9.77,2.47
20251223,2,1549.0000000000016,208,10.13,3.3
20251223,12,211.8,31,6.85,2.86
20251223,39,749.5999999999998,117,10.78,2.53
20251223,25,1279.3999999999992,147,13.28,4.18
20251223,43,335.4,40,12.31,4.16
20251223,18,562.6,40,18.57,7.95
20251224,7,566.2,92,6.95,1.57
20251223,7,698.0000000000003,137,9.59,1.64
20251224,5,1398.6000000000006,191,7.58,2.35
20251223,13,49.0,3,42.0,8.2
20251223,0,258.6,10,32.2,16.17
20251224,17,1018.8000000000001,153,7.85,1.96
20251226,25,1909.9999999999998,190,5.86,2.63
20251223,40,100.80000000000001,8,20.17,6.74
20251224,11,1296.0000000000011,172,9.16,2.32
20251224,42,1219.8000000000009,179,7.77,1.92
20251224,39,830.9999999999998,100,8.42,2.33
20251224,47,1841.3999999999999,225,8.82,2.47
20251224,44,1582.3999999999996,187,10.16,3.0
20251224,2,1373.7999999999995,179,8.8,2.47
20251224,6,2942.3999999999983,386,8.71,2.25
20251224,18,289.0,27,14.0,3.84
20251224,43,320.00000000000006,32,14.13,3.97
20251224,34,170.39999999999998,11,10.9,7.56
20251224,12,234.2,27,11.78,2.61
20251224,15,516.8,67,9.05,2.28
20251225,2,1108.1999999999998,73,8.53,4.72
20251224,28,71.6,6,9.25,4.58
20251225,48,960.1999999999998,96,10.92,2.61
20251225,18,217.4,17,6.08,3.87
20251224,22,230.0,24,10.71,3.92
20251225,22,427.8,29,12.67,4.78
20251225,5,1240.600000000001,129,7.48,2.44
20251225,20,38.0,6,,0.02
20251225,11,858.8000000000002,93,7.49,2.26
20251225,17,995.3999999999997,106,8.58,2.33
20251225,25,727.0,76,8.74,2.41
20251225,12,162.00000000000003,15,8.11,2.97
20251226,20,117.4,16,7.63,1.01
20251225,43,299.99999999999994,21,8.28,4.55
20251225,42,922.0000000000001,104,5.23,2.1
20251225,6,928.8000000000001,106,6.05,2.03
20251225,7,570.6,61,6.4,2.3
20251225,15,169.20000000000002,18,4.47,2.34
20251225,47,215.60000000000005,23,6.63,2.33
20251225,40,86.6,7,5.0,3.7
20251225,27,10.0,1,6.0,2.65
20251226,47,1909.8000000000006,200,6.56,2.41
20251225,3,63.400000000000006,4,5.0,5.28
20251226,40,291.20000000000005,27,8.29,2.97
20251226,12,407.40000000000003,38,7.0,2.93
20251225,39,200.39999999999998,20,6.0,2.62
20251226,44,2812.1999999999985,268,7.36,2.82
20251226,2,1582.8000000000009,144,7.41,3.06
20251226,5,1999.5999999999992,215,6.9,2.29
20251226,42,1251.2000000000007,143,5.69,2.04
20251226,48,1513.2000000000003,162,6.25,2.3
20251226,6,2578.4000000000015,272,7.43,2.37
20251226,11,1664.7999999999997,148,7.05,3.18
20251226,7,1035.7999999999995,122,5.08,1.9
20251226,23,361.6,19,12.46,6.72
20251226,17,1724.7999999999995,193,6.68,2.13
20251226,18,672.2000000000002,51,7.55,4.05
20251226,39,576.4,68,5.9,1.91
20251226,34,227.79999999999998,15,5.5,4.97
20251226,43,725.1999999999998,52,9.98,4.41
20251226,22,303.2,23,10.16,4.07
20260109,20,127.60000000000002,24,10.13,1.2
20251226,28,132.4,10,8.63,4.08
20251226,9,35.8,2,9.5,6.23
20251226,15,509.80000000000007,58,6.6,2.06
20251227,15,452.19999999999993,60,8.25,2.5
20251227,22,243.8,23,8.68,4.17
20251227,43,470.8,48,13.11,4.21
20260101,12,460.20000000000005,44,7.87,3.47
20251227,39,1010.8000000000002,155,7.19,1.96
20251227,5,1734.3999999999999,249,8.54,2.38
20251227,2,1583.6000000000015,217,8.73,2.56
20251227,19,6.4,1,,0.0
20251229,43,315.40000000000003,34,9.27,4.41
20251226,16,155.4,16,8.79,2.44
20251227,25,1273.0000000000007,176,9.55,2.48
20251227,47,2320.6,296,8.78,2.81
20251226,3,261.2,19,12.12,4.31
20251227,16,85.60000000000001,10,10.22,3.09
20251227,42,1968.5999999999992,276,6.89,2.29
20251226,36,34.2,1,21.0,13.6
20251227,44,2554.6000000000004,315,10.61,3.0
20251227,11,1773.1999999999996,264,7.61,2.15
20251227,12,354.6,45,8.57,2.7
20251227,6,3300.7999999999975,450,7.2,2.33
20251227,48,1697.4000000000008,222,8.61,2.58
20251227,23,243.4,14,19.67,9.11
20251227,34,241.39999999999998,19,6.25,5.05
20251227,40,156.6,19,13.92,3.07
20251227,17,1546.2,237,7.36,2.08
20251227,31,24.6,1,17.0,9.25
20251227,9,55.2,4,29.33,6.4
20251228,20,106.60000000000001,12,20.8,2.42
20251227,20,63.800000000000004,13,5.89,0.78
20251227,18,585.8000000000001,53,15.26,4.44
20251227,0,256.6,14,25.7,10.2
20251229,47,1762.1999999999998,280,7.78,2.4
20251227,3,124.39999999999998,12,10.67,4.06
20251228,6,2224.000000000001,351,7.4,2.03
20251227,46,31.4,1,,18.42
20251228,17,1091.4000000000003,173,7.3,2.08
20251228,5,1312.3999999999994,191,7.82,2.46
20251228,48,1552.800000000001,225,7.56,2.4
20251228,44,1559.399999999999,193,11.58,3.27
20251228,47,1926.0000000000002,241,7.66,3.06
20251228,42,1054.8,184,6.01,1.68
20251228,43,384.6,42,10.68,4.09
20251228,39,615.4000000000001,93,7.26,2.22
20251228,22,195.8,22,7.57,3.67
20251228,18,531.7999999999998,54,10.0,4.35
20251228,7,536.0000000000001,94,5.13,1.7
20251228,2,1130.8,147,7.82,2.92
20251228,25,876.6,121,6.62,2.71
20251228,15,354.09999999999997,44,8.85,3.1
20251228,12,282.59999999999997,38,10.32,2.68
20251229,6,2106.200000000001,368,8.81,1.96
20251229,20,105.40000000000002,20,6.0,1.11
20260101,6,2912.7999999999993,336,7.38,2.19
20251228,34,218.40000000000003,16,10.5,6.67
20251229,2,1157.3999999999999,169,8.71,2.82
20251228,23,123.8,11,10.29,5.47
20251229,21,70.0,1,76.0,42.04
20251228,40,133.39999999999998,16,10.5,3.28
20251229,12,252.4,36,7.5,2.98
20251229,25,879.1999999999999,139,9.06,2.49
20251229,44,1229.6,170,10.53,3.1
20251229,11,1291.600000000001,205,8.2,2.44
20251229,17,1074.7999999999993,184,9.01,2.15
20251229,16,64.2,10,9.56,2.72
20251229,42,961.3999999999997,168,6.64,1.96
20251229,48,1065.8000000000006,172,7.66,2.26
20251229,5,1481.799999999999,225,8.84,2.65
20251229,7,549.9999999999998,107,9.02,1.65
20251229,40,197.4,27,6.5,3.0
20251229,3,122.19999999999999,14,7.69,4.06
20251229,15,522.8000000000001,87,6.28,2.22
20251229,18,379.00000000000017,41,17.1,4.36
20251229,0,455.8,29,18.38,9.03
20251229,39,595.3999999999999,104,7.73,2.02
20251229,22,157.8,20,19.0,3.59
20251229,35,24.400000000000002,3,8.5,4.07
20251229,28,70.39999999999999,7,3.4,4.79
20251230,44,1343.9999999999998,193,8.92,3.07
20251230,20,178.20000000000002,29,11.7,2.0
20251230,7,496.19999999999976,93,8.96,1.81
20251230,48,1059.4000000000005,174,7.02,2.31
20251230,5,1214.5999999999985,208,7.53,2.23
20251229,9,37.8,3,108.0,6.84
20251230,11,1135.2000000000007,182,9.68,2.4
20251229,23,93.8,8,6.43,6.33
20251230,27,6.0,1,9.0,2.43
20251230,2,1042.4000000000003,166,8.15,2.51
20251230,47,1532.5999999999992,244,10.24,2.48
20251230,17,1030.0,178,8.52,2.18
20251230,15,360.59999999999997,65,8.63,1.96
20251230,39,520.1999999999998,89,9.97,2.14
20251230,42,937.0,182,7.95,1.67
20251230,6,2482.3999999999987,424,8.3,2.15
20251230,22,132.0,18,12.18,3.26
20260106,43,291.7999999999999,35,11.0,4.14
20251230,25,765.8000000000002,118,8.89,2.7
20251230,40,122.20000000000002,18,8.0,2.9
20251230,3,126.6,15,2.64,4.01
20251231,25,1032.9999999999998,146,9.44,2.64
20251230,33,93.8,2,47.5,27.88
20251230,43,269.4,31,11.4,4.35
20251231,42,1443.8000000000004,251,7.34,1.73
20251230,12,192.20000000000002,29,8.76,2.78
20251230,35,8.0,1,,4.01
20251230,18,189.20000000000002,23,11.32,3.99
20260102,34,206.2,18,9.0,5.02
20251231,5,1649.200000000001,253,8.97,2.42
20251231,20,99.60000000000001,20,8.3,0.92
20260103,29,50.0,1,30.0,22.29
20251230,0,166.0,6,52.33,16.34
20251231,11,999.2,154,8.56,2.18
20251231,39,575.9999999999999,95,7.22,1.98
20251230,28,48.39999999999999,5,16.0,4.86
20251230,23,25.8,2,5.0,7.13
20251231,44,1881.9999999999995,244,8.89,3.07
20251231,15,418.2000000000001,60,10.2,2.43
20251231,34,170.0,13,12.45,5.93
20251230,13,16.8,1,,9.48
20251231,6,2598.3999999999987,424,7.36,1.97
20251231,16,93.6,12,7.89,3.09
20251231,43,433.19999999999993,45,12.1,4.66
20251231,22,374.4,45,7.71,3.26
20251231,48,1215.999999999999,190,8.5,2.24
20251231,2,1366.8000000000006,213,7.91,2.46
20251231,17,1423.6000000000006,233,7.64,2.08
20251231,12,329.00000000000006,42,7.0,2.74
20251231,7,535.4,97,5.09,1.59
20251231,40,97.19999999999999,16,7.93,2.22
20251231,45,37.0,3,12.0,6.94
20260102,42,1163.2000000000005,198,8.91,1.89
20251231,18,322.99999999999994,37,8.35,3.93
20260101,22,604.8000000000001,49,9.15,4.7
20260101,20,199.99999999999997,19,11.36,2.77
20260101,48,1632.199999999999,198,7.65,2.25
20260101,0,87.2,4,3.0,9.0
20260101,7,706.2000000000004,84,5.99,2.13
20260101,47,2174.4000000000005,214,6.62,3.09
20260101,39,827.2,96,6.36,2.29
20260101,2,1553.3999999999996,141,8.52,3.38
20260101,44,1961.8,200,8.1,2.79
20260101,17,1285.6,151,6.06,2.13
20260101,42,1567.1999999999998,198,5.69,1.89
20260101,11,1508.6,171,6.13,2.22
20260101,18,551.7999999999998,51,6.75,3.51
20260101,5,1828.8,190,9.05,2.63
20260101,25,1110.3999999999999,111,6.74,2.83
20260101,15,448.2,50,6.88,2.31
20260101,3,183.2,13,5.33,4.79
20260101,43,458.5999999999999,37,7.04,4.24
20260101,23,144.2,9,12.8,6.13
20260101,30,88.6,2,40.0,21.05
20260101,40,345.79999999999995,31,6.74,3.37
20260103,23,131.2,8,22.57,8.55
20260102,18,346.0,35,9.52,4.41
20260101,16,141.0,12,7.91,3.51
20260102,7,733.2000000000003,122,6.23,1.88
20260102,22,268.79999999999995,35,9.67,2.92
20260102,5,1608.8,250,8.2,2.31
20260102,44,1835.4,242,12.82,2.95
20260102,6,2361.3999999999996,389,7.97,1.92
20260102,48,1465.2000000000003,224,9.13,2.25
20260102,25,935.8,137,8.57,2.57
20260101,34,168.79999999999998,10,17.0,5.85
20260102,41,24.0,1,20.0,10.3
20260102,11,1260.200000000001,195,8.46,2.22
20260102,39,690.1999999999999,103,7.74,2.39
20260102,12,189.59999999999997,26,7.59,2.82
20260102,17,1248.3999999999996,206,7.98,2.04
20260102,2,1334.0000000000007,194,7.69,2.63
20260102,16,75.39999999999999,10,7.89,2.83
20260105,16,43.2,5,8.0,4.27
20260102,0,384.99999999999994,25,27.32,8.41
20260105,48,579.4,91,13.1,2.5
20260102,15,348.40000000000003,53,8.65,2.45
20260102,23,110.39999999999998,9,17.43,6.4
20260104,2,442.00000000000006,60,8.32,2.85
20260102,43,470.6,51,11.46,4.26
20260103,48,1014.1999999999997,156,8.05,2.2
20260103,43,284.4,30,11.1,4.25
20260103,17,1067.0,188,8.9,1.77
20260103,20,96.80000000000001,16,6.75,1.29
20260114,6,2121.399999999999,384,8.22,1.96
20260104,44,585.4000000000002,78,7.85,2.88
20260103,6,2229.000000000002,369,7.72,1.88
20260103,5,1234.7999999999997,186,8.87,2.33
20260103,40,74.6,12,7.63,2.12
20260103,11,1252.2000000000003,174,7.18,2.51
20260103,42,1367.2000000000003,190,6.76,2.54
20260103,44,1339.9999999999995,178,8.98,2.98
20260103,7,619.8,92,5.7,2.35
20260103,25,972.8000000000001,142,9.12,2.49
20260103,3,99.0,10,6.86,4.38
20260103,47,1700.3999999999996,241,8.56,2.53
20260103,2,1160.2000000000005,163,8.93,2.73
20260103,39,638.8000000000003,104,6.98,2.0
20260103,12,207.0,24,6.23,3.56
20260103,45,10.8,1,12.0,5.5
20260103,18,222.8,23,11.13,4.36
20260104,15,178.4,24,7.48,2.83
20260103,16,125.8,16,7.17,3.01
20260103,15,345.4,55,6.36,2.08
20260103,0,450.79999999999995,27,15.93,9.03
20260104,20,27.0,6,69.0,0.06
20260103,9,47.4,4,12.5,5.67
20260104,25,392.3999999999999,53,8.33,2.8
20260104,17,301.6000000000001,46,8.32,2.21
20260104,6,921.6000000000003,143,6.05,2.12
20260104,11,456.0,67,8.89,2.34
20260103,22,211.40000000000003,21,17.75,4.26
20260104,42,534.2,75,6.93,2.51
20260104,47,844.0000000000001,112,8.73,2.81
20260104,18,106.39999999999999,11,7.0,3.9
20260104,5,514.6,75,6.06,2.49
20260104,48,514.0,57,12.89,3.84
20260104,12,65.6,8,5.14,3.44
20260104,9,29.8,1,19.0,15.8
20260104,39,318.20000000000005,34,11.34,4.01
20260104,34,64.2,6,4.0,5.09
20260104,7,341.8,54,6.95,2.09
20260104,43,137.6,15,11.82,4.11
20260104,0,533.2,15,40.2,19.91
20260104,3,57.39999999999999,7,4.71,3.3
20260105,5,781.1999999999998,120,8.03,2.66
20260104,40,33.6,5,6.67,2.25
20260105,17,607.0000000000001,99,9.86,2.38
20260105,42,582.8000000000001,110,7.28,1.72
20260105,39,277.20000000000005,45,7.8,2.41
20260105,44,860.2,102,10.58,3.94
20260105,6,1122.4,201,7.39,1.93
20260105,25,413.5999999999999,61,7.87,2.86
20260105,47,796.6000000000004,130,7.65,2.29
20260105,2,838.5999999999997,110,9.77,3.46
20260105,7,305.0,58,6.67,1.72
20260112,13,78.80000000000001,4,22.75,11.67
20260105,31,31.6,2,,9.12
20260105,11,578.0,90,8.65,2.54
20260105,0,589.2,29,35.0,12.14
20260106,0,361.0,15,33.69,15.28
20260106,48,1082.4,177,7.36,2.33
20260105,15,172.8,32,7.36,1.92
20260106,17,879.4,152,8.81,2.17
20260105,18,132.0,16,9.2,3.85
20260107,2,1520.8000000000004,231,11.2,2.77
20260105,22,124.20000000000002,12,15.89,5.12
20260105,43,126.80000000000001,15,11.58,4.27
20260106,47,1484.8000000000002,226,7.59,2.67
20260106,6,1738.2000000000019,303,11.01,2.07
20260105,34,111.2,9,13.86,6.48
20260106,11,779.8,134,6.44,2.16
20260106,7,419.0,83,5.89,1.62
20260106,44,1155.6000000000001,175,8.78,2.81
20260106,28,41.4,6,8.6,3.13
20260106,18,113.00000000000003,13,11.2,4.34
20260106,15,372.7999999999999,52,9.9,3.09
20260106,25,485.59999999999985,83,6.35,2.23
20260106,42,938.2000000000004,175,7.14,1.85
20260113,22,171.4,24,10.89,3.14
20260106,22,133.6,20,8.0,2.9
20260106,12,184.79999999999998,27,9.59,2.94
20260106,5,1104.9999999999998,181,7.75,2.38
20260106,39,394.0000000000001,71,5.34,2.0
20260106,13,53.0,2,19.0,16.08
20260107,20,113.40000000000002,23,8.92,1.06
20260106,2,1233.0000000000005,184,7.9,2.82
20260106,16,78.2,8,21.57,4.97
20260106,20,78.4,16,11.8,1.13
20260106,23,159.79999999999998,15,12.58,5.67
20260107,17,1291.2000000000003,220,8.85,2.23
20260106,31,16.0,1,23.0,7.73
20260108,40,115.4,19,5.47,2.43
20260107,42,1847.8000000000002,221,7.23,3.9
20260107,48,1020.4000000000005,153,9.41,2.77
20260107,6,2079.4000000000015,377,9.94,1.93
20260106,34,57.0,5,8.0,6.27
20260107,43,288.4,35,11.91,4.05
20260107,5,1523.6000000000006,252,9.37,2.36
20260107,39,487.99999999999994,89,10.0,2.0
20260107,44,1249.3999999999992,188,9.71,2.82
20260107,12,194.39999999999995,25,8.82,3.59
20260107,25,947.3999999999995,160,8.86,2.29
20260107,47,1573.4000000000003,274,7.61,2.1
20260107,7,644.1999999999998,125,7.88,1.71
20260107,22,271.79999999999995,33,13.91,3.98
20260107,15,444.6000000000001,78,6.38,2.14
20260109,17,1443.6000000000001,252,9.2,1.95
20260108,20,123.00000000000003,22,9.76,1.86
20260107,16,67.39999999999999,12,12.11,2.32
20260107,11,1106.999999999999,189,7.83,2.2
20260107,35,30.6,4,9.0,3.78
20260107,45,10.6,1,10.0,5.87
20260108,23,426.40000000000003,21,31.29,12.26
20260107,23,206.79999999999998,16,21.2,7.19
20260107,13,75.6,4,19.25,10.69
20260107,9,35.6,4,2.5,4.61
20260107,18,256.59999999999997,30,7.85,4.22
20260107,34,115.60000000000002,12,9.6,4.95
20260107,0,133.4,9,20.38,8.37
20260107,40,38.6,7,9.57,2.04
20260108,5,1370.9999999999995,235,8.8,2.23
20260108,6,1980.0,362,7.86,1.9
20260108,25,732.0000000000001,127,7.67,2.21
20260108,11,1158.4,197,9.06,2.26
20260108,42,1343.6000000000006,245,8.24,1.94
20260108,2,1349.5999999999995,213,10.66,2.57
20260108,34,179.0,14,13.83,7.05
20260108,22,141.0,21,9.47,2.9
20260108,44,1391.2000000000005,208,11.73,2.86
20260108,47,1660.0000000000014,278,7.77,2.25
20260108,17,1201.3999999999987,215,10.52,2.03
20260108,48,1104.8,186,9.37,2.25
20260108,18,236.39999999999998,28,10.09,4.13
20260108,43,433.99999999999983,48,23.37,4.58
20260108,39,619.0000000000001,109,8.98,2.1
20260108,28,23.4,3,6.0,3.83
20260108,15,379.59999999999997,64,8.21,2.32
20260108,7,701.2000000000002,132,7.46,1.79
20260108,0,295.0,10,26.11,16.04
20260108,35,31.6,4,7.67,3.88
20260109,11,1388.1999999999998,212,7.83,2.33
20260108,16,63.400000000000006,10,10.5,2.64
20260109,30,29.0,2,18.5,7.96
20260108,3,123.39999999999998,15,6.71,3.74
20260109,42,1545.6000000000017,270,8.69,1.9
20260109,44,1913.8000000000004,268,9.64,2.93
20260110,23,122.8,10,15.29,6.04
20260109,47,2155.4000000000005,342,10.7,2.16
20260109,12,152.6,20,10.59,3.25
20260109,25,1171.2,176,9.57,2.57
20260109,48,1505.0,240,8.83,2.32
20260109,5,1789.4,286,10.58,2.29
20260109,6,3118.799999999996,502,9.15,2.12
20260109,22,245.79999999999998,33,11.15,3.08
20260109,2,1401.7999999999995,205,10.67,2.7
20260109,15,485.6,77,9.81,2.22
20260109,39,716.0000000000002,120,7.56,1.94
20260109,7,762.7999999999998,139,6.57,1.69
20260110,2,1322.6000000000008,183,7.36,2.78
20260116,17,1443.3999999999999,243,10.11,2.05
20260109,18,224.0,28,9.88,3.59
20260109,40,88.39999999999999,14,7.0,2.34
20260109,16,122.4,16,10.92,3.07
20260109,34,174.6,13,14.08,6.89
20260109,43,506.20000000000005,58,14.62,4.05
20260110,48,1319.3999999999996,206,7.3,2.04
20260109,0,327.3999999999999,18,27.4,10.12
20260110,11,1412.6000000000001,203,6.54,2.42
20260110,13,13.0,1,8.0,5.83
20260115,47,1862.0,304,7.41,2.36
20260118,47,1907.9999999999995,255,7.7,2.78
20260110,43,403.6,45,11.58,3.93
20260110,39,792.4000000000001,126,9.54,2.12
20260110,27,8.6,1,9.0,3.94
20260110,25,1080.5999999999995,157,7.55,2.53
20260110,15,422.0,63,12.07,2.42
20260110,6,2670.7999999999997,436,7.32,1.89
20260110,44,1814.3999999999996,235,10.13,3.06
20260110,18,280.0,31,9.31,3.9
20260110,7,624.8000000000002,114,6.53,1.52
20260110,3,82.2,9,10.83,3.47
20260110,42,1446.1999999999998,239,7.05,1.9
20260110,17,1372.9999999999998,223,6.94,2.03
20260110,47,2163.800000000001,321,7.56,2.33
20260110,34,141.2,12,11.75,5.7
20260110,5,1821.1999999999991,279,7.95,2.29
20260110,12,219.20000000000002,31,7.11,2.5
20260110,40,143.2,16,6.36,3.84
20260110,20,153.4,27,11.47,1.34
20260117,0,264.4,19,18.14,7.34
20260111,18,203.2,22,6.6,3.95
20260110,22,194.8,22,8.05,4.07
20260110,0,174.2,9,32.71,10.48
20260111,6,2201.999999999999,345,6.51,2.01
20260111,15,863.2000000000002,50,6.82,8.52
20260111,42,792.4000000000002,138,5.87,1.69
20260111,2,1097.1999999999996,153,9.56,2.69
20260111,17,965.4000000000003,157,6.49,1.95
20260111,25,715.6,110,6.25,2.25
20260110,16,149.0,18,11.44,3.14
20260111,11,899.4000000000001,131,7.15,2.39
20260111,34,142.4,13,6.25,4.93
20260111,5,1191.6000000000004,175,6.54,2.44
20260111,47,1747.2000000000012,242,7.86,2.59
20260111,48,1310.399999999999,196,8.04,2.28
20260111,40,101.60000000000001,14,7.27,2.55
20260111,12,120.2,18,6.44,2.39
20260111,44,1367.6000000000001,192,8.79,2.63
20260111,43,236.80000000000004,23,14.32,4.74
20260111,7,547.4,96,4.93,1.64
20260111,22,208.8,24,6.61,3.69
20260112,20,136.4,27,10.11,1.22
20260112,6,2334.2000000000025,414,7.56,1.96
20260112,25,928.5999999999997,149,7.17,2.43
20260112,48,1052.4000000000003,165,8.89,2.55
20260112,15,429.7999999999999,73,6.5,2.25
20260112,44,1343.6,196,7.32,2.91
20260112,34,148.6,13,9.36,5.65
20260111,23,106.80000000000001,9,19.71,6.08
20260112,2,1528.6,224,9.46,2.93
20260111,3,90.2,9,4.0,4.36
20260111,39,457.0,59,7.92,3.2
20260112,42,1113.5999999999997,199,8.08,2.01
20260112,5,1352.8000000000002,216,9.48,2.49
20260112,7,505.2,98,6.65,1.65
20260112,39,529.9999999999999,95,6.44,1.94
20260111,16,87.19999999999999,13,7.0,2.16
20260112,28,71.2,7,7.67,5.41
20260112,17,1273.8000000000002,220,7.66,2.17
20260112,47,1292.2,216,7.87,2.24
20260112,11,951.4000000000002,164,9.16,2.15
20260112,16,59.4,7,10.14,4.05
20260119,12,147.2,19,9.17,3.62
20260113,2,1359.3999999999996,209,8.49,2.73
20260113,25,745.0000000000002,122,9.84,2.44
20260113,18,245.59999999999997,29,10.4,4.18
20260112,18,293.59999999999997,35,10.55,4.08
20260113,15,522.0000000000002,92,10.17,2.11
20260112,43,444.8,54,11.91,3.99
20260112,0,326.0,21,20.0,8.97
20260112,22,112.19999999999997,17,10.62,2.8
20260113,11,1034.8000000000006,171,6.85,2.34
20260113,43,375.9999999999999,50,13.21,3.56
20260113,6,1949.599999999999,356,10.13,1.89
20260114,25,895.6,149,7.81,2.39
20260113,44,1326.0000000000007,193,8.61,3.0
20260113,48,948.1999999999998,165,7.99,2.11
20260113,34,130.4,13,9.73,5.3
20260113,39,458.80000000000007,82,7.68,2.03
20260113,23,218.39999999999998,11,20.1,11.36
20260113,17,1103.9999999999993,207,7.93,1.84
20260113,42,1170.8000000000009,215,6.2,1.91
20260112,3,86.39999999999999,10,8.2,3.91
20260113,47,1499.7999999999993,230,8.86,2.67
20260113,7,612.6,116,7.14,1.82
20260113,20,136.40000000000003,26,7.8,1.56
20260113,5,1450.4000000000008,224,8.21,2.68
20260113,9,58.2,6,13.33,5.05
20260114,11,1224.2000000000007,209,7.29,2.22
20260113,12,136.2,21,5.9,2.66
20260120,20,91.39999999999999,20,7.25,0.75
20260115,44,1504.6000000000001,220,11.24,2.98
20260113,0,171.20000000000005,9,29.5,10.95
20260115,2,1448.6000000000004,210,9.43,2.98
20260113,40,58.4,10,5.63,2.28
20260114,12,143.20000000000002,21,9.47,2.99
20260114,2,1579.2000000000007,235,9.58,2.86
20260113,16,73.60000000000001,11,6.56,2.99
20260114,15,470.4000000000001,82,10.44,2.11
20260113,3,104.4,13,6.38,3.72
20260114,47,2323.2000000000016,296,7.83,3.56
20260114,48,1168.5999999999995,195,8.95,2.32
20260114,5,1445.200000000001,226,9.49,2.58
20260114,44,1329.0,192,9.23,3.06
20260114,17,1224.799999999999,222,11.98,2.0
20260114,7,745.0000000000003,144,6.09,1.68
20260114,3,120.99999999999997,15,3.27,3.71
20260114,39,605.6,105,8.15,2.13
20260115,20,130.8,29,9.23,1.09
20260114,34,97.60000000000001,10,11.5,5.19
20260114,42,1204.0000000000005,226,7.0,1.82
20260114,43,524.1999999999999,60,12.84,4.32
20260115,7,687.0000000000002,130,6.24,1.8
20260115,17,1198.0000000000005,213,8.96,2.06
20260114,18,266.3999999999999,35,21.93,3.53
20260114,16,102.6,15,9.31,3.03
20260114,20,121.6,23,12.14,1.26
20260115,4,115.0,1,225.0,70.35
20260115,6,2164.0,386,10.07,2.01
20260114,22,144.60000000000002,18,14.6,3.88
20260115,48,1144.7999999999997,189,9.93,2.38
20260115,5,1484.8,254,9.08,2.26
20260115,42,1207.7999999999997,228,7.66,1.82
20260115,31,26.4,2,18.0,7.48
20260115,11,984.5999999999999,165,10.15,2.32
20260115,12,131.79999999999998,22,8.4,2.37
20260115,15,424.8,73,11.94,2.18
20260115,39,706.0,108,8.32,2.67
20260115,43,798.0000000000002,73,14.84,5.76
20260115,18,238.2,30,9.2,3.73
20260115,25,1010.2000000000002,167,8.55,2.41
20260115,22,190.79999999999998,26,10.63,3.31
20260118,0,144.2,10,18.0,7.41
20260122,47,2072.999999999999,322,7.72,2.59
20260119,0,507.4,21,33.25,14.2
20260123,0,612.5999999999999,37,27.06,9.15
20260115,16,61.4,10,10.75,2.43
20260116,20,119.6,24,14.06,1.14
20260116,42,1471.1999999999994,247,8.81,1.99
20260116,11,1452.3999999999996,228,7.81,2.26
20260116,48,1438.0000000000002,223,10.54,2.34
20260116,2,1339.0000000000002,201,8.95,2.62
20260116,44,1842.4000000000003,248,10.26,3.11
20260116,30,46.2,3,8.33,8.23
20260116,6,2799.0000000000027,466,8.01,2.04
20260116,23,102.39999999999999,8,14.2,6.86
20260115,34,148.2,13,10.33,6.18
20260116,34,164.20000000000002,14,7.38,5.87
20260115,23,137.0,12,12.11,8.21
20260116,18,312.79999999999995,37,9.45,3.78
20260115,3,81.39999999999999,10,8.0,3.68
20260116,25,987.2,155,9.06,2.36
20260117,17,1417.8,227,8.08,2.06
20260116,5,1821.4000000000005,291,8.62,2.3
20260116,47,1858.5999999999983,286,9.56,2.33
20260116,12,194.39999999999998,25,11.55,3.23
20260116,7,716.8000000000001,132,6.04,1.64
20260116,15,534.6000000000003,86,7.49,2.3
20260116,0,291.8,20,31.17,7.7
20260116,39,616.0000000000001,102,7.1,2.04
20260119,17,1156.2000000000003,202,8.38,2.11
20260116,28,55.599999999999994,6,6.33,4.47
20260116,43,390.0,40,15.34,4.69
20260119,48,1041.7999999999995,170,8.55,2.38
20260116,22,221.79999999999998,21,10.95,5.03
20260120,30,52.599999999999994,3,13.0,10.23
20260117,44,2127.999999999999,278,8.55,3.01
20260117,6,2859.4000000000015,463,7.62,1.95
20260117,25,997.8000000000003,145,7.51,2.49
20260117,7,809.5999999999998,140,6.59,1.74
20260117,11,1656.2,246,7.31,2.28
20260116,16,315.9999999999999,36,8.13,3.65
20260117,43,459.4,51,9.41,3.94
20260117,5,1759.2000000000003,253,7.04,2.51
20260118,44,1403.6000000000001,178,8.3,3.1
20260117,26,115.0,1,86.0,72.79
20260117,23,110.0,9,8.38,5.71
20260117,47,2138.4,291,8.93,2.68
20260117,42,1215.3999999999996,217,5.93,1.67
20260117,16,113.8,15,7.75,2.65
20260117,48,1459.999999999999,230,7.78,2.08
20260117,2,1393.0000000000002,190,8.66,2.86
20260117,15,413.6,65,8.18,2.25
20260117,22,230.20000000000002,27,10.7,3.66
20260117,18,416.4,45,10.8,4.12
20260117,40,209.99999999999997,25,7.3,3.45
20260117,12,188.8,26,7.12,2.67
20260117,20,165.19999999999996,28,9.43,1.67
20260117,39,651.5999999999997,107,9.07,1.93
20260118,11,1216.3999999999996,171,7.48,2.45
20260117,32,45.0,1,44.0,26.04
20260117,28,49.599999999999994,6,9.0,3.75
20260117,27,15.0,2,9.0,2.76
20260118,6,2243.8000000000025,322,6.02,2.4
20260118,2,1037.0000000000005,141,7.52,2.79
20260117,3,192.4,21,6.83,3.86
20260117,34,136.20000000000002,10,21.14,6.49
20260118,5,1189.8000000000004,181,6.8,2.28
20260118,22,190.4,23,10.22,3.33
20260118,48,1069.7999999999997,148,8.59,2.63
20260118,7,594.4,100,5.13,1.81
20260118,18,272.40000000000003,26,10.67,4.68
20260118,17,899.8000000000001,136,6.91,2.25
20260118,15,397.8,59,6.04,2.31
20260118,42,1152.0000000000007,171,6.53,2.26
20260118,16,63.99999999999999,9,7.0,2.34
20260118,39,427.19999999999976,68,5.54,1.96
20260118,25,793.1999999999999,109,8.23,2.77
20260118,40,129.79999999999998,17,8.73,2.8
20260118,43,253.60000000000005,28,10.08,4.12
20260119,20,98.60000000000001,20,8.31,1.12
20260118,34,260.80000000000007,23,12.58,5.47
20260119,25,873.9999999999998,138,6.59,2.53
20260118,12,162.99999999999997,22,6.79,2.67
20260119,44,1362.9999999999998,193,8.94,3.01
20260119,6,2180.399999999999,394,9.08,1.9
20260119,7,612.2,119,7.6,1.64
20260120,18,225.20000000000002,24,10.3,4.8
20260119,34,125.2,11,13.57,5.52
20260119,42,1118.8000000000004,208,7.34,1.85
20260119,15,410.2,66,7.44,2.48
20260119,43,342.99999999999994,44,13.0,3.73
20260119,16,77.8,10,5.8,3.68
20260119,11,1072.6,173,8.36,2.4
20260119,2,1384.1999999999991,215,9.04,2.63
20260119,22,132.60000000000002,16,15.14,3.88
20260119,3,290.8,18,14.56,8.44
20260119,47,1447.6,242,8.06,2.25
20260119,5,1407.9999999999995,226,8.74,2.44
20260126,13,54.4,2,30.0,16.56
20260119,18,223.79999999999995,27,10.96,3.99
20260119,39,545.2,86,9.97,2.47
20260120,47,1518.8000000000015,264,7.21,2.13
20260120,44,1546.600000000002,227,8.59,2.96
20260119,28,28.0,3,8.0,4.92
20260120,15,483.99999999999994,78,11.01,2.43
20260119,23,161.20000000000002,13,20.62,6.39
20260120,17,1147.2,199,8.53,2.15
20260120,43,441.19999999999993,54,11.82,4.05
20260120,2,1546.9999999999998,227,9.44,2.88
20260120,19,5.2,1,,0.0
20260120,39,498.2,91,8.17,1.92
20260120,48,993.2000000000002,165,8.84,2.34
20260120,13,44.8,3,14.5,8.59
20260120,42,1132.5999999999997,204,7.28,1.98
20260120,5,1444.2000000000007,238,9.21,2.37
20260119,27,6.6,1,26.0,2.4
20260121,2,1354.6,210,9.26,2.66
20260120,6,2195.3999999999974,408,9.36,1.85
20260121,48,1175.6000000000006,185,7.56,2.54
20260120,11,1021.7999999999998,175,7.67,2.2
20260120,25,805.0000000000001,133,7.88,2.4
20260120,8,55.0,1,49.0,26.07
20260120,46,26.6,1,31.0,16.18
20260120,7,612.5999999999997,121,5.53,1.65
20260120,16,58.4,9,6.33,2.72
20260120,22,189.40000000000003,23,13.16,3.98
20260121,7,763.4000000000005,145,5.94,1.78
20260121,13,94.2,5,21.8,11.03
20260120,34,56.599999999999994,6,13.0,4.74
20260120,28,61.800000000000004,6,6.0,4.86
20260120,0,1292.1999999999998,24,65.0,41.23
20260120,12,163.60000000000005,24,11.19,2.98
20260120,23,65.39999999999999,7,10.86,4.72
20260120,40,58.400000000000006,10,3.88,2.24
20260121,11,1237.2000000000005,210,7.42,2.23
20260121,40,67.2,11,6.4,2.47
20260120,3,123.99999999999997,15,8.53,3.91
20260121,6,2144.8,394,8.28,1.9
20260121,34,134.8,11,10.63,6.71
20260121,44,1523.7999999999997,224,9.16,2.95
20260121,5,1696.3999999999999,264,8.95,2.65
20260121,42,1269.9999999999995,236,7.11,1.84
20260121,47,1601.6,262,8.24,2.37
20260121,17,1252.4000000000003,217,8.02,2.18
20260122,20,151.2,33,10.92,1.08
20260121,25,862.3999999999995,139,10.56,2.51
20260121,46,26.6,1,20.0,16.18
20260121,16,97.60000000000001,13,15.46,3.41
20260121,15,367.80000000000007,67,7.21,1.97
20260122,48,1119.3999999999999,192,7.95,2.21
20260121,18,224.00000000000003,27,9.83,4.17
20260127,11,1056.7999999999995,190,7.55,2.01
20260121,43,406.8,49,21.28,4.06
20260121,20,137.60000000000002,28,7.43,1.22
20260121,39,513.2000000000002,91,7.49,2.07
20260122,25,955.2,153,8.44,2.53
20260121,23,114.0,10,17.86,6.19
20260121,35,47.6,6,11.0,3.99
20260121,9,41.4,4,19.25,4.24
20260121,22,213.99999999999997,28,11.64,3.6
20260122,2,1616.2000000000007,249,9.59,2.71
20260122,42,1291.0000000000002,239,8.34,1.9
20260122,12,161.2,23,7.42,3.13
20260123,15,492.2,75,7.79,2.52
20260122,44,1644.2000000000007,247,8.79,2.84
20260122,5,1540.1999999999994,265,7.31,2.2
20260123,42,1416.2,249,7.47,1.87
20260122,11,1221.6000000000006,207,14.45,2.26
20260122,18,204.6,26,8.39,3.72
20260122,7,715.6000000000003,132,6.35,1.9
20260122,17,1166.9999999999995,207,9.22,2.09
20260122,22,240.60000000000005,34,7.96,3.16
20260122,6,2265.7999999999984,402,11.06,2.02
20260122,39,676.8000000000002,117,7.72,2.19
20260122,35,35.4,4,5.0,4.35
20260122,15,562.6000000000001,93,8.09,2.41
20260122,43,510.40000000000003,58,10.3,4.45
20260129,23,226.8,19,18.71,6.49
20260126,25,898.1999999999997,149,6.56,2.33
20260122,16,23.8,4,7.25,2.17
20260122,0,191.39999999999998,11,18.44,9.77
20260122,45,25.6,2,9.5,7.03
20260122,23,77.2,6,17.2,7.23
20260123,48,1274.1999999999998,199,9.39,2.31
20260122,40,88.59999999999998,12,11.57,3.36
20260123,8,55.0,1,40.0,25.0
20260122,31,13.6,1,17.0,7.73
20260123,6,2950.800000000001,507,8.97,1.91
20260123,47,2256.600000000001,337,8.61,2.46
20260123,19,5.2,1,,0.0
20260123,44,1954.2000000000005,269,8.95,2.98
20260123,30,8.4,1,9.0,4.3
20260123,11,1493.2000000000003,236,7.96,2.24
20260123,7,953.0000000000002,159,7.49,2.09
20260123,2,1553.2000000000003,226,10.11,2.67
20260123,17,1595.1999999999994,262,8.88,2.17
20260123,22,210.2,27,8.29,3.27
20260123,18,381.4000000000001,47,11.81,3.6
20260123,5,1768.8,294,8.3,2.11
20260123,25,1084.6,162,9.77,2.58
20260123,39,638.4,112,9.0,1.89
20260123,20,102.00000000000003,22,7.31,0.81
20260123,43,761.7999999999998,74,12.68,5.03
20260123,45,24.2,2,15.0,6.81
20260126,44,1560.8000000000006,223,11.0,3.0
20260124,44,2054.3999999999987,274,9.47,2.95
20260123,23,246.60000000000002,20,15.78,6.36
20260130,44,1944.3999999999994,274,10.43,2.89
20260124,2,1594.0000000000011,229,8.42,2.61
20260124,48,1743.5999999999979,262,7.9,2.24
20260124,7,792.2000000000002,145,6.14,1.54
20260124,42,1369.7999999999995,239,6.28,1.67
20260126,26,115.0,1,112.0,72.79
20260127,0,352.79999999999995,15,33.36,14.31
20260124,15,497.4,70,7.61,2.66
20260124,25,1106.2000000000003,169,8.41,2.34
20260123,3,124.99999999999999,14,4.0,3.8
20260123,34,110.60000000000001,10,16.75,5.51
20260124,17,1557.799999999999,247,7.62,2.07
20260124,47,2143.000000000001,313,7.58,2.38
20260124,6,3063.2000000000016,485,7.73,2.0
20260124,11,1627.7999999999997,245,7.07,2.27
20260124,40,163.2,23,7.06,2.56
20260124,5,1847.1999999999991,276,6.72,2.37
20260124,3,277.20000000000005,28,14.73,4.36
20260124,46,16.6,1,,8.04
20260124,22,250.00000000000003,31,9.11,3.33
20260124,12,272.00000000000006,37,7.53,2.8
20260124,0,155.6,11,23.1,7.51
20260124,43,384.3999999999999,41,19.89,4.33
20260124,39,582.7999999999998,91,7.45,2.14
20260125,48,1581.0000000000002,201,8.29,3.05
20260124,34,255.39999999999998,19,13.88,6.74
20260124,28,121.2,12,20.22,4.47
20260124,16,98.0,14,9.15,2.53
20260124,18,445.7999999999998,48,9.72,4.1
20260124,20,122.8,22,8.36,1.12
20260125,42,1159.8000000000004,192,6.51,1.89
20260125,25,955.9999999999995,138,6.54,2.44
20260124,23,268.6000000000001,19,17.23,7.28
20260124,9,52.8,5,13.2,5.19
20260125,47,1957.8000000000009,242,8.83,3.09
20260125,7,693.1999999999997,120,5.45,1.76
20260125,6,1996.4000000000008,295,7.28,2.25
20260125,40,290.4,22,16.36,6.42
20260125,17,1286.2000000000019,201,6.7,2.13
20260125,3,160.0,17,9.56,4.15
20260125,11,1136.1999999999996,165,7.16,2.39
20260125,44,1467.8000000000004,202,6.89,2.71
20260125,2,986.6000000000003,143,8.18,2.5
20260125,18,275.6,31,8.16,3.84
20260125,43,265.80000000000007,32,13.04,3.56
20260126,20,117.20000000000002,22,14.93,1.37
20260125,15,296.79999999999995,45,5.5,2.23
20260125,5,1353.6000000000001,201,7.17,2.38
20260125,12,176.99999999999997,24,7.15,2.8
20260125,22,265.2,26,9.8,4.56
20260126,16,190.4,26,10.87,3.22
20260126,7,646.3999999999999,120,7.01,1.78
20260125,20,71.60000000000001,13,7.17,0.79
20260125,34,175.8,15,8.31,5.4
20260125,16,63.2,9,13.6,2.48
20260126,34,125.0,10,9.25,6.6
20260126,39,685.6000000000001,120,7.34,2.07
20260125,39,417.20000000000005,67,7.44,1.98
20260127,6,2065.1999999999994,360,9.29,2.07
20260125,23,78.39999999999999,6,18.4,6.73
20260126,15,348.6000000000001,65,10.39,1.86
20260126,9,24.8,2,11.5,4.26
20260126,3,125.60000000000002,14,6.57,4.1
20260125,0,261.79999999999995,11,25.44,12.9
20260126,17,1096.4000000000003,196,10.25,2.02
20260126,42,1297.7999999999993,242,6.25,1.77
20260126,2,1392.7999999999988,213,7.87,2.69
20260126,5,1514.2000000000003,220,8.33,2.88
20260126,47,1425.0000000000005,225,7.82,2.44
20260126,6,2125.2000000000007,374,9.0,1.99
20260126,11,1125.2,188,7.21,2.3
20260127,20,91.00000000000001,20,9.71,0.92
20260126,48,1152.1999999999998,176,8.75,2.59
20260126,22,191.40000000000003,26,8.82,3.36
20260126,0,1152.8,38,41.49,14.17
20260128,2,1410.400000000001,221,8.55,2.64
20260202,13,49.2,2,50.0,14.84
20260202,12,156.6,19,11.25,3.87
20260126,43,408.99999999999994,48,11.17,4.25
20260126,18,416.00000000000006,35,14.52,6.16
20260128,22,183.59999999999997,25,10.71,3.31
20260202,31,30.2,2,41.0,8.32
20260126,12,226.60000000000002,31,10.91,3.21
20260126,23,146.8,13,16.2,6.15
20260127,25,1037.1999999999998,175,10.5,2.31
20260126,4,112.8,1,,74.58
20260127,48,916.1999999999999,161,8.74,2.11
20260127,2,1305.9999999999995,212,8.87,2.46
20260127,44,1381.2,210,8.02,2.78
20260127,47,1503.6000000000008,241,8.49,2.39
20260127,23,93.80000000000001,10,14.7,4.77
20260127,40,109.00000000000001,15,10.22,3.16
20260127,7,609.0,121,6.79,1.63
20260127,43,423.20000000000005,54,10.13,3.78
20260127,12,181.39999999999998,23,8.94,3.67
20260126,31,30.0,2,23.5,8.34
20260127,17,1019.2000000000002,191,6.82,1.85
20260127,5,1295.2000000000007,221,8.83,2.25
20260127,42,1406.8000000000009,259,5.73,1.86
20260127,28,55.0,6,8.5,4.03
20260128,20,90.40000000000002,18,8.36,1.16
20260127,18,192.6,24,8.35,3.88
20260127,39,492.59999999999985,82,8.7,2.32
20260203,20,81.00000000000001,16,8.8,1.19
20260127,15,496.19999999999993,89,10.87,2.01
20260127,46,40.6,3,7.5,4.55
20260127,31,13.6,1,21.0,7.73
20260203,2,1472.4,215,9.75,2.93
20260128,18,201.2,23,13.64,4.41
20260127,3,126.6,15,8.14,4.02
20260128,48,985.6000000000001,171,10.46,2.15
20260128,25,1040.6000000000001,166,10.31,2.55
20260127,22,136.6,21,7.81,2.67
20260127,16,75.00000000000001,12,5.42,2.55
20260128,7,641.1999999999999,122,9.38,1.78
20260128,42,1448.4000000000005,260,8.1,1.95
20260128,34,95.0,9,12.0,5.49
20260128,23,165.79999999999998,15,24.31,5.95
20260128,6,2305.600000000001,404,8.9,2.05
20260128,28,83.60000000000001,10,12.0,4.21
20260128,44,1392.4000000000008,206,9.28,2.92
20260128,5,1527.599999999999,265,9.55,2.15
20260128,17,1159.1999999999996,201,8.65,2.17
20260128,40,53.4,9,6.5,2.21
20260128,47,1502.8000000000002,264,7.61,2.05
20260128,15,486.2,83,10.09,2.21
20260128,11,1152.2,187,8.21,2.44
20260128,16,64.8,10,8.78,2.71
20260128,0,236.59999999999997,16,17.62,8.4
20260128,43,495.20000000000005,55,12.35,4.57
20260202,44,1519.6000000000006,210,10.14,3.13
20260129,20,121.80000000000001,24,18.55,1.54
20260128,12,158.0,23,9.0,3.0
20260128,39,515.2000000000002,96,8.33,1.87
20260128,3,145.6,18,7.61,3.78
20260131,48,1843.7999999999995,283,8.22,2.17
20260129,17,1208.4000000000005,213,8.1,2.08
20260128,31,13.6,1,18.0,7.73
20260129,11,1187.4,185,8.39,2.6
20260129,5,1518.8000000000006,255,9.9,2.3
20260129,47,2071.8,339,8.11,2.31
20260129,12,265.40000000000003,25,13.68,5.45
20260129,48,1173.2000000000012,197,9.02,2.29
20260129,15,569.5999999999998,97,8.27,2.25
20260129,42,1223.0000000000007,222,7.36,1.95
20260129,7,678.3999999999999,124,9.76,1.93
20260129,8,30.0,1,32.0,13.48
20260129,44,1550.1999999999998,229,11.4,2.92
20260129,18,210.40000000000003,25,10.75,4.17
20260129,6,2475.9999999999995,429,8.75,1.94
20260129,3,98.8,11,11.91,4.33
20260129,16,59.400000000000006,9,5.44,2.66
20260129,2,1430.9999999999993,227,9.01,2.55
20260130,48,1577.3999999999994,244,12.21,2.36
20260129,25,1038.4000000000003,171,8.35,2.41
20260205,47,2265.400000000001,347,8.2,2.59
20260202,2,1471.8000000000004,215,10.9,2.84
20260129,22,233.2,29,12.5,3.8
20260129,43,507.4,58,12.0,4.39
20260129,39,508.59999999999985,95,9.89,1.86
20260129,40,69.60000000000001,11,9.43,2.64
20260130,20,120.00000000000001,25,11.06,1.17
20260204,47,1717.7999999999993,292,8.57,2.18
20260207,0,248.79999999999993,17,22.62,7.86
20260213,47,2270.2000000000007,355,9.48,2.21
20260129,28,49.800000000000004,6,12.5,4.23
20260129,34,134.6,14,5.91,4.93
20260129,0,175.2,11,23.63,9.12
20260129,13,75.4,3,31.0,15.22
20260130,42,1551.0000000000005,271,7.22,1.89
20260130,17,1417.3999999999999,239,10.02,2.04
20260130,15,581.8000000000001,96,10.05,2.1
20260130,11,1378.800000000001,219,8.72,2.19
20260130,25,1315.8000000000004,206,9.72,2.44
20260131,22,296.4,36,9.07,3.36
20260130,2,1611.8000000000009,244,9.29,2.52
20260130,43,531.5999999999999,58,16.36,4.42
20260131,42,1594.1999999999991,258,7.49,1.81
20260130,6,3078.3999999999987,525,7.96,1.89
20260130,47,2088.2000000000003,317,9.36,2.39
20260130,7,777.9999999999998,143,7.88,1.72
20260130,5,1884.3999999999996,298,9.57,2.34
20260130,18,340.0,38,11.88,4.15
20260131,20,166.4,28,8.9,1.66
20260130,23,187.19999999999996,18,14.27,5.2
20260130,38,7.6,1,168.0,3.22
20260130,39,689.7999999999998,111,8.46,2.14
20260130,0,908.4000000000003,50,32.46,9.66
20260130,12,260.79999999999995,38,9.58,2.68
20260131,25,1196.0000000000007,174,9.63,2.57
20260130,28,108.8,12,9.27,4.16
20260130,40,304.2,23,6.68,6.07
20260130,16,123.79999999999998,16,10.29,3.13
20260131,11,1892.2,262,10.28,2.66
20260130,3,87.0,10,5.0,3.62
20260131,6,3815.199999999999,544,9.53,2.4
20260130,22,150.39999999999998,21,9.69,2.85
20260131,44,2188.7999999999993,296,8.75,2.84
20260131,39,769.4,120,8.49,2.11
20260130,27,21.8,3,14.5,2.92
20260131,17,1658.8000000000009,263,8.51,2.11
20260131,47,2739.6000000000017,372,8.56,2.7
20260131,2,1522.9999999999998,224,8.27,2.44
20260131,16,318.79999999999995,40,6.36,2.89
20260131,5,1963.7999999999995,295,8.31,2.39
20260131,15,492.99999999999983,77,7.42,2.22
20260131,7,1436.5999999999995,178,6.81,3.15
20260131,34,234.6,20,9.56,5.68
20260201,20,152.0,16,10.09,3.46
20260131,18,418.79999999999995,47,14.51,3.91
20260131,23,247.8,18,19.54,6.79
20260131,43,571.4,66,13.47,3.81
20260201,5,1390.8000000000002,212,6.32,2.29
20260201,39,539.1999999999999,79,7.32,2.34
20260131,0,364.0,16,38.73,13.05
20260131,28,131.4,18,8.36,2.95
20260201,11,1114.6,160,7.51,2.39
20260131,12,293.0,38,12.18,2.94
20260131,40,256.6000000000001,34,11.07,2.73
20260131,36,17.8,1,23.0,9.86
20260201,42,1423.6,229,5.81,1.94
20260201,6,2976.399999999999,467,7.92,2.02
20260201,2,1250.1999999999998,172,7.96,2.74
20260201,17,1368.6000000000004,208,9.03,2.22
20260201,47,2237.000000000002,293,7.45,2.85
20260201,40,222.2,34,7.73,2.25
20260201,48,1461.7999999999988,211,9.44,2.41
20260201,34,246.2,22,10.69,5.13
20260201,7,894.6,146,5.7,1.78
20260201,25,901.8000000000002,128,6.53,2.65
20260201,22,222.39999999999998,25,8.88,3.86
20260201,15,371.6,60,11.24,1.9
20260201,18,595.2000000000002,61,9.84,4.29
20260201,12,416.6,36,15.87,5.28
20260201,44,1567.9999999999995,214,11.25,2.78
20260201,28,94.8,10,6.0,4.26
20260201,3,164.00000000000003,19,5.0,3.43
20260202,48,1043.9999999999995,180,9.56,2.13
20260201,16,347.59999999999997,29,12.88,5.2
20260201,43,398.9999999999999,42,10.97,4.34
20260202,43,413.2,48,17.94,4.31
20260201,33,203.79999999999998,6,24.6,17.68
20260202,5,1365.6000000000004,216,10.52,2.54
20260202,34,120.60000000000001,10,9.89,6.4
20260203,43,431.4000000000001,54,11.4,3.85
20260203,47,1569.0000000000011,267,8.65,2.17
20260201,0,154.6,7,30.0,11.85
20260202,25,859.9999999999998,138,9.88,2.56
20260202,47,1787.8000000000002,292,8.47,2.3
20260202,17,1184.6999999999991,195,10.61,2.35
20260202,6,2366.4,409,9.85,2.0
20260202,42,1507.7999999999993,268,8.16,1.88
20260202,7,793.4000000000003,146,9.51,1.71
20260202,15,429.20000000000005,73,8.83,2.12
20260202,0,777.8000000000001,40,23.31,11.44
20260209,42,1208.8000000000004,218,6.76,1.85
20260202,22,183.2,22,23.32,3.94
20260202,18,215.4,24,11.57,4.3
20260203,44,1392.4000000000003,209,8.72,2.87
20260202,39,448.20000000000016,83,11.72,1.82
20260202,3,100.4,12,4.1,3.85
20260203,6,2173.6000000000004,400,8.16,1.86
20260202,11,957.9999999999997,158,7.93,2.27
20260202,20,117.2,22,12.86,1.27
20260203,48,1048.2,177,14.05,2.25
20260202,23,136.70000000000002,12,16.73,6.21
20260203,17,1190.8000000000004,211,8.8,2.08
20260203,42,1205.5999999999995,221,7.4,1.92
20260203,11,1020.9999999999997,173,8.44,2.25
20260202,41,5.2,1,24.0,1.84
20260202,40,90.8,14,6.64,2.63
20260203,3,98.80000000000001,11,8.45,4.29
20260202,16,88.0,12,11.78,3.15
20260203,25,960.2000000000004,160,9.85,2.37
20260203,7,656.6000000000001,124,9.05,1.77
20260203,22,214.2,28,8.68,3.52
20260203,5,1463.7000000000003,239,9.51,2.45
20260203,15,340.20000000000005,60,6.95,2.07
20260204,44,1307.8000000000004,198,8.31,2.8
20260203,27,5.0,1,0.0,1.67
20260203,39,427.59999999999997,73,8.59,2.22
20260206,17,1505.8000000000004,256,9.23,2.04
20260204,48,1037.6000000000001,186,8.87,2.02
20260203,18,196.2,23,12.57,4.21
20260203,16,134.79999999999998,18,7.56,3.42
20260203,40,108.19999999999999,15,9.08,3.22
20260203,12,150.2,24,8.74,2.55
20260203,0,89.0,8,21.67,5.83
20260204,18,220.8,27,12.77,4.06
20260204,43,406.00000000000006,47,21.0,4.36
20260204,11,1101.2000000000003,181,7.01,2.38
20260204,30,73.8,3,17.33,13.91
20260204,15,464.4,79,6.88,2.29
20260204,42,1279.6000000000001,239,6.95,1.8
20260204,7,718.8,134,7.16,1.84
20260204,12,243.20000000000002,23,14.14,5.43
20260204,17,1077.8000000000002,197,8.88,1.97
20260204,6,2034.2000000000007,374,7.05,1.88
20260204,5,1617.2000000000003,257,9.03,2.53
20260205,13,39.599999999999994,2,22.0,11.09
20260204,23,197.2,17,16.69,6.26
20260204,25,896.7999999999998,154,7.07,2.26
20260204,39,481.1999999999999,91,11.31,1.82
20260204,2,1379.3999999999994,220,9.57,2.54
20260204,22,237.0,34,7.31,3.01
20260204,20,167.60000000000002,31,13.88,1.64
20260205,5,1886.600000000002,250,10.96,3.41
20260204,16,114.4,15,13.18,3.56
20260205,12,167.4,26,8.11,2.73
20260205,20,145.20000000000005,29,8.0,1.28
20260204,40,50.599999999999994,7,10.4,3.2
20260204,3,133.6,16,13.19,3.88
20260205,44,1612.6000000000006,237,11.01,2.95
20260205,42,1453.6000000000013,275,7.89,1.77
20260204,0,189.6,10,25.4,11.05
20260205,11,1297.2000000000005,205,8.6,2.53
20260204,8,21.6,1,21.0,12.51
20260205,43,308.8,37,11.55,4.18
20260205,7,688.0000000000002,137,7.63,1.6
20260205,48,1293.0000000000007,216,9.82,2.3
20260205,25,1083.6,174,7.71,2.54
20260204,34,247.24,10,21.56,12.71
20260205,2,1569.6000000000001,239,8.82,2.75
20260205,18,262.2,32,11.0,3.97
20260205,39,507.6000000000002,89,7.35,2.1
20260205,6,2746.399999999999,490,8.27,1.99
20260205,17,1197.7999999999997,216,9.82,2.01
20260205,23,183.6,16,19.27,6.09
20260205,15,412.2,69,7.61,2.29
20260205,16,61.8,10,7.11,2.46
20260205,40,84.6,14,6.63,2.33
20260206,20,135.0,25,13.06,1.39
20260217,12,252.59999999999997,40,9.45,2.57
20260206,0,668.3999999999999,45,33.13,7.87
20260205,28,25.799999999999997,3,16.5,4.42
20260206,18,372.39999999999986,39,14.21,4.52
20260205,22,138.39999999999998,20,9.67,2.97
20260212,2,1481.5999999999995,222,10.01,2.83
20260206,25,1286.2000000000003,175,7.78,3.0
20260206,22,290.00000000000006,35,12.77,3.63
20260206,2,1531.6000000000004,228,9.57,2.57
20260206,5,1963.5999999999992,319,8.53,2.21
20260206,44,2491.4,296,9.68,3.69
20260205,45,21.6,2,4.0,5.73
20260206,42,1625.559999999999,289,8.36,1.81
20260206,47,2512.400000000003,361,8.89,2.58
20260205,3,71.0,9,4.63,3.68
20260206,7,1164.8000000000002,200,8.69,1.93
20260206,11,1622.0000000000011,256,7.43,2.25
20260206,6,2866.6000000000013,497,9.32,1.82
20260206,48,1383.8000000000002,225,9.99,2.18
20260206,15,505.2000000000001,81,8.2,2.2
20260206,43,417.7999999999999,47,11.82,4.28
20260209,48,1062.4,177,7.01,2.23
20260206,39,806.0000000000001,123,15.72,2.36
20260206,16,102.0,15,13.0,2.7
20260206,40,72.8,12,4.88,2.04
20260209,6,2455.0000000000014,394,6.89,2.34
20260206,28,39.400000000000006,5,8.8,3.53
20260206,12,229.4,33,7.84,2.7
20260210,0,213.99999999999997,10,28.29,12.54
20260209,43,393.1999999999999,46,11.38,4.21
20260207,42,1584.4000000000008,275,6.32,1.69
20260207,2,1447.2000000000003,196,9.95,2.8
20260207,47,2639.400000000001,365,8.58,2.53
20260207,11,1383.0000000000005,196,7.45,2.53
20260206,34,205.39999999999998,14,18.2,7.47
20260209,47,1656.4000000000008,264,8.49,2.41
20260207,8,47.0,2,20.0,12.0
20260207,44,2118.3999999999996,279,8.73,2.96
20260207,5,1849.1999999999987,281,7.44,2.31
20260207,39,689.5999999999997,110,6.31,2.02
20260207,6,3222.600000000001,499,8.3,2.09
20260207,34,172.00000000000003,15,9.29,5.62
20260207,25,1171.7999999999995,175,7.22,2.43
20260207,17,1533.9999999999989,242,7.57,2.09
20260207,18,575.6000000000001,63,10.71,3.96
20260207,12,250.19999999999996,36,9.18,2.52
20260207,7,903.2000000000002,149,7.12,1.85
20260207,48,2221.3999999999987,262,9.61,3.48
20260207,15,577.6000000000001,82,8.34,2.5
20260207,3,131.4,15,3.69,3.49
20260207,22,306.99999999999994,33,16.32,4.13
20260207,43,375.3999999999999,41,10.94,4.17
20260207,20,103.80000000000001,20,7.62,1.08
20260208,0,406.6,23,23.79,9.47
20260207,16,206.39999999999998,25,10.48,3.19
20260209,2,1207.0000000000002,186,9.19,2.66
20260213,48,1527.5999999999995,227,9.84,2.5
20260208,30,160.2,2,74.0,38.6
20260207,23,286.0,20,12.46,7.34
20260208,17,1052.3999999999996,157,7.34,2.27
20260207,40,130.39999999999998,19,6.71,2.42
20260207,9,36.6,4,15.75,4.35
20260208,11,1325.7999999999988,184,7.37,2.56
20260208,25,811.0000000000001,116,6.69,2.59
20260207,28,96.8,9,15.67,5.15
20260208,48,1550.6000000000001,203,7.51,2.87
20260208,5,1260.8000000000002,189,6.94,2.29
20260208,2,1246.5999999999995,174,6.96,2.7
20260208,15,383.99999999999994,58,5.75,2.21
20260208,42,1123.2000000000005,187,6.35,1.86
20260208,6,2483.799999999998,377,6.74,2.16
20260208,47,2322.599999999998,252,7.88,3.8
20260208,44,1639.1999999999998,221,7.73,2.82
20260208,39,493.7999999999999,74,7.26,2.36
20260208,18,366.80000000000007,40,7.97,4.0
20260208,43,319.99999999999994,34,12.14,4.19
20260208,7,689.2,109,7.0,2.01
20260208,40,93.99999999999999,13,8.0,2.63
20260208,16,173.2,19,10.29,3.52
20260208,12,194.20000000000002,26,7.77,2.7
20260208,35,18.8,2,12.0,4.49
20260208,22,346.2,42,10.94,3.37
20260208,34,103.8,8,11.57,6.41
20260208,13,41.0,2,1.0,9.91
20260208,27,32.0,4,8.75,3.28
20260209,23,211.99999999999997,16,16.25,7.17
20260209,5,1324.6,218,6.88,2.26
20260209,12,119.79999999999998,16,35.29,3.44
20260208,36,44.4,2,13.0,11.84
20260209,11,1037.6000000000001,172,7.96,2.27
20260209,39,500.5999999999999,90,8.58,2.04
20260209,44,1431.6000000000006,200,8.03,3.1
20260209,40,131.79999999999998,16,10.17,3.59
20260209,7,634.5999999999999,115,6.49,1.91
20260209,17,1311.3999999999999,208,9.01,2.43
20260209,22,151.0,19,15.29,3.36
20260209,3,124.0,14,6.0,4.15
20260209,18,243.0,29,8.7,4.01
20260209,15,360.0,63,5.55,2.0
20260210,20,94.80000000000001,18,8.31,1.56
20260209,25,861.2,124,9.51,2.88
20260209,28,139.8,13,10.33,5.54
20260216,31,15.8,1,35.0,9.12
20260209,0,723.4000000000001,48,19.0,8.58
20260213,0,800.6000000000001,39,34.29,11.81
20260209,20,167.99999999999994,24,10.94,2.53
20260210,43,419.8,49,13.9,4.28
20260210,48,1386.3999999999996,215,8.96,2.6
20260209,16,55.8,8,7.43,2.92
20260210,34,134.4,12,6.56,5.95
20260210,23,124.40000000000002,13,5.11,4.78
20260210,44,1238.8000000000004,190,7.69,2.76
20260210,5,1297.6000000000001,227,8.37,2.16
20260210,17,1106.7999999999997,193,7.47,2.13
20260209,34,115.2,12,6.8,4.78
20260210,47,1948.5,316,8.57,2.39
20260210,7,567.4,117,5.92,1.47
20260210,6,2334.200000000001,387,8.06,2.24
20260210,11,1052.2,180,6.57,2.2
20260210,15,417.59999999999997,75,8.9,2.02
20260210,2,1343.3999999999987,216,8.57,2.49
20260210,25,968.6000000000003,153,8.97,2.62
20260210,12,146.59999999999997,22,10.24,2.89
20260210,42,1034.4,200,7.82,1.73
20260210,22,205.99999999999997,26,11.6,3.75
20260210,40,104.39999999999999,15,9.0,3.0
20260210,39,527.1999999999999,90,8.99,2.24
20260210,16,95.60000000000001,16,9.31,2.29
20260211,44,1540.600000000001,204,11.21,3.48
20260213,18,320.2,37,12.26,3.87
20260210,28,32.0,4,11.67,3.98
20260210,9,66.2,4,27.33,9.64
20260210,18,272.8,33,9.92,4.04
20260211,42,1326.6,248,7.2,1.83
20260211,17,1054.8,188,9.37,2.09
20260211,20,101.80000000000003,21,13.8,1.12
20260211,48,997.1999999999998,173,8.29,2.14
20260211,6,2200.7999999999997,395,7.19,1.95
20260211,7,705.8,142,8.41,1.54
20260211,25,982.4000000000005,166,8.15,2.31
20260210,3,47.6,6,3.6,3.58
20260211,5,1479.1999999999994,240,7.64,2.44
20260211,18,275.0,33,11.81,4.08
20260211,47,1751.6,281,9.15,2.44
20260211,34,83.0,9,8.0,4.88
20260211,2,1181.4,190,9.22,2.52
20260211,39,574.1999999999999,104,7.97,1.97
20260211,11,1102.9999999999998,178,8.05,2.43
20260211,15,488.79999999999995,89,10.56,1.95
20260211,43,321.4,42,10.49,3.65
20260211,23,169.4,15,14.91,6.08
20260212,20,141.80000000000004,27,7.62,1.57
20260211,40,56.8,9,9.25,2.57
20260211,22,153.59999999999997,23,12.56,2.83
20260211,35,25.6,3,,4.39
20260211,3,89.99999999999999,10,10.3,4.44
20260213,23,221.00000000000003,18,14.47,6.39
20260211,16,83.39999999999999,12,4.86,2.94
20260211,9,19.799999999999997,2,6.5,5.29
20260212,18,219.60000000000005,26,7.96,4.17
20260212,30,8.0,1,8.0,4.01
20260212,5,1418.2000000000003,244,7.3,2.22
20260211,12,185.39999999999995,28,9.58,2.84
20260212,11,1301.4000000000003,217,7.8,2.29
20260212,42,1329.1999999999994,256,7.43,1.72
20260212,25,794.8000000000003,127,8.57,2.56
20260212,47,2222.7999999999993,374,7.15,2.18
20260212,44,1582.4,227,9.27,3.04
20260212,15,475.8,82,7.29,2.2
20260212,48,1114.6000000000004,194,8.62,2.15
20260212,7,618.0000000000001,119,12.39,1.7
20260212,6,2608.200000000002,461,8.5,2.03
20260212,39,735.3999999999999,127,9.15,2.13
20260212,23,169.79999999999998,14,19.82,6.68
20260212,17,1149.8000000000002,204,8.67,2.06
20260213,20,95.00000000000001,19,11.11,0.76
20260213,5,1902.9999999999984,310,8.41,2.21
20260214,23,295.80000000000007,21,12.15,6.9
20260212,12,239.20000000000002,35,10.17,2.86
20260216,2,1416.6000000000004,206,11.28,2.92
20260212,22,144.60000000000002,21,9.62,3.01
20260212,34,123.19999999999999,10,13.2,6.89
20260212,35,30.4,4,10.33,3.62
20260212,0,241.79999999999998,15,28.23,9.12
20260212,43,403.20000000000005,51,12.09,3.82
20260216,47,1831.3999999999996,293,8.44,2.37
20260217,0,224.2,13,21.08,9.94
20260219,0,295.2,17,39.38,10.03
20260213,42,1517.0000000000007,257,8.81,2.01
20260212,40,90.59999999999998,14,10.36,2.67
20260213,12,299.0,41,8.81,2.91
20260213,17,1532.3999999999992,259,8.7,2.06
20260213,2,1405.8000000000002,201,10.62,2.8
20260212,3,90.39999999999999,12,5.7,3.34
20260213,6,3052.400000000002,512,8.81,1.91
20260213,11,1538.0,236,7.67,2.32
20260213,44,1937.6000000000006,264,11.56,3.03
20260213,7,925.3999999999995,167,7.29,1.69
20260213,39,741.6000000000001,128,7.77,1.9
20260213,43,408.4,46,13.88,4.1
20260213,25,1233.4000000000003,178,8.86,2.74
20260213,16,107.20000000000002,14,7.57,3.2
20260220,25,1360.1999999999996,200,11.45,2.69
20260213,3,153.6,16,13.13,4.15
20260213,15,513.0000000000001,83,9.38,2.24
20260213,34,222.6,20,9.46,5.29
20260213,40,95.60000000000001,15,8.43,2.45
20260214,7,830.0000000000002,155,6.12,1.52
20260214,48,1769.0000000000002,278,8.31,2.08
20260214,18,437.1999999999999,49,9.39,3.87
20260214,5,1826.5999999999995,274,8.75,2.4
20260214,17,1488.4,251,7.88,1.86
20260214,11,2741.800000000004,275,7.91,4.19
20260213,22,305.00000000000006,38,9.52,3.57
20260214,42,1619.2000000000003,287,7.44,1.61
20260214,28,85.0,10,7.38,3.59
20260214,6,3113.0,504,6.99,1.89
20260215,28,35.0,4,13.67,3.85
20260214,47,2769.8000000000006,398,7.57,2.41
20260214,2,1410.9999999999998,193,9.91,2.74
20260214,22,407.19999999999993,45,6.9,3.82
20260214,16,243.6,28,8.26,3.44
20260214,44,2457.6000000000004,303,9.15,3.26
20260214,25,1399.0000000000007,201,7.94,2.58
20260214,3,107.80000000000001,11,8.0,3.99
20260214,34,528.0,36,11.36,7.4
20260214,15,432.4000000000001,68,8.21,2.15
20260214,43,406.8,41,18.64,4.71
20260214,39,659.8000000000002,107,10.88,2.03
20260214,0,372.2,22,22.39,9.0
20260215,2,915.8000000000005,128,8.81,2.73
20260214,20,207.2,29,11.09,2.43
20260214,40,166.8,26,8.33,2.24
20260216,6,2013.4,371,9.79,1.83
20260214,12,296.6000000000001,39,11.18,2.98
20260215,0,373.8,17,24.36,11.71
20260215,47,2302.799999999999,288,7.49,3.05
20260215,11,1089.5999999999997,158,6.71,2.39
20260215,17,960.4000000000003,152,9.18,2.07
20260215,34,162.4,14,7.17,5.57
20260215,6,2602.7999999999997,400,7.13,2.07
20260215,5,1330.2,192,7.46,2.51
20260215,7,595.4000000000002,102,7.81,1.74
20260215,25,659.9999999999999,95,5.14,2.49
20260215,42,1179.1999999999994,193,8.23,2.0
20260215,44,1459.5999999999997,196,7.34,2.84
20260215,12,292.0,30,9.35,4.0
20260215,22,171.2,23,8.3,3.01
20260215,15,399.9999999999999,62,6.29,2.27
20260215,48,1050.0000000000002,156,6.88,2.36
20260215,39,442.6000000000001,70,7.19,2.12
20260215,40,52.8,9,7.0,1.92
20260215,35,73.8,7,6.33,5.14
20260215,20,53.400000000000006,9,8.2,1.09
20260215,18,225.80000000000007,27,10.0,3.56
20260216,39,638.0,98,9.03,2.73
20260216,5,1302.1999999999998,209,8.12,2.44
20260216,44,1345.8000000000002,192,9.34,2.94
20260215,16,77.99999999999999,10,7.63,3.36
20260215,3,153.6,16,7.15,4.35
20260216,42,1257.1999999999998,232,7.16,1.79
20260216,17,1105.6000000000001,191,9.92,2.13
20260216,40,62.8,11,40.89,2.17
20260216,25,816.9999999999999,128,6.96,2.55
20260216,28,45.400000000000006,6,11.4,3.66
20260216,7,640.7999999999998,123,8.13,1.64
20260216,11,1078.2000000000007,174,8.26,2.4
20260216,48,1111.7999999999995,186,9.27,2.28
20260216,0,795.0000000000001,50,22.49,9.15
20260216,43,407.5199999999999,47,12.15,4.18
20260217,2,1268.2000000000003,201,9.67,2.57
20260223,12,239.39999999999998,33,13.1,3.22
20260217,20,114.8,22,6.44,1.7
20260216,27,6.6,1,9.0,2.9
20260216,22,123.0,16,10.87,3.23
20260216,35,9.8,1,31.0,5.35
20260216,18,202.8,24,20.87,4.12
20260216,16,63.6,8,11.5,3.88
20260216,20,148.0,27,10.47,1.54
20260216,30,21.6,1,34.0,12.94
20260216,15,400.79999999999995,71,7.57,2.08
20260216,23,133.0,11,25.13,6.68
20260217,44,1338.6000000000006,202,9.81,2.82
20260217,34,83.60000000000001,8,13.0,5.54
20260216,3,143.8,15,9.14,4.66
20260217,6,2526.3999999999996,422,8.57,2.24
20260217,16,51.8,9,1.75,2.21
20260217,7,720.3999999999999,141,7.36,1.66
20260217,5,1442.6000000000004,225,7.68,2.6
20260217,42,1137.3999999999999,214,7.63,1.82
20260217,48,917.0,156,8.4,2.22
20260216,12,177.39999999999998,24,11.95,3.26
20260217,22,164.40000000000003,23,12.5,3.15
20260217,17,1133.6000000000006,205,7.29,1.99
20260217,47,1607.4000000000005,270,7.59,2.25
20260217,11,900.5999999999992,155,8.06,2.19
20260217,25,735.9999999999998,120,10.26,2.48
20260217,39,470.0000000000001,82,8.82,2.14
20260219,12,273.99999999999994,40,32.68,3.02
20260224,22,309.40000000000003,28,13.64,5.75
20260219,44,1357.6000000000001,201,10.04,2.91
20260217,15,432.4000000000001,78,7.83,2.0
20260217,9,56.199999999999996,5,16.2,6.18
20260217,43,434.7999999999999,53,11.1,4.01
20260217,18,319.40000000000003,39,9.35,3.99
20260303,46,62.00000000000001,3,24.0,11.86
20260217,40,11.0,2,4.0,2.08
20260218,2,1411.4000000000008,213,9.73,2.81
20260217,35,32.4,4,11.5,3.96
20260218,48,1156.8000000000002,202,8.14,2.13
20260218,5,1529.3999999999996,253,11.35,2.36
20260217,23,170.0,14,19.38,6.62
20260218,42,1406.2,264,7.7,1.82
20260218,25,915.5999999999999,164,7.64,2.05
20260218,6,2208.8,398,9.24,1.97
20260220,6,2903.7999999999993,483,9.02,1.97
20260218,17,1080.2000000000003,193,8.02,2.02
20260218,12,136.0,22,9.6,2.5
20260218,44,1383.8000000000009,209,10.06,2.82
20260218,23,256.2,19,20.06,7.54
20260218,47,1801.9999999999995,303,8.7,2.26
20260218,43,546.7999999999998,64,10.47,4.2
20260218,11,1226.7999999999997,202,7.93,2.35
20260218,22,201.6,26,11.74,3.64
20260218,7,818.5999999999999,140,7.58,2.15
20260218,18,348.19999999999993,42,11.65,4.08
20260218,39,648.6,118,9.62,1.96
20260219,11,1880.8000000000004,167,8.77,5.94
20260218,15,370.0,65,8.94,2.13
20260218,16,75.39999999999999,11,12.73,2.97
20260218,13,119.4,6,28.67,10.7
20260219,2,1492.9999999999995,229,10.91,2.71
20260218,20,103.20000000000002,22,9.2,0.9
20260222,0,116.60000000000001,8,13.29,7.11
20260226,47,2075.0000000000005,325,8.96,2.52
20260228,47,2774.9999999999986,382,8.46,2.59
20260301,47,2055.7999999999997,281,8.38,2.7
20260218,34,71.39999999999999,7,25.14,5.42
20260219,18,221.80000000000004,28,9.3,3.74
20260219,34,142.8,14,9.5,5.29
20260218,27,11.2,2,4.0,2.07
20260318,13,30.0,2,14.0,4.79
20260219,5,1519.8000000000004,257,8.31,2.28
20260218,0,286.6,17,20.87,9.57
20260219,7,683.3999999999997,128,6.39,1.82
20260219,48,1211.500000000001,208,10.86,2.21
20260219,47,2202.600000000001,307,8.4,3.08
20260218,40,47.0,7,9.17,2.84
20260219,42,1105.8,216,7.13,1.7
20260219,25,829.4000000000002,143,10.47,2.21
20260219,17,1243.999999999999,226,7.87,1.99
20260219,6,2387.399999999999,433,9.45,1.93
20260219,39,674.5999999999999,113,10.52,2.26
20260225,13,78.4,4,12.0,11.6
20260220,48,1527.2000000000007,238,11.24,2.35
20260219,15,443.9999999999999,76,12.96,2.21
20260219,28,51.0,7,9.8,3.42
20260219,23,180.2,15,14.0,6.62
20260219,43,406.00000000000006,48,15.97,4.26
20260219,40,118.0,17,12.43,3.0
20260219,20,105.40000000000002,23,4.85,0.89
20260219,16,75.20000000000002,11,10.8,3.06
20260219,22,172.60000000000002,25,11.74,3.01
20260220,39,603.6000000000001,97,9.29,2.17
20260220,42,1455.400000000001,264,9.71,1.72
20260220,5,1908.800000000002,308,9.43,2.23
20260220,43,435.59999999999997,49,12.93,4.26
20260220,44,2076.1999999999994,286,11.52,2.97
20260220,18,212.60000000000002,27,11.92,3.42
20260220,17,1570.9999999999995,255,11.17,2.19
20260219,3,91.00000000000001,10,6.5,4.42
20260220,15,559.2,87,8.66,2.4
20260220,12,407.1399999999999,35,11.75,5.11
20260220,7,1817.2000000000007,177,8.81,4.67
20260220,11,1542.2000000000005,236,7.99,2.3
20260220,47,2566.6,391,9.85,2.31
20260220,2,1686.9500000000003,226,11.77,3.06
20260220,16,92.60000000000001,13,6.92,2.6
20260221,0,317.8,20,17.75,8.62
20260221,20,162.19999999999993,29,8.78,1.45
20260220,0,697.8000000000002,43,25.85,8.93
20260220,3,141.79999999999998,16,14.86,3.99
20260220,22,182.80000000000004,24,10.21,3.17
20260222,22,311.7999999999999,33,9.58,4.06
20260227,43,440.59999999999997,49,11.85,4.25
20260220,34,232.39999999999995,17,13.8,7.02
20260220,28,93.0,11,8.25,3.74
20260220,40,180.6,29,8.64,2.04
20260221,19,6.4,1,,0.0
20260221,6,3289.5999999999967,506,8.42,2.08
20260220,20,107.00000000000001,16,9.55,2.12
20260221,43,519.1999999999999,57,12.15,4.08
20260221,44,1974.0,267,9.36,2.85
20260220,23,200.2,14,17.31,7.33
20260221,11,2491.8,258,8.35,4.13
20260221,15,530.4,82,7.48,2.18
20260221,48,1850.7999999999975,256,7.6,2.64
20260221,5,1996.599999999999,295,8.18,2.29
20260221,17,1487.5999999999988,241,8.24,2.0
20260221,47,2737.199999999998,373,8.15,2.63
20260221,7,931.6000000000004,165,6.5,1.65
20260221,39,801.0,130,7.8,2.02
20260221,18,475.79999999999995,54,14.34,3.72
20260221,42,1884.3999999999992,311,6.84,1.9
20260221,25,1367.2000000000005,202,7.12,2.46
20260221,2,1345.200000000001,206,8.16,2.35
20260221,22,427.00000000000006,44,10.59,4.21
20260221,12,529.7999999999998,69,8.62,2.8
20260221,16,186.20000000000002,23,8.88,2.93
20260222,44,1566.8000000000004,216,6.98,2.67
20260221,23,163.20000000000002,14,15.75,5.46
20260221,28,98.00000000000001,11,7.25,3.81
20260221,35,29.0,3,15.5,3.89
20260221,3,151.20000000000002,18,11.06,3.5
20260221,40,160.8,25,7.23,2.2
20260221,9,40.0,3,20.33,4.79
20260222,42,1325.8000000000004,207,7.24,2.04
20260222,15,439.7999999999998,67,6.81,2.15
20260222,47,1819.1999999999994,280,7.72,2.1
20260222,6,2515.600000000001,327,7.05,2.83
20260222,3,86.8,9,8.0,3.97
20260222,12,191.39999999999998,23,10.33,3.2
20260222,11,1032.6000000000001,153,6.5,2.29
20260222,5,1414.1999999999991,213,5.88,2.3
20260222,17,914.6000000000005,145,7.71,2.01
20260222,25,872.2,121,6.79,2.67
20260222,7,703.4000000000001,115,5.06,1.87
20260222,48,1575.9999999999998,211,7.52,2.7
20260222,2,772.8,105,8.43,2.77
20260222,18,413.40000000000015,43,7.72,4.17
20260222,23,188.0,14,9.33,6.28
20260222,39,570.0,78,9.32,2.57
20260222,34,223.20000000000002,17,12.47,6.34
20260222,40,280.20000000000005,23,11.55,5.66
20260222,43,351.2,37,11.91,4.4
20260223,39,665.1999999999999,119,7.94,1.97
20260222,28,51.6,7,29.25,2.95
20260223,25,858.0000000000002,142,9.69,2.36
20260223,5,1271.6000000000006,217,7.2,2.21
20260223,7,598.8000000000002,114,5.85,1.77
20260222,35,52.0,5,42.5,4.78
20260223,44,1426.9000000000015,209,11.9,2.94
20260223,11,1058.0000000000007,170,9.3,2.44
20260223,0,538.2,30,24.28,10.48
20260223,2,1260.6000000000001,190,10.3,2.74
20260223,42,1374.4,254,7.05,1.84
20260223,18,244.39999999999998,27,9.7,4.28
20260223,6,2115.600000000002,383,7.26,1.87
20260223,17,1086.2000000000003,191,10.38,2.08
20260224,44,1312.0000000000005,187,10.02,3.1
20260223,48,961.3999999999999,165,8.9,2.14
20260223,47,1583.1999999999996,262,8.96,2.23
20260223,3,132.8,15,7.29,4.02
20260223,43,438.6,39,15.91,6.05
20260223,28,22.4,3,6.5,3.55
20260224,13,73.0,4,32.5,10.69
20260224,2,1250.0000000000007,201,9.79,2.54
20260223,22,217.20000000000002,29,12.82,3.5
20260223,15,410.4,66,9.47,2.44
20260224,18,262.8,22,13.8,6.62
20260223,16,71.60000000000001,11,8.55,2.7
20260224,42,1157.1999999999996,215,6.93,1.88
20260223,34,71.4,7,6.67,5.12
20260224,17,1160.1999999999996,206,9.16,2.07
20260224,20,60.400000000000006,13,6.29,0.69
20260224,6,2052.1999999999975,362,7.71,2.04
20260224,48,1068.2000000000005,184,8.92,2.17
20260223,40,53.4,9,4.57,2.27
20260224,25,736.5999999999999,120,6.79,2.46
20260224,7,668.6,128,9.48,1.74
20260224,5,1465.5999999999997,235,9.91,2.5
20260224,47,1311.7999999999997,237,9.34,1.97
20260224,43,463.8,58,12.12,3.9
20260224,34,147.0,14,10.25,5.5
20260225,20,120.20000000000002,24,12.6,1.2
20260224,15,433.20000000000005,78,7.1,1.98
20260225,2,1412.0,228,8.16,2.5
20260224,40,122.8,17,13.46,3.26
20260224,11,1001.5999999999998,167,9.52,2.36
20260224,39,628.4,109,8.48,2.13
20260224,0,199.4,9,25.71,13.08
20260302,6,2342.0000000000027,407,7.2,2.0
20260224,12,156.4,23,10.17,2.97
20260225,47,1895.3999999999992,318,8.08,2.26
20260224,16,131.2,21,8.33,2.55
20260226,2,1672.8000000000002,250,10.28,2.85
20260224,28,38.2,5,18.25,3.69
20260227,28,111.19999999999999,13,13.7,4.03
20260225,48,1121.0,172,10.29,2.68
20260225,44,1383.7999999999995,202,9.27,2.99
20260226,39,613.9999999999998,108,14.12,2.12
20260225,42,1253.0000000000007,246,6.48,1.63
20260225,5,1517.6000000000006,249,11.57,2.41
20260224,3,66.6,8,8.86,3.86
20260225,18,195.0,26,11.47,3.48
20260225,6,2687.2000000000025,412,10.03,1.94
20260225,25,923.4,156,8.4,2.29
20260225,17,1144.8000000000004,209,8.21,1.96
20260225,39,578.8,101,8.7,2.11
20260225,7,764.0000000000001,151,7.03,1.63
20260225,15,419.39999999999986,73,7.57,2.17
20260225,43,393.80000000000007,46,13.15,4.23
20260226,44,1696.8000000000004,248,11.01,3.0
20260303,11,1217.5999999999997,199,8.32,2.36
20260225,11,1109.6000000000001,182,7.86,2.4
20260225,3,108.6,12,8.3,4.35
20260225,0,197.0,10,17.8,11.46
20260225,22,175.20000000000002,25,12.26,3.12
20260225,28,67.39999999999999,8,10.71,4.28
20260226,25,1125.0,181,9.32,2.52
20260225,40,53.800000000000004,8,7.86,2.8
20260225,23,206.39999999999998,18,16.86,6.25
20260226,5,1621.5,270,8.07,2.34
20260313,26,115.0,1,66.0,73.31
20260225,12,230.20000000000002,32,9.42,3.26
20260226,9,75.8,7,43.86,5.93
20260225,9,21.4,2,16.0,5.93
20260302,2,1695.9999999999993,231,10.08,3.22
20260226,23,186.6,16,14.92,6.43
20260226,18,178.59999999999997,23,14.81,3.73
20260226,43,482.8,55,15.76,4.41
20260226,6,2922.4000000000033,449,7.74,1.98
20260226,11,1036.0000000000005,171,7.52,2.38
20260226,12,183.60000000000002,29,6.35,2.63
20260226,15,453.7999999999999,80,10.34,2.12
20260226,48,1155.2000000000003,202,9.02,2.1
20260226,42,1301.0,260,6.31,1.59
20260226,7,793.5999999999999,149,7.39,1.84
20260226,17,1265.0000000000005,229,10.29,1.99
20260226,28,47.199999999999996,6,11.67,3.86
20260302,13,89.6,5,16.0,9.18
20260303,48,1051.4000000000008,172,7.75,2.4
20260305,44,1453.6,207,9.38,3.09
20260227,20,67.8,13,6.88,1.23
20260226,40,143.8,16,11.71,4.28
20260226,20,134.40000000000003,28,6.05,1.23
20260226,22,272.4,34,14.48,3.59
20260227,2,1541.7999999999997,218,9.75,2.81
20260304,5,1533.6,252,9.11,2.4
20260227,6,3242.200000000002,534,10.03,2.03
20260227,42,1684.4000000000012,291,8.87,1.89
20260227,18,300.0,31,21.39,4.42
20260227,48,1623.400000000001,252,9.8,2.3
20260227,5,1842.2000000000003,290,10.46,2.32
20260227,44,1738.3999999999996,247,11.91,2.84
20260226,0,138.20000000000002,8,24.25,10.04
20260227,25,1365.9999999999995,199,10.07,2.67
20260226,34,152.20000000000002,14,8.14,5.67
20260227,11,1768.0,282,8.83,2.16
20260227,17,1634.2,264,9.48,2.2
20260227,7,1138.4,198,10.24,1.82
20260227,39,712.8000000000001,123,14.17,1.88
20260227,47,2644.0000000000005,364,9.45,2.73
20260227,0,929.5999999999999,51,28.84,10.11
20260227,15,838.2000000000004,93,8.98,6.82
20260227,3,141.0,16,10.0,3.94
20260227,23,151.8,13,14.27,6.14
20260227,36,51.8,2,8.5,14.78
20260227,12,171.79999999999998,24,8.53,2.94
20260302,0,388.20000000000005,21,26.35,10.77
20260304,47,1604.0000000000005,266,8.27,2.29
20260227,40,161.99999999999994,21,6.24,3.08
20260306,47,2031.8000000000018,307,8.75,2.33
20260227,22,240.20000000000005,31,13.52,3.2
20260302,47,1715.7999999999995,268,7.36,2.4
20260302,12,158.39999999999998,20,11.58,3.6
20260227,9,43.8,4,13.67,5.77
20260228,5,2019.6000000000004,311,7.89,2.24
20260228,42,2026.4,335,6.67,1.84
20260228,48,1784.4000000000008,264,9.58,2.34
20260227,34,215.00000000000003,16,14.09,7.04
20260228,44,2321.6,298,9.11,3.12
20260228,25,1413.8000000000004,194,9.06,2.77
20260228,6,3767.7999999999975,544,8.34,2.38
20260227,16,81.8,10,11.4,3.51
20260228,12,491.19999999999993,50,10.12,4.16
20260228,17,1698.8000000000002,279,9.42,1.95
20260228,2,1654.6000000000008,231,8.8,2.74
20260228,40,176.39999999999998,22,31.79,3.26
20260228,16,136.79999999999998,17,8.33,2.97
20260228,11,1905.2000000000003,271,9.09,2.43
20260228,7,872.2,155,7.29,1.62
20260228,18,533.6000000000001,55,12.3,4.33
20260228,3,234.00000000000003,23,4.69,4.21
20260228,15,570.6000000000001,85,7.24,2.28
20260228,30,41.8,2,25.0,10.39
20260228,39,918.4000000000003,138,8.76,2.29
20260228,0,398.8,20,35.6,11.12
20260228,20,72.00000000000001,13,19.57,0.9
20260228,34,239.8,23,8.16,4.67
20260304,39,560.0000000000001,98,7.87,2.15
20260301,5,1581.6000000000004,233,7.46,2.44
20260228,43,516.4,55,14.11,4.18
20260228,28,166.0,17,10.33,4.55
20260228,22,351.8,39,10.9,3.82
20260228,35,52.4,5,5.75,4.87
20260228,46,23.6,1,24.0,12.16
20260301,6,2789.7999999999993,386,7.36,2.56
20260301,48,1461.3999999999999,202,8.45,2.6
20260301,7,806.9999999999999,128,7.05,2.03
20260301,44,1727.0000000000002,227,8.38,2.94
20260301,42,2122.3999999999983,232,6.08,3.75
20260301,11,1566.9999999999986,229,7.57,2.34
20260301,17,1378.8000000000002,209,7.93,2.23
20260301,39,575.4000000000003,90,6.41,2.09
20260301,15,437.0,68,7.57,2.23
20260301,2,1252.2000000000007,171,12.33,2.78
20260301,34,239.99999999999997,21,13.27,5.44
20260301,25,948.5999999999998,134,7.2,2.63
20260301,22,933.1999999999997,30,8.67,16.62
20260301,40,112.19999999999999,15,7.93,2.97
20260301,43,340.79999999999995,36,12.42,4.2
20260301,12,231.60000000000002,29,8.11,3.34
20260301,3,165.00000000000003,14,8.77,5.29
20260301,18,365.2,40,11.76,3.97
20260301,9,18.799999999999997,2,10.0,4.47
20260301,23,101.60000000000001,8,24.25,6.49
20260301,20,58.0,12,9.0,0.43
20260302,42,1622.4000000000012,270,7.04,2.19
20260301,28,46.2,6,5.5,3.36
20260302,44,1391.0000000000002,200,9.82,2.94
20260302,39,566.0,98,17.26,2.15
20260301,0,308.0,14,25.0,11.98
20260302,5,1483.6000000000015,239,9.59,2.41
20260302,20,117.40000000000002,22,12.85,1.38
20260302,11,1160.0000000000002,193,7.86,2.26
20260301,16,171.60000000000002,21,8.0,3.03
20260302,17,1275.2000000000003,218,7.27,2.17
20260302,25,860.8000000000004,139,10.28,2.47
20260302,48,1096.8,175,9.54,2.43
20260302,43,354.0000000000001,42,12.34,4.14
20260302,23,203.19999999999996,17,13.82,6.47
20260302,7,688.0000000000001,131,6.59,1.71
20260302,9,42.2,4,7.33,5.54
20260302,15,496.2000000000001,81,7.99,2.41
20260309,12,162.59999999999997,22,10.1,3.07
20260302,3,112.6,13,9.31,3.91
20260303,20,71.4,15,7.0,1.05
20260302,18,213.99999999999997,25,18.63,4.26
20260303,44,1436.0000000000002,203,10.22,3.1
20260302,34,131.79999999999998,10,15.44,6.89
20260303,17,1193.9999999999995,202,9.76,2.26
20260302,16,50.6,9,9.44,1.83
20260302,22,174.39999999999998,24,11.76,3.23
20260303,7,701.6000000000003,136,8.22,1.7
20260303,42,1032.8000000000002,193,6.61,1.82
20260303,43,456.7999999999998,54,15.58,4.22
20260302,30,52.4,3,14.0,10.22
20260303,5,1462.3999999999983,240,10.07,2.42
20260304,2,1247.0000000000007,198,9.04,2.5
20260303,30,86.39999999999999,6,13.0,8.1
20260303,15,443.59999999999997,77,6.93,2.13
20260303,6,2509.4000000000015,417,8.98,2.28
20260303,47,1629.6000000000001,275,8.25,2.24
20260303,2,1437.2000000000005,223,9.5,2.65
20260303,22,190.2,23,10.58,3.95
20260303,23,203.20000000000002,19,18.07,5.6
20260303,25,884.9999999999999,134,7.58,2.79
20260304,25,947.2000000000003,153,8.05,2.5
20260303,12,203.19999999999996,29,8.41,2.92
20260303,16,81.19999999999999,13,9.92,2.55
20260304,7,742.0000000000001,148,7.51,1.6
20260303,39,443.7999999999999,76,10.91,2.18
20260309,29,65.0,1,52.0,35.27
20260305,2,1589.0000000000002,232,10.79,2.94
20260304,11,1240.3999999999994,204,7.5,2.33
20260303,28,55.8,7,14.8,3.88
20260304,12,201.20000000000005,30,10.57,2.88
20260303,18,234.80000000000004,27,11.17,4.39
20260306,44,2035.4000000000005,284,15.83,2.89
20260310,18,166.6,20,10.8,4.44
20260303,40,51.39999999999999,8,7.5,2.63
20260303,34,54.2,5,8.0,5.63
20260304,43,480.2,48,11.51,5.35
20260304,48,970.7999999999997,167,8.26,2.2
20260304,20,110.0,19,13.2,1.81
20260304,6,2010.0000000000005,375,7.57,1.85
20260304,17,2511.800000000002,187,8.15,7.43
20260304,42,1404.3999999999999,266,6.84,1.77
20260304,44,1304.1999999999998,195,9.4,2.87
20260304,18,212.6,27,13.04,3.88
20260304,3,93.4,11,7.0,4.14
20260311,35,41.0,5,9.4,4.12
20260304,9,65.19999999999999,6,18.4,5.98
20260304,15,364.6000000000001,66,7.29,1.96
20260304,16,67.8,10,7.7,3.01
20260304,28,45.4,6,6.5,3.68
20260304,23,284.6,16,23.27,10.1
20260305,20,137.4,25,20.88,1.53
20260309,2,1469.1999999999996,216,10.34,2.85
20260305,5,1691.8000000000004,263,8.98,2.66
20260305,42,1146.0000000000002,221,7.66,1.73
20260305,47,1656.5999999999995,280,9.59,2.2
20260305,6,2342.5999999999995,416,7.73,1.99
20260305,13,27.4,2,20.5,7.09
20260305,25,896.5999999999999,151,8.51,2.33
20260305,17,1228.4000000000003,213,8.26,2.17
20260305,48,1305.6000000000001,199,11.36,2.71
20260304,34,100.8,10,10.3,5.17
20260305,7,868.7999999999998,162,8.69,1.82
20260305,11,1192.3999999999999,197,7.94,2.35
20260305,43,707.8,62,15.02,6.58
20260305,3,138.60000000000002,18,4.69,3.5
20260305,18,337.00000000000006,28,13.78,6.52
20260306,2,1629.3999999999994,247,9.38,2.55
20260310,12,198.80000000000004,31,8.62,2.71
20260305,39,576.4000000000002,101,9.69,2.1
20260306,48,1532.8,230,10.59,2.42
20260305,0,262.0,13,35.08,12.55
20260305,15,459.00000000000006,75,9.3,2.41
20260305,23,293.2,23,15.53,7.12
20260305,40,72.4,10,8.89,3.21
20260305,12,181.59999999999997,27,11.95,2.83
20260306,12,299.6,39,8.91,3.12
20260305,9,71.4,6,11.67,6.55
20260305,22,163.60000000000002,21,13.76,3.64
20260306,42,1706.5199999999986,284,7.76,1.95
20260306,15,879.7999999999997,98,9.84,6.66
20260306,17,1563.4000000000008,257,8.63,2.14
20260306,39,776.5999999999999,132,7.8,1.93
20260306,6,3089.2,502,8.85,2.05
20260305,27,6.4,1,0.0,2.36
20260306,28,78.19999999999999,10,7.2,3.69
20260306,3,159.8,18,5.33,3.64
20260306,22,194.4,25,9.75,3.32
20260306,7,803.8000000000001,139,6.06,1.85
20260306,11,1698.1999999999998,255,9.09,2.35
20260306,5,1891.7999999999993,301,8.75,2.28
20260306,25,1062.4000000000005,166,9.08,2.41
20260306,40,193.99999999999997,27,9.11,2.53
20260306,43,596.9999999999998,68,13.96,4.19
20260306,23,368.0,28,21.62,6.95
20260313,25,1254.9999999999993,193,8.95,2.47
20260313,11,1516.8000000000002,241,11.93,2.16
20260313,3,211.20000000000002,22,11.06,3.3
20260311,0,211.99999999999997,14,27.85,8.15
20260313,47,2492.800000000002,369,9.81,2.42
20260306,45,43.8,3,20.67,7.87
20260307,7,1029.1999999999998,173,5.75,1.83
20260306,18,287.2,32,10.86,4.18
20260315,47,2410.6000000000004,325,9.35,2.67
20260306,0,450.0,25,42.82,10.02
20260307,15,480.8,76,7.34,2.16
20260307,6,3023.8,464,9.97,2.11
20260306,9,31.599999999999998,3,12.67,5.47
20260307,43,585.5999999999998,63,11.0,4.17
20260307,42,1665.9999999999989,270,7.04,1.89
20260307,48,2046.999999999999,293,8.65,2.45
20260306,34,249.20000000000005,20,10.42,6.43
20260307,23,165.79999999999998,11,15.5,7.84
20260307,25,1199.9999999999998,170,7.48,2.67
20260307,17,1593.0,259,7.91,2.0
20260307,11,1682.0,246,6.61,2.3
20260307,44,2560.8000000000034,339,8.55,2.98
20260307,18,570.1999999999999,58,9.52,4.5
20260307,47,2910.6,360,8.5,3.12
20260307,5,2031.000000000001,306,7.96,2.37
20260307,2,1333.6000000000004,190,8.28,2.59
20260307,39,823.5999999999999,130,8.92,2.1
20260307,36,19.0,1,0.0,9.42
20260307,3,188.0,22,7.63,3.46
20260314,7,1112.3999999999999,178,6.53,2.03
20260307,12,302.8,38,10.13,3.15
20260308,7,784.7999999999997,135,7.11,1.7
20260307,40,250.20000000000007,35,9.21,2.56
20260307,22,463.6,56,15.27,3.38
20260307,34,203.8,18,5.93,5.24
20260308,44,1373.599999999999,181,8.63,2.97
20260307,16,171.40000000000003,22,7.79,2.85
20260308,34,180.79999999999998,14,10.64,6.37
20260307,35,43.599999999999994,4,49.75,5.05
20260308,6,2536.599999999999,365,7.73,2.39
20260308,47,2380.800000000003,291,8.7,2.98
20260308,12,340.79999999999995,43,7.91,3.0
20260308,42,1328.8000000000004,197,5.94,2.33
20260308,18,324.99999999999994,35,9.21,3.93
20260308,11,1413.3999999999992,175,6.1,3.11
20260308,48,1432.4000000000003,198,8.09,2.63
20260308,17,1310.6000000000001,204,7.56,2.19
20260308,16,112.4,15,13.42,2.6
20260308,15,404.19999999999993,58,6.09,2.53
20260308,5,1305.7999999999997,191,8.65,2.39
20260308,2,1140.5999999999997,158,7.74,2.68
20260308,25,953.2000000000003,133,7.62,2.67
20260308,40,234.59999999999997,28,21.79,3.27
20260308,35,54.6,4,12.0,6.42
20260308,23,83.2,6,10.2,7.02
20260308,22,301.19999999999993,32,9.0,4.05
20260308,39,465.00000000000017,71,6.71,2.26
20260308,13,15.4,1,14.0,8.33
20260308,0,340.6,14,23.18,13.19
20260309,25,768.3999999999997,126,6.84,2.4
20260310,48,1248.0000000000011,187,9.68,2.67
20260309,11,1072.8000000000004,176,7.83,2.32
20260308,9,12.4,1,16.0,6.52
20260308,28,98.8,10,13.57,4.49
20260309,6,2490.8000000000006,389,10.26,2.16
20260309,44,1241.4,180,8.01,2.96
20260314,47,2907.0000000000005,402,9.97,2.61
20260309,47,1591.600000000002,260,7.27,2.3
20260309,34,169.6,15,11.08,5.76
20260309,42,1287.400000000001,238,6.55,1.79
20260308,3,191.0,18,10.24,4.84
20260309,5,1467.2000000000005,238,7.06,2.42
20260309,15,449.6,73,8.26,2.46
20260309,7,679.0000000000001,126,6.33,1.78
20260309,22,235.20000000000002,29,15.07,3.85
20260309,48,907.5999999999998,152,7.73,2.23
20260309,28,28.4,4,15.25,3.0
20260309,39,539.8000000000001,91,9.09,2.27
20260309,18,320.99999999999994,36,10.53,4.32
20260309,3,155.60000000000002,18,7.0,3.79
20260309,17,1234.2,206,8.37,2.3
20260309,43,498.40000000000015,57,16.31,4.27
20260311,20,118.60000000000002,25,5.65,1.03
20260309,0,482.99999999999994,30,29.33,9.17
20260310,9,35.0,4,6.5,4.29
20260309,16,91.6,14,7.36,2.82
20260309,35,36.4,3,8.0,6.78
20260310,20,74.0,15,10.8,0.91
20260310,44,1488.4000000000003,228,8.83,2.74
20260310,25,741.8000000000001,122,8.09,2.4
20260310,47,1625.8000000000013,275,9.26,2.22
20260309,40,63.0,11,6.33,2.15
20260310,5,1452.0,239,8.94,2.39
20260310,34,135.4,10,19.1,7.49
20260310,6,2047.1999999999994,376,7.9,1.83
20260310,7,715.5999999999997,137,7.06,1.73
20260310,27,8.8,1,0.0,4.61
20260310,11,1138.600000000001,189,7.74,2.3
20260310,2,1555.0,217,12.46,3.15
20260310,22,187.20000000000005,28,9.43,2.89
20260310,43,364.4,46,12.28,3.84
20260310,17,1170.6000000000001,202,8.8,2.19
20260310,15,415.4000000000001,74,7.49,2.05
20260310,3,147.8,14,9.23,5.41
20260310,42,1379.2000000000005,260,7.05,1.78
20260310,16,55.8,9,13.5,2.44
20260311,48,1158.7999999999997,198,10.34,2.22
20260311,13,129.4,6,22.83,11.28
20260310,23,216.99999999999997,18,13.93,6.55
20260310,35,21.4,3,6.5,3.33
20260310,40,36.0,5,17.8,3.37
20260310,39,531.4,73,10.79,3.23
20260311,6,2251.0000000000005,398,7.91,2.01
20260311,18,201.99999999999994,22,11.9,4.72
20260310,0,244.79999999999998,11,30.25,12.55
20260313,0,652.6,42,29.34,8.42
20260311,12,208.59999999999997,31,10.61,2.9
20260311,42,1507.2000000000003,280,8.87,1.86
20260311,44,1388.1999999999998,205,8.74,2.94
20260311,5,1577.1999999999994,265,8.26,2.33
20260311,43,474.79999999999995,56,14.45,4.2
20260313,48,1372.0,208,10.23,2.36
20260310,45,27.0,2,17.5,7.55
20260311,17,1297.9999999999998,231,8.45,2.07
20260311,7,781.1999999999999,155,6.11,1.6
20260311,22,200.40000000000003,27,14.17,3.47
20260311,25,922.5999999999999,150,9.13,2.48
20260311,11,1088.1999999999998,178,7.93,2.4
20260311,2,1522.2000000000007,242,10.5,2.55
20260311,40,49.20000000000001,8,10.67,2.32
20260312,20,118.60000000000002,24,8.73,1.03
20260311,47,1773.600000000001,277,11.05,2.56
20260312,17,1265.9999999999998,214,9.61,2.25
20260312,12,153.00000000000003,25,8.73,2.46
20260312,47,2156.0000000000005,364,8.55,2.2
20260311,39,520.8000000000001,88,8.57,2.29
20260311,23,244.79999999999998,20,25.67,6.81
20260312,35,56.8,5,31.5,6.23
20260311,9,39.6,3,14.33,7.38
20260312,6,2693.199999999999,493,7.94,1.89
20260311,15,407.0,69,9.71,2.24
20260312,48,1258.5999999999985,221,9.0,2.08
20260312,42,1496.800000000001,288,8.06,1.71
20260312,25,985.9999999999999,163,8.82,2.4
20260312,5,1738.4000000000008,295,8.84,2.28
20260312,44,1782.1999999999998,258,10.92,3.01
20260312,7,724.2,152,6.32,1.42
20260311,16,90.6,14,6.58,2.63
20260312,3,130.79999999999998,15,8.69,4.29
20260313,2,1533.5999999999997,232,10.85,2.53
20260312,11,1207.2,202,10.56,2.27
20260312,16,87.0,13,9.44,2.78
20260312,40,66.0,9,9.78,3.21
20260312,39,615.4000000000003,104,7.77,2.22
20260312,2,1392.0000000000002,221,8.67,2.54
20260312,22,247.60000000000002,35,15.12,3.13
20260312,43,393.80000000000007,50,11.67,3.75
20260312,18,272.2,32,14.85,4.24
20260312,34,139.8,12,10.5,6.41
20260312,23,237.39999999999998,19,15.4,6.91
20260312,15,498.6000000000001,82,8.53,2.39
20260313,44,2004.1999999999991,276,10.34,2.97
20260312,0,410.7999999999999,21,28.94,11.01
20260312,45,39.6,3,15.5,7.49
20260313,17,1692.200000000001,273,10.55,2.21
20260313,42,1877.7200000000003,299,9.46,2.24
20260313,5,1881.2000000000016,282,10.58,2.57
20260313,18,423.99999999999994,47,8.67,4.05
20260313,43,467.8000000000001,51,17.41,4.38
20260313,34,276.6,21,11.31,6.39
20260313,6,3474.0000000000014,538,9.38,2.28
20260313,9,90.6,6,12.67,7.37
20260313,22,172.20000000000005,22,7.05,3.2
20260313,15,836.7999999999997,96,12.42,3.96
20260313,7,953.9999999999999,169,8.93,1.78
20260316,6,2577.400000000002,428,10.26,2.19
20260313,12,208.80000000000007,29,10.38,2.92
20260313,39,756.8000000000002,124,8.61,2.11
20260313,35,24.800000000000004,3,12.5,4.01
20260313,20,73.2,15,8.88,0.82
20260313,28,45.0,6,18.0,3.45
20260317,47,2715.7999999999997,321,7.9,2.8
20260314,5,1821.2000000000016,263,8.31,2.52
20260320,26,115.0,1,74.0,72.79
20260322,47,1900.0000000000007,272,7.22,2.43
20260314,2,1339.8000000000002,189,11.1,2.64
20260314,20,103.20000000000002,17,10.11,1.27
20260314,6,4083.399999999997,576,9.08,2.48
20260314,25,1417.8,200,10.23,2.67
20260314,9,43.2,4,7.33,4.99
20260314,12,387.1999999999999,52,6.27,2.85
20260314,15,555.0000000000002,89,6.73,2.16
20260317,17,1376.2000000000003,216,7.71,1.95
20260314,48,1812.600000000001,262,9.03,2.46
20260314,42,1860.4000000000008,300,8.73,2.0
20260314,18,616.8,62,11.57,4.39
20260314,39,752.9999999999997,118,8.41,2.16
20260314,11,1538.200000000001,238,9.4,2.12
20260314,23,254.20000000000002,16,28.71,8.11
20260314,44,2298.999999999998,297,11.61,3.08
20260314,43,411.39999999999986,47,10.75,3.78
20260314,17,1479.2000000000007,235,8.73,2.15
20260315,20,98.8,12,17.25,2.41
20260314,40,170.8,23,8.86,2.83
20260314,22,355.4,42,8.35,3.53
20260314,28,102.6,12,24.63,3.59
20260314,0,429.0,18,26.64,13.81
20260314,3,339.5999999999999,32,13.68,4.77
20260314,16,174.2,22,10.62,2.98
20260315,7,901.3999999999997,151,5.31,1.83
20260315,22,425.19999999999993,37,10.69,5.39
20260314,34,372.79999999999995,34,14.81,5.17
20260315,42,1430.7999999999984,230,5.88,2.02
20260315,17,1132.6,176,7.91,2.2
20260315,6,3297.4,482,7.85,2.35
20260315,48,1590.799999999999,235,7.57,2.39
20260315,44,1647.2000000000005,212,9.19,3.07
20260315,18,458.9999999999999,46,10.0,4.4
20260315,5,1541.2,231,8.87,2.35
20260315,39,580.2000000000002,82,8.12,2.5
20260315,2,1330.9999999999989,169,8.47,3.1
20260315,11,1691.2,231,7.73,2.68
20260315,12,501.31999999999994,47,10.09,4.55
20260315,40,129.0,14,8.75,3.7
20260315,25,1077.9999999999998,157,7.31,2.5
20260315,15,374.8,59,9.74,2.01
20260315,43,334.4,36,10.79,4.22
20260315,23,158.40000000000003,5,8.67,18.07
20260316,42,1630.2000000000007,296,8.36,1.83
20260315,9,59.8,6,12.0,4.76
20260316,2,1478.5999999999985,205,10.6,3.11
20260315,3,363.20000000000005,33,6.9,4.98
20260316,9,43.8,4,9.33,5.59
20260316,19,5.2,1,,0.0
20260316,17,1844.5999999999988,212,7.2,4.03
20260316,5,1582.6000000000013,244,8.42,2.61
20260316,48,1591.1999999999996,238,11.19,2.63
20260315,16,159.0,20,8.27,3.01
20260315,34,109.0,9,9.25,5.52
20260316,47,1877.1999999999996,284,8.87,2.65
20260316,44,1672.6000000000008,251,8.51,2.78
20260316,22,298.4,27,28.53,5.84
20260316,15,447.19999999999993,78,7.52,2.07
20260316,28,72.2,9,10.5,3.6
20260316,7,772.1999999999997,143,7.06,1.74
20260316,11,1459.8999999999999,239,7.21,2.28
20260316,25,1034.5999999999995,166,12.44,2.46
20260317,13,15.2,1,15.0,8.78
20260316,39,666.1999999999999,116,6.92,2.1
20260316,18,255.40000000000003,30,11.23,3.92
20260316,34,268.40000000000003,27,8.0,5.08
20260317,2,1051.9999999999998,141,8.55,2.69
20260316,43,642.2000000000004,75,11.84,4.26
20260316,0,587.1999999999999,40,41.08,8.35
20260316,23,125.2,11,11.43,5.99
20260317,48,1453.8000000000009,213,9.78,2.18
20260316,3,157.2,19,9.56,3.96
20260316,45,20.2,2,18.0,5.52
20260316,12,207.20000000000002,29,8.32,3.07
20260316,40,80.8,12,6.63,2.79
20260330,6,2279.4,404,7.99,1.93
20260316,20,107.00000000000001,21,11.09,1.17
20260317,18,460.00000000000006,44,11.69,4.28
20260317,44,1828.6000000000001,236,10.3,2.92
20260317,5,1565.8,228,7.63,2.28
20260317,15,398.99999999999994,60,9.94,2.12
20260317,33,35.4,1,0.0,21.42
20260317,11,1468.1999999999994,200,7.23,2.43
20260317,6,3882.3999999999987,530,7.7,2.19
20260317,7,908.2000000000004,148,6.15,1.63
20260317,22,231.59999999999997,26,22.4,3.9
20260317,34,254.4,22,9.05,4.74
20260317,42,2038.5999999999997,322,6.96,1.69
20260317,39,604.8,87,7.9,2.08
20260317,3,132.20000000000002,13,13.55,4.25
20260318,2,1440.8,207,8.53,2.84
20260317,25,902.1999999999998,123,9.17,2.68
20260317,35,57.599999999999994,6,13.25,4.52
20260318,20,66.0,14,7.67,0.33
20260317,28,197.20000000000005,19,8.33,4.46
20260317,0,155.6,9,18.67,7.65
20260318,48,1234.7999999999997,196,8.63,2.34
20260317,40,57.599999999999994,7,7.0,3.1
20260317,43,219.6,23,36.68,4.4
20260318,43,539.6,60,12.22,4.44
20260324,25,870.4000000000001,145,10.16,2.36
20260318,42,1232.8000000000009,206,6.43,2.17
20260318,5,1686.7999999999988,264,7.87,2.4
20260317,9,44.8,4,16.5,4.75
20260319,48,1168.0,173,8.65,2.81
20260318,6,2569.5999999999995,417,9.46,2.16
20260318,44,1518.2000000000003,208,8.56,2.89
20260318,11,1241.8,195,7.39,2.36
20260318,7,787.3999999999999,145,6.79,1.78
20260318,25,887.9999999999999,132,9.15,2.66
20260318,39,521.6000000000001,90,8.74,2.11
20260318,47,1953.2000000000005,282,7.41,2.62
20260318,17,1130.7999999999995,195,7.85,2.04
20260318,15,335.0,57,8.94,2.16
20260318,18,315.2,34,21.32,4.66
20260319,20,62.20000000000001,13,12.2,0.74
20260318,36,19.2,1,21.0,11.3
20260319,13,40.4,3,12.33,7.64
20260319,5,1520.3999999999983,254,9.9,2.36
20260325,13,74.19999999999999,4,33.5,9.03
20260318,12,194.79999999999998,31,9.7,2.48
20260318,40,86.79999999999998,11,15.0,3.15
20260318,22,140.60000000000002,20,10.94,2.98
20260319,11,1054.8000000000004,174,8.27,2.36
20260318,3,71.8,8,11.13,4.07
20260318,16,80.0,11,7.9,3.39
20260319,0,516.9999999999999,26,51.75,11.84
20260318,23,204.99999999999997,17,13.17,6.72
20260323,1,105.0,1,71.0,56.48
20260319,18,266.6,33,8.64,3.98
20260319,44,1447.0,207,10.5,3.1
20260319,15,602.5999999999999,83,9.36,3.22
20260319,39,607.8,105,9.6,2.18
20260320,42,1303.9999999999993,224,8.11,1.97
20260319,17,1137.1999999999996,210,8.9,1.94
20260319,25,883.6000000000001,141,9.57,2.58
20260319,7,723.4000000000001,132,12.07,1.96
20260319,22,254.00000000000003,36,10.61,3.1
20260319,47,1720.7999999999997,275,8.86,2.46
20260319,6,2320.200000000001,407,8.99,2.05
20260319,2,1374.2000000000005,212,11.27,2.69
20260320,20,101.2,19,7.36,1.24
20260319,23,325.4,25,23.74,7.35
20260330,20,111.2,22,13.36,1.0
20260319,46,22.2,1,19.0,13.28
20260330,22,221.19999999999996,30,6.58,3.0
20260325,12,215.39999999999998,29,13.26,3.35
20260319,40,73.4,12,5.89,2.48
20260319,42,1149.1600000000005,206,8.98,1.98
20260319,16,47.199999999999996,7,6.57,2.91
20260319,43,491.00000000000006,55,14.5,4.53
20260319,4,111.6,1,0.0,73.75
20260319,35,32.6,4,9.0,4.08
20260320,47,2001.0000000000007,304,8.03,2.39
20260326,48,1484.6999999999996,234,8.88,2.46
20260319,9,60.8,7,17.4,4.26
20260319,3,91.6,11,6.3,3.89
20260320,44,1963.0000000000002,256,11.16,3.27
20260319,45,27.4,2,13.0,7.64
20260320,48,1401.8000000000002,211,11.77,2.41
20260320,6,3353.4999999999986,478,9.67,2.06
20260320,2,1708.7999999999995,241,10.48,2.85
20260320,5,1603.7999999999988,261,10.81,2.2
20260320,18,195.99999999999994,23,8.26,3.94
20260319,34,113.00000000000001,10,12.44,6.12
20260320,17,1259.0000000000002,212,7.74,2.07
20260320,11,1675.8000000000004,258,8.9,2.3
20260320,25,1212.2000000000007,179,9.8,2.63
20260320,22,328.79999999999995,39,8.5,3.73
20260320,15,419.79999999999995,70,8.03,2.02
20260320,7,815.8000000000002,145,7.93,1.78
20260320,23,355.0,20,21.33,10.36
20260320,43,464.5999999999999,53,15.23,4.15
20260320,16,77.0,11,8.44,3.07
20260326,5,1714.8000000000015,286,8.54,2.35
20260321,44,1861.4000000000008,239,9.07,3.12
20260320,39,648.2000000000002,109,7.54,2.05
20260320,12,273.40000000000003,37,13.23,3.03
20260320,34,182.8,17,13.43,5.37
20260320,0,564.8,36,31.54,8.6
20260329,47,1933.4000000000005,240,9.7,3.16
20260321,20,90.4,16,7.1,1.33
20260321,48,1625.4000000000003,239,9.2,2.35
20260323,12,183.59999999999994,25,9.14,3.28
20260320,40,69.4,10,7.9,2.88
20260320,3,91.0,11,6.6,3.55
20260321,5,1678.9999999999998,244,8.51,2.5
20260321,7,823.4,133,7.55,2.03
20260321,2,1219.8000000000002,174,9.79,2.65
20260321,3,147.6,15,7.29,3.97
20260321,42,1367.8,229,7.13,1.82
20260321,15,386.80000000000007,65,6.04,1.95
20260321,17,1599.2000000000003,234,7.81,2.46
20260321,6,2749.400000000002,441,7.6,1.95
20260321,39,703.2000000000002,116,7.57,1.96
20260321,47,2215.7999999999997,307,8.47,2.6
20260321,11,1664.199999999999,246,8.21,2.32
20260321,25,1156.7999999999993,172,7.68,2.46
20260321,35,34.8,3,7.0,5.32
20260321,45,55.8,3,21.0,10.4
20260321,43,401.20000000000005,45,12.18,3.89
20260321,23,126.0,10,17.63,6.39
20260322,48,1415.0,194,6.86,2.63
20260321,16,152.0,19,7.86,2.87
20260321,0,190.2,12,30.25,8.41
20260321,40,141.6,17,10.33,3.43
20260321,18,312.4,34,13.6,4.01
20260321,28,313.6,15,10.92,11.45
20260321,22,192.6,21,13.25,4.02
20260321,9,66.0,6,15.0,5.38
20260321,8,72.0,2,55.5,20.35
20260322,11,1193.7999999999995,171,7.5,2.46
20260322,2,999.1999999999998,134,6.53,2.85
20260321,12,218.79999999999998,29,9.5,2.98
20260322,20,43.8,7,13.0,0.78
20260322,39,758.6,105,6.37,2.74
20260322,6,2371.7999999999997,349,8.16,2.29
20260321,34,193.60000000000002,18,14.5,4.78
20260322,34,269.8,22,10.25,5.86
20260322,18,244.2,27,9.65,3.87
20260322,5,1259.0000000000005,192,7.78,2.3
20260322,44,1528.0000000000005,196,8.22,3.06
20260322,25,783.5999999999998,115,10.38,2.48
20260322,7,558.4,95,5.28,1.79
20260322,42,1317.1999999999998,173,6.44,2.82
20260322,17,1042.0000000000005,162,7.25,2.15
20260322,43,429.99999999999994,41,10.06,4.89
20260322,12,252.40000000000003,30,8.0,3.36
20260322,3,215.00000000000003,21,7.16,4.34
20260322,0,354.2,17,16.13,11.42
20260322,22,258.59999999999997,34,7.19,2.79
20260329,0,369.2,20,37.93,9.56
20260322,40,136.6,21,11.15,2.18
20260322,15,294.99999999999994,43,8.38,2.56
20260322,35,30.6,3,13.0,4.69
20260322,9,21.6,2,10.5,5.01
20260323,43,364.2,45,12.28,3.91
20260323,18,191.2,21,9.78,4.56
20260323,2,1372.8,190,10.89,3.14
20260323,34,216.0,18,12.64,6.25
20260322,24,25.0,1,0.0,10.04
20260323,6,2054.400000000001,364,7.96,1.96
20260323,44,1377.5999999999997,195,8.63,3.06
20260323,5,1287.6000000000001,216,8.11,2.28
20260323,42,1165.9999999999998,220,6.36,1.78
20260323,20,94.2,18,7.25,1.14
20260323,17,1125.4000000000003,185,9.87,2.29
20260323,15,409.5999999999999,67,11.65,2.34
20260323,25,834.8,135,6.1,2.4
20260323,3,161.6,19,8.67,3.63
20260323,22,231.80000000000004,29,11.89,3.46
20260323,48,1110.4,165,9.16,2.77
20260323,47,1552.1999999999994,242,7.64,2.45
20260323,11,1004.5999999999997,164,7.36,2.32
20260323,7,710.4000000000002,129,7.04,1.92
20260323,39,513.8000000000001,95,9.04,1.85
20260323,0,380.3999999999999,26,21.68,8.24
20260327,2,1537.9999999999986,227,10.59,2.62
20260323,28,84.0,9,11.0,4.55
20260324,2,1490.600000000001,236,10.03,2.6
20260325,2,1381.4000000000003,225,9.97,2.47
20260324,44,1395.6999999999994,206,9.08,2.94
20260324,48,1126.2000000000007,187,10.31,2.32
20260324,13,71.0,3,29.0,13.96
20260324,34,86.4,9,19.33,5.07
20260324,28,34.199999999999996,5,12.4,3.14
20260323,16,93.2,13,5.75,3.26
20260324,22,171.19999999999996,24,9.7,3.17
20260324,5,1480.8000000000013,244,8.26,2.38
20260324,15,370.59999999999997,66,6.93,2.1
20260324,7,665.6,127,6.92,1.76
20260324,6,2165.4000000000005,415,8.27,1.75
20260324,43,375.59999999999997,45,13.79,4.12
20260324,42,1124.1999999999996,203,7.79,1.97
20260324,11,1019.8000000000003,172,8.42,2.28
20260331,23,279.79999999999995,21,21.95,7.42
20260326,46,83.6,2,19.0,23.11
20260324,17,1065.9999999999998,195,7.28,1.98
20260325,17,1156.6000000000004,209,7.93,2.02
20260324,39,503.40000000000015,89,9.59,2.06
20260324,47,1486.0000000000002,253,9.9,2.2
20260324,16,74.4,11,10.73,2.96
20260324,0,135.20000000000002,9,23.11,8.53
20260324,12,162.99999999999997,23,9.32,3.17
20260325,42,1498.8000000000009,279,7.89,1.87
20260324,18,201.6,27,11.26,3.46
20260325,27,31.0,4,20.0,3.76
20260324,40,73.8,11,9.09,2.89
20260325,5,1770.1999999999994,283,9.82,2.51
20260325,22,238.6,28,10.61,4.19
20260324,3,148.8,19,8.39,3.56
20260325,48,1129.4,197,7.78,2.15
20260326,2,1507.8,234,9.25,2.68
20260324,8,21.6,1,20.0,12.51
20260325,44,1357.0000000000002,207,9.53,2.78
20260325,11,1056.6000000000004,177,6.93,2.3
20260325,25,1111.4000000000005,185,11.41,2.37
20260325,6,2200.800000000002,420,8.7,1.76
20260325,34,112.2,11,9.18,5.28
20260325,47,1861.0000000000007,290,8.22,2.56
20260325,7,699.8,140,7.21,1.6
20260325,43,396.59999999999997,49,16.45,3.95
20260325,15,406.6,73,7.4,2.05
20260325,16,48.6,7,9.86,3.04
20260325,40,56.0,9,6.57,2.31
20260325,39,479.20000000000005,89,8.22,1.9
20260325,3,161.6,16,12.25,5.09
20260326,6,2536.6000000000004,454,10.56,1.97
20260325,9,40.0,3,8.67,5.64
20260326,44,1611.400000000001,240,10.92,2.87
20260325,45,14.4,1,18.0,8.26
20260325,18,255.99999999999997,30,12.58,4.25
20260325,20,81.2,18,10.55,0.81
20260329,48,1922.2000000000016,227,8.45,3.37
20260325,0,421.19999999999993,26,29.33,8.91
20260326,7,734.6000000000005,146,7.26,1.6
20260326,11,1448.400000000001,244,9.82,2.24
20260326,42,1488.800000000001,278,8.5,1.83
20260326,43,457.99999999999994,56,12.1,3.98
20260326,47,1992.1999999999998,323,8.01,2.35
20260326,17,1294.1999999999998,221,10.37,2.2
20260326,25,1111.9999999999995,181,10.61,2.46
20260326,34,106.2,9,9.33,6.45
20260326,12,340.2,51,8.78,2.76
20260326,3,225.4,27,9.84,4.05
20260326,22,224.8,30,9.19,3.41
20260401,13,15.2,1,14.0,8.78
20260326,15,469.59999999999997,81,9.8,2.19
20260326,20,126.00000000000003,23,8.94,1.7
20260326,39,620.3999999999997,111,9.43,1.97
20260326,18,215.4,28,9.31,3.57
20260326,9,49.4,5,16.6,5.29
20260330,26,115.0,1,53.0,72.79
20260326,35,55.2,5,13.4,5.93
20260327,23,133.8,10,38.0,7.12
20260327,27,22.6,2,24.0,3.85
20260327,40,69.6,10,7.86,2.95
20260326,40,159.6,16,15.75,5.04
20260327,43,488.19999999999993,56,14.04,4.09
20260327,44,1988.5999999999997,272,11.27,2.96
20260327,6,3197.000000000001,505,8.66,2.2
20260327,42,1632.0000000000002,281,9.49,1.94
20260327,39,656.4000000000002,114,8.36,1.84
20260327,9,29.8,3,18.5,4.99
20260327,12,217.79999999999995,28,10.26,3.25
20260326,0,366.4,18,31.14,11.18
20260327,17,1422.2000000000012,229,9.09,2.2
20260326,16,153.2,22,9.82,2.88
20260327,11,1557.4000000000003,246,8.8,2.21
20260327,48,1553.2,253,11.8,2.13
20260327,47,2627.799999999998,346,9.67,3.01
20260327,5,1996.7999999999993,316,9.61,2.31
20260327,7,841.6,157,7.98,1.61
20260327,15,520.3999999999999,73,8.82,2.84
20260327,16,85.2,11,23.4,3.38
20260327,0,1232.6000000000001,50,32.2,13.32
20260327,25,1179.4000000000005,176,10.55,2.6
20260327,18,309.0,35,8.81,3.99
20260330,2,1339.7999999999984,220,9.85,2.41
20260327,31,14.4,1,16.0,7.75
20260327,3,210.4,23,8.5,4.38
20260328,44,2389.4,305,9.26,3.15
20260327,35,40.2,5,90.0,3.69
20260327,28,98.0,10,11.78,4.88
20260328,24,59.4,3,21.0,9.53
20260327,22,332.6,25,13.26,7.12
20260328,6,3582.999999999997,573,8.97,1.96
20260328,25,1256.4,175,7.43,2.66
20260328,34,254.60000000000002,23,10.33,5.42
20260328,5,2078.2,306,8.04,2.42
20260328,42,1697.8000000000006,291,6.27,1.74
20260328,48,1953.3999999999992,281,8.27,2.43
20260328,47,2783.7999999999984,377,9.01,2.67
20260328,7,881.5999999999997,155,6.16,1.66
20260328,11,1660.0,254,7.58,2.14
20260328,15,512.4000000000001,85,6.53,1.95
20260328,2,1648.8000000000013,211,8.96,3.1
20260328,17,1663.8000000000004,268,7.89,2.02
20260328,22,269.6,31,10.4,3.63
20260328,43,559.8,61,13.33,4.17
20260328,40,187.19999999999996,29,10.14,2.25
20260330,48,1247.8000000000002,180,8.6,2.88
20260328,39,829.7999999999997,131,8.36,2.1
20260328,16,98.8,14,16.18,2.68
20260328,0,409.0,16,25.79,14.96
20260328,12,333.9999999999999,45,7.76,2.84
20260329,11,1252.8000000000009,180,7.98,2.47
20260329,17,1199.9999999999998,178,8.43,2.34
20260328,3,303.40000000000003,27,14.26,5.09
20260328,23,106.39999999999999,10,9.83,5.05
20260329,44,1426.6000000000008,193,8.7,2.89
20260329,43,445.9999999999999,33,9.96,6.66
20260328,18,574.4,46,8.57,4.56
20260329,25,909.8,132,8.22,2.49
20260329,42,1003.5999999999999,166,6.52,1.93
20260330,47,1632.6000000000008,252,8.68,2.52
20260328,20,110.00000000000001,18,13.18,1.33
20260329,2,1077.5999999999997,148,9.07,2.79
20260329,6,2568.4,369,7.84,2.4
20260329,3,154.6,16,8.79,4.01
20260329,39,446.99999999999994,67,8.75,2.24
20260329,18,483.19999999999993,53,10.83,3.93
20260329,5,1346.9999999999995,202,6.98,2.36
20260329,16,119.4,14,5.0,3.45
20260329,7,579.3999999999999,104,4.77,1.66
20260329,15,339.19999999999993,55,19.33,2.06
20260329,12,181.4,25,7.7,2.64
20260329,40,105.60000000000001,16,12.57,2.33
20260329,23,139.60000000000002,10,14.0,7.04
20260330,40,65.2,8,9.71,3.86
20260329,28,32.6,4,8.33,3.68
20260330,42,1086.2000000000005,186,7.37,2.13
20260329,20,88.00000000000001,12,10.67,1.91
20260330,39,491.8000000000002,88,8.22,1.93
20260331,48,1313.4,196,9.82,2.77
20260331,18,199.0,24,17.48,3.97
20260330,12,149.00000000000003,22,6.95,2.97
20260330,5,1383.6000000000004,222,9.71,2.44
20260329,34,190.2,15,9.5,6.01
20260330,44,1568.000000000001,222,10.91,3.06
20260330,0,560.6,34,36.55,9.48
20260330,18,278.40000000000003,36,10.63,3.63
20260330,11,1113.2000000000003,176,8.55,2.47
20260330,25,722.8000000000003,123,7.88,2.26
20260330,7,763.4000000000001,143,6.65,1.7
20260330,3,154.60000000000002,15,6.13,4.99
20260330,17,1076.4,189,8.2,2.04
20260330,23,122.2,11,12.5,5.98
20260330,43,348.20000000000005,44,10.92,3.8
20260330,16,78.8,12,7.5,2.76
20260330,35,52.2,6,10.67,4.45
20260330,15,475.6000000000002,84,6.69,2.08
20260330,34,153.99999999999997,14,9.42,5.59
20260330,45,10.6,1,23.0,5.87
20260330,28,64.8,9,8.63,3.34
20260331,44,1493.6,214,9.81,3.11
20260331,5,1283.8000000000006,215,8.14,2.31
20260331,6,2198.400000000002,384,8.5,2.08
20260331,2,1444.5999999999995,220,8.98,2.74
20260331,11,1132.6000000000001,188,7.1,2.34
20260331,25,978.7999999999997,153,10.23,2.65
20260331,22,232.39999999999995,33,9.52,3.01
20260331,7,755.5999999999999,149,7.54,1.66
20260331,17,1035.8000000000002,186,10.46,2.03
20260331,42,1692.5999999999995,226,6.91,3.33
20260331,12,162.79999999999998,26,6.23,2.58
20260331,3,135.6,16,5.44,4.04
20260331,15,425.6000000000001,76,9.2,2.07
20260331,47,1595.600000000001,251,9.16,2.57
20260331,39,648.9999999999998,116,9.02,2.03
20260331,40,52.2,7,7.17,3.43
20260331,43,421.4,50,11.41,4.21
20260331,20,98.20000000000002,21,7.13,1.01
20260331,16,53.6,9,4.63,2.29
20260331,28,76.6,8,8.6,4.87
20260331,35,45.800000000000004,6,9.5,3.68
20260401,2,80.0,11,7.8,3.06
20260401,48,96.00000000000001,16,7.07,2.22
20260401,5,148.39999999999998,24,5.56,2.41
20260401,22,22.6,3,4.67,3.36
20260401,25,75.4,13,9.08,2.09
20260401,12,19.2,3,2.5,2.75
20260401,6,115.40000000000002,21,4.22,1.71
20260401,17,140.6,23,6.5,2.24
20260401,11,75.6,11,9.36,2.71
20260401,42,122.80000000000001,20,6.76,2.17
20260401,15,53.60000000000001,8,3.0,2.8
20260401,44,128.20000000000002,19,6.0,2.69
20260401,34,7.6,1,0.0,3.27
20260401,47,92.4,13,6.56,2.85
20260401,3,36.199999999999996,4,11.75,4.43
20260719,22,323.19999999999993,33,12.7,4.19
20260721,20,122.40000000000002,25,10.0,1.15
20260720,48,1037.6000000000006,172,9.14,2.2
20260718,48,1949.6000000000004,274,8.97,2.57
20260718,44,2071.4000000000005,266,9.21,3.13
20260718,47,2963.800000000002,307,9.48,3.94
20260717,39,257.6,35,8.03,2.36
20260719,6,2379.2,337,8.33,2.45
20260718,20,99.0,14,9.56,1.96
20260717,12,111.60000000000001,13,10.67,3.18
20260718,39,919.3999999999997,134,9.37,2.43
20260719,47,1656.8000000000009,233,7.92,2.56
20260718,15,401.79999999999984,64,8.73,2.15
20260718,25,1281.8000000000002,189,7.27,2.51
20260717,2,321.20000000000005,38,9.88,3.11
20260718,42,1254.0000000000005,212,6.24,1.81
20260718,6,2677.9999999999973,409,6.85,2.18
20260717,44,502.5999999999999,64,8.39,2.83
20260717,43,49.8,6,7.0,2.99
20260718,18,485.3999999999999,55,9.39,3.82
20260717,25,288.00000000000006,38,8.73,2.72
20260717,47,728.1999999999996,99,8.09,2.38
20260717,42,364.2,51,6.98,2.23
20260717,6,799.4000000000002,115,9.36,2.1
20260717,5,444.3999999999999,61,9.33,2.41
20260717,34,81.40000000000002,7,12.83,5.4
20260717,11,471.8000000000001,65,6.41,2.28
20260717,15,112.39999999999999,14,9.09,2.92
20260717,17,393.40000000000003,57,8.17,2.18
20260718,11,1252.9999999999998,187,7.11,2.27
20260717,48,508.4,72,8.69,2.17
20260717,0,207.79999999999998,9,22.88,11.81
20260717,7,138.6,22,4.86,1.68
20260717,40,23.200000000000003,3,3.67,2.46
20260718,17,1337.0000000000005,224,8.32,1.89
20260717,3,75.2,8,7.25,3.69
20260718,16,232.0,25,9.37,3.6
20260718,5,1742.000000000001,267,8.01,2.3
20260718,22,410.1999999999999,49,7.97,3.35
20260718,2,1896.4000000000003,166,8.24,5.25
20260718,34,334.59999999999997,28,13.53,5.51
20260718,12,255.4,37,11.34,2.49
20260718,7,755.2000000000002,127,6.69,1.86
20260718,43,532.8000000000001,48,9.7,5.14
20260718,24,15.4,1,19.0,8.38
20260719,44,1593.2000000000007,200,8.77,3.17
20260718,0,208.6,11,24.0,10.41
20260718,40,142.8,20,8.13,2.71
20260718,45,26.200000000000003,2,26.5,6.93
20260718,3,177.60000000000002,18,6.65,4.58
20260719,20,49.39999999999999,8,9.0,0.42
20260719,17,1112.6,181,7.37,1.94
20260719,2,1362.4,170,9.56,3.22
20260719,5,1708.4000000000003,232,6.46,2.75
20260718,23,95.00000000000001,8,16.2,6.03
20260719,7,485.40000000000015,90,5.88,1.56
20260719,25,899.2,122,8.65,2.88
20260720,11,948.2,151,7.83,2.39
20260719,11,862.6000000000003,121,8.44,2.57
20260719,12,393.6,37,10.46,4.82
20260719,16,110.00000000000001,13,14.7,3.21
20260719,48,1291.2000000000003,188,8.52,2.36
20260719,42,1188.800000000001,195,6.97,1.95
20260719,43,285.80000000000007,30,16.12,4.15
20260719,34,159.60000000000002,17,10.07,3.92
20260719,15,272.7999999999999,43,4.63,2.06
20260719,18,554.5999999999998,58,10.27,4.25
20260719,39,482.19999999999993,75,7.31,2.13
20260719,40,127.80000000000001,17,12.64,3.13
20260720,25,874.6000000000001,128,9.3,2.85
20260720,6,2512.8,352,8.12,2.85
20260719,0,578.8,21,30.15,15.09
20260720,34,143.79999999999998,12,10.56,6.05
20260719,3,254.20000000000002,25,9.09,4.45
20260720,7,642.1999999999998,113,8.44,2.0
20260719,30,99.99999999999999,5,19.67,10.69
20260720,5,1295.1999999999996,214,9.66,2.28
20260720,2,1229.8,186,10.12,2.72
20260720,17,1208.8,196,9.56,2.33
20260720,44,1444.8000000000009,203,8.77,3.05
20260720,42,1033.8,175,7.93,2.11
20260720,40,76.8,11,9.0,2.74
20260720,47,1294.6000000000006,194,12.12,2.61
20260720,18,343.6000000000001,32,12.96,5.19
20260720,16,46.6,8,5.33,2.16
20260720,15,407.8,68,7.62,2.31
20260720,22,271.8,30,11.77,4.29
20260720,23,170.60000000000002,13,14.67,7.09
20260720,39,651.8,107,9.01,2.32
20260720,43,317.6,40,10.96,3.83
20260721,44,1216.2000000000007,177,8.95,2.99
20260720,12,230.60000000000005,33,8.89,3.07
20260720,0,683.2000000000002,36,26.87,10.98
20260721,6,2272.6000000000004,367,9.06,2.41
20260721,42,916.4000000000002,169,7.26,1.9
20260720,27,14.600000000000001,2,6.5,2.51
20260721,5,1102.0,183,9.65,2.38
20260723,25,847.2,134,8.21,2.59
20260721,2,1233.2000000000003,198,9.23,2.5
20260721,11,1071.0000000000002,172,10.26,2.45
20260721,47,1683.4000000000005,267,8.13,2.51
20260721,12,120.19999999999999,19,8.39,2.65
20260721,15,496.20000000000005,84,10.97,2.27
20260721,39,492.20000000000005,87,7.93,2.08
20260721,7,642.0,121,6.72,1.8
20260721,18,266.0,33,8.81,3.87
20260721,48,1360.9999999999998,193,9.48,2.98
20260721,17,934.4000000000005,155,9.13,2.35
20260721,9,22.6,2,17.0,6.27
20260721,25,781.3999999999997,128,10.9,2.46
20260721,27,8.0,1,3.0,3.92
20260721,28,46.39999999999999,6,13.83,3.78
20260721,43,377.20000000000005,48,14.31,3.82
20260721,22,154.4,20,13.77,3.7
20260722,47,1418.0000000000005,231,10.99,2.41
20260721,34,174.4,17,10.92,5.28
20260726,0,831.0000000000001,31,21.54,13.86
20260722,42,931.5999999999998,169,7.15,1.94
20260722,40,54.800000000000004,8,7.0,2.9
20260721,0,306.79999999999995,8,24.14,17.93
20260722,2,1196.0,182,9.5,2.72
20260721,3,89.60000000000001,11,5.33,3.78
20260721,40,184.79999999999998,12,22.86,8.57
20260722,5,1142.2,194,7.72,2.25
20260722,48,1114.6000000000001,176,8.55,2.53
20260722,11,965.6000000000004,161,7.32,2.35
20260722,22,236.60000000000002,33,10.52,3.19
20260722,17,1119.8000000000004,197,8.29,2.12
20260722,25,845.2,130,10.96,2.75
20260722,44,1242.4000000000003,185,9.75,2.88
20260722,6,2195.2000000000007,372,8.44,2.2
20260722,3,110.2,13,7.5,3.99
20260722,7,802.0,137,7.03,2.14
20260722,18,189.8,24,8.95,3.73
20260722,39,618.4000000000002,113,7.5,1.99
20260722,43,484.60000000000014,61,11.96,3.78
20260722,34,72.8,8,8.14,4.53
20260723,48,1273.7999999999995,204,8.7,2.48
20260722,15,344.99999999999994,61,7.69,2.11
20260722,28,56.60000000000001,6,15.8,4.97
20260722,23,148.2,12,12.88,6.88
20260723,2,1195.6,191,9.41,2.53
20260722,12,164.0,26,8.05,2.63
20260723,20,91.40000000000002,18,9.27,1.27
20260723,19,5.2,1,,0.0
20260723,39,667.4000000000001,115,7.99,2.15
20260723,44,1399.6000000000006,201,9.51,3.06
20260723,7,633.2000000000002,126,8.46,1.62
20260723,40,122.2,17,10.25,3.22
20260723,15,462.0000000000002,79,8.7,2.23
20260723,11,1051.9999999999998,173,8.29,2.35
20260723,6,2394.0000000000027,425,9.33,2.01
20260723,47,1694.2000000000003,254,8.4,2.72
20260723,5,1334.0,228,7.78,2.22
20260724,20,86.80000000000003,18,12.71,0.83
20260723,42,1298.8000000000004,226,8.56,2.09
20260723,18,263.19999999999993,34,18.61,3.6
20260723,17,1075.8000000000002,184,9.72,2.23
20260723,43,422.4,51,11.1,4.07
20260723,28,31.0,4,6.0,3.81
20260723,22,272.8,27,13.76,5.09
20260723,0,437.59999999999997,18,22.53,14.72
20260729,47,1849.799999999999,303,7.5,2.34
20260723,3,117.2,9,7.11,7.11
20260730,0,593.0,17,39.57,22.08
20260731,47,2511.199999999999,358,10.43,2.64
20260724,31,10.0,1,81.0,5.02
20260723,12,161.99999999999994,25,7.45,2.71
20260723,34,68.0,8,22.83,3.8
20260724,17,1368.1999999999998,220,8.43,2.24
20260724,2,1586.8,243,9.94,2.44
20260726,16,104.19999999999999,15,6.5,2.51
20260724,43,485.40000000000003,50,20.33,4.67
20260724,44,1767.6,239,9.88,3.06
20260724,5,1731.4,270,8.1,2.33
20260724,42,1711.2000000000003,263,8.68,2.29
20260724,7,751.2000000000004,139,6.44,1.63
20260723,23,179.2,15,13.64,6.57
20260724,25,1069.4000000000003,162,9.41,2.53
20260724,11,1275.0,190,8.85,2.48
20260724,18,423.3999999999999,42,9.91,4.62
20260724,3,154.39999999999998,18,19.06,3.62
20260724,47,2436.600000000001,343,9.95,2.71
20260724,39,741.7999999999998,122,8.14,2.11
20260724,6,2699.7999999999993,420,8.96,2.22
20260724,30,32.0,2,17.0,9.04
20260724,48,1981.4000000000008,275,9.62,2.7
20260724,22,314.6000000000001,34,14.43,4.16
20260724,34,262.20000000000005,21,11.4,6.17
20260724,12,279.0,41,9.7,2.56
20260724,9,30.2,3,6.5,5.23
20260725,42,1519.8000000000006,235,7.26,2.18
20260724,15,557.2000000000002,89,13.07,2.24
20260724,35,14.6,2,5.5,3.06
20260724,0,1450.1999999999998,49,36.03,16.25
20260724,28,89.8,10,7.86,4.25
20260725,48,1911.4000000000012,281,8.63,2.37
20260725,7,724.4000000000001,135,6.77,1.47
20260725,12,434.99999999999994,60,8.17,2.72
20260725,6,3543.999999999993,557,7.56,2.04
20260725,20,98.2,18,11.17,1.14
20260725,2,1597.9999999999998,214,8.95,2.84
20260725,44,2273.4,300,8.25,3.0
20260725,15,548.9999999999999,75,9.33,2.77
20260725,25,1221.4000000000003,186,7.37,2.34
20260725,11,1754.8,263,7.96,2.26
20260725,43,487.1999999999999,50,12.61,4.33
20260725,3,188.0,17,10.76,5.03
20260725,5,1955.7999999999997,293,7.74,2.33
20260725,47,2199.0000000000005,317,8.28,2.42
20260725,34,272.59999999999997,26,16.67,4.97
20260725,18,576.1999999999999,61,9.34,4.06
20260725,22,484.20000000000005,43,12.03,5.19
20260725,9,75.8,5,26.2,7.14
20260726,20,82.6,14,19.33,1.64
20260725,17,1603.2000000000003,256,7.94,2.07
20260726,42,1079.5999999999997,172,6.5,2.03
20260725,0,246.60000000000002,10,21.63,13.45
20260725,39,879.6000000000001,140,7.65,2.05
20260725,28,136.39999999999998,14,12.78,4.34
20260726,18,425.2,45,11.6,4.05
20260725,16,245.00000000000003,20,11.33,5.76
20260726,47,1599.8000000000006,219,8.11,2.74
20260726,34,132.4,11,9.7,5.68
20260725,23,76.60000000000001,7,12.14,5.5
20260725,40,158.2,20,11.89,3.2
20260726,36,16.4,1,19.0,9.01
20260726,3,208.39999999999995,20,11.65,4.58
20260726,44,1423.1999999999996,188,8.35,2.91
20260726,11,1384.8000000000002,191,6.68,2.58
20260726,48,1375.599999999999,202,7.91,2.35
20260726,7,659.8,108,6.29,1.91
20260726,39,777.6000000000004,101,5.55,2.89
20260726,22,448.3999999999999,48,10.18,3.98
20260726,6,2211.3999999999996,329,6.4,2.28
20260726,25,826.1999999999997,117,7.22,2.64
20260726,17,1047.9999999999995,167,6.71,2.06
20260726,5,1245.3999999999999,190,6.98,2.18
20260726,15,383.6,60,8.0,2.13
20260726,43,365.6,39,8.69,4.15
20260726,2,1277.2000000000003,167,7.22,3.01
20260726,27,14.4,2,19.5,2.09
20260726,12,288.99999999999994,36,8.32,3.05
20260726,14,137.63,1,113.0,59.31
20260727,42,994.8000000000001,177,8.66,1.96
20260726,28,99.0,9,10.75,5.31
20260727,6,2224.2,403,7.47,1.86
20260727,20,69.80000000000001,15,27.0,0.75
20260726,35,33.199999999999996,3,11.5,5.02
20260801,44,2237.400000000002,271,9.0,3.44
20260727,7,599.6000000000004,114,6.7,1.71
20260727,30,37.6,2,89.0,11.03
20260727,5,1178.3999999999994,196,8.36,2.29
20260727,47,1604.5999999999983,254,8.75,2.44
20260727,44,1340.5999999999995,187,8.15,3.15
20260727,16,58.6,9,2.43,2.55
20260726,40,139.4,17,7.29,3.09
20260727,17,1216.0000000000002,202,8.8,2.29
20260727,48,1226.9999999999998,192,8.2,2.44
20260727,2,1172.4000000000005,184,8.34,2.59
20260727,43,444.0000000000001,53,11.56,4.05
20260727,25,769.3999999999997,121,8.22,2.55
20260727,3,167.39999999999998,16,9.07,4.94
20260727,15,476.79999999999995,81,8.97,2.22
20260727,11,1100.1999999999998,173,7.97,2.5
20260727,22,261.40000000000003,30,7.9,3.8
20260727,39,584.5999999999999,95,8.08,2.25
20260727,12,147.2,20,9.18,3.21
20260727,0,670.0000000000002,38,27.03,10.0
20260727,18,231.79999999999998,29,12.96,3.84
20260727,28,112.4,12,9.4,4.8
20260727,13,39.2,2,21.0,11.62
20260728,5,1355.6000000000004,235,7.18,2.17
20260728,44,1378.3999999999996,205,8.39,2.88
20260728,42,955.9999999999992,178,7.24,1.89
20260727,40,79.4,12,8.5,2.74
20260728,11,1041.8,172,9.09,2.36
20260728,6,2109.4000000000015,369,7.95,2.07
20260728,23,157.00000000000003,14,13.31,6.07
20260728,43,336.8,39,12.53,4.21
20260728,34,94.60000000000001,9,9.88,5.52
20260728,25,707.9999999999998,118,8.59,2.34
20260728,47,1588.3999999999999,257,7.86,2.42
20260728,7,594.1999999999997,115,7.14,1.69
20260728,17,1162.6000000000004,204,8.01,2.1
20260728,15,431.39999999999975,77,10.03,2.0
20260728,24,23.4,1,25.0,13.69
20260728,48,1143.9999999999998,183,8.72,2.51
20260728,2,1190.2,194,7.79,2.46
20260728,3,104.4,12,11.64,4.29
20260728,22,122.00000000000003,19,9.36,2.64
20260729,20,95.80000000000001,18,10.58,1.31
20260728,18,166.00000000000003,20,9.55,4.03
20260803,11,1087.5999999999997,164,8.81,2.63
20260728,16,74.8,10,17.0,3.52
20260728,39,493.4,90,11.23,1.91
20260729,44,1629.2000000000005,234,11.2,3.04
20260804,20,72.60000000000001,15,7.86,1.02
20260728,40,56.6,9,6.33,2.41
20260728,37,185.2,1,83.0,124.6
20260728,26,115.0,1,74.0,72.64
20260728,12,159.2,25,20.09,2.67
20260728,35,59.4,6,22.4,4.53
20260729,2,1588.0000000000007,232,9.74,2.93
20260729,0,688.4,25,41.19,16.83
20260729,5,1303.8000000000002,214,8.53,2.41
20260729,43,341.79999999999995,39,15.16,4.39
20260729,11,1122.199999999999,180,7.88,2.48
20260729,25,1008.1999999999996,154,9.82,2.74
20260729,48,1188.0000000000002,208,8.38,2.1
20260729,12,210.0,28,10.48,3.39
20260729,42,1193.6000000000004,211,7.75,2.06
20260729,6,2114.2000000000007,381,8.66,1.97
20260729,3,153.2,12,10.92,5.41
20260729,17,977.4000000000005,169,8.83,2.17
20260729,7,743.9999999999998,142,7.74,1.74
20260729,15,611.6000000000003,97,6.61,2.51
20260729,18,252.8,32,11.0,3.75
20260729,39,641.3999999999999,102,7.38,2.46
20260729,9,72.2,6,8.67,6.72
20260729,34,281.19999999999993,22,13.14,6.98
20260729,23,147.4,12,8.44,6.78
20260730,44,1671.3300000000008,237,9.67,3.12
20260729,22,149.19999999999996,21,6.46,3.11
20260729,28,35.8,5,11.8,3.32
20260730,20,103.80000000000001,20,14.54,1.35
20260730,2,1305.0000000000002,215,8.61,2.39
20260730,42,1315.6000000000006,229,10.77,2.1
20260730,48,1351.6000000000001,223,8.52,2.34
20260730,25,925.5999999999995,149,9.67,2.49
20260730,6,2280.8,415,7.51,1.9
20260730,17,1183.2000000000005,188,9.65,2.52
20260730,47,2149.399999999999,329,8.17,2.61
20260730,28,35.199999999999996,5,10.4,3.15
20260730,18,313.20000000000005,37,12.55,4.24
20260730,5,1606.3999999999999,262,9.03,2.41
20260730,11,1214.3999999999999,196,8.37,2.43
20260730,7,702.0,133,7.11,1.75
20260730,40,116.6,18,6.29,2.73
20260730,39,676.2000000000002,114,7.81,2.24
20260730,43,453.8000000000001,53,11.53,4.27
20260730,12,189.20000000000002,29,7.0,2.75
20260731,7,828.2000000000004,159,8.03,1.58
20260730,15,559.1999999999997,93,6.97,2.32
20260730,35,36.2,4,14.67,4.79
20260730,34,133.2,13,8.29,5.31
20260803,0,799.3999999999999,33,33.39,13.8
20260807,0,872.4,39,25.73,12.11
20260730,23,233.79999999999998,16,28.62,8.38
20260731,20,176.0,19,9.93,4.03
20260730,22,251.20000000000005,31,9.61,3.85
20260731,6,2941.999999999996,489,9.31,2.0
20260731,17,1538.0000000000007,255,8.9,2.12
20260731,48,1464.3999999999994,223,10.38,2.38
20260731,34,172.40000000000003,16,9.91,5.34
20260731,12,243.00000000000003,34,8.0,2.79
20260731,25,1034.2,157,9.34,2.54
20260731,5,1853.0000000000014,278,8.61,2.5
20260731,44,2148.2000000000003,293,9.11,3.03
20260731,2,1388.4000000000003,212,9.42,2.46
20260731,42,1501.4000000000008,267,7.65,1.78
20260731,18,280.2,33,8.71,3.78
20260731,15,402.99999999999994,67,7.8,2.12
20260731,43,384.20000000000005,44,10.76,3.95
20260731,11,1254.200000000001,191,8.96,2.38
20260731,22,296.7999999999999,36,17.57,3.61
20260731,39,856.0,137,7.78,2.17
20260731,35,96.99999999999999,10,15.33,4.52
20260731,0,988.8000000000002,46,25.06,11.88
20260731,16,95.80000000000001,14,9.3,2.82
20260731,3,253.60000000000005,22,9.23,5.5
20260731,40,150.60000000000002,21,8.4,2.94
20260801,23,226.59999999999997,17,12.92,6.67
20260801,43,529.1999999999999,53,14.09,4.51
20260801,6,3158.2000000000007,494,7.66,2.05
20260801,2,1316.8000000000002,191,7.75,2.49
20260802,11,1114.6000000000001,161,7.69,2.34
20260801,25,1315.3999999999999,181,8.97,2.74
20260801,5,1618.6000000000001,250,7.82,2.25
20260801,11,1761.5999999999995,252,7.94,2.47
20260802,7,531.2,99,6.01,1.51
20260801,48,2032.6000000000004,276,8.51,2.69
20260801,47,2528.4000000000005,340,7.91,2.71
20260801,42,1744.000000000001,283,7.69,1.94
20260801,39,776.6,131,7.75,1.89
20260801,16,185.8,25,7.9,2.84
20260801,17,1662.3999999999999,268,7.66,2.05
20260801,34,317.2,28,23.86,5.27
20260801,12,232.0,32,6.67,2.73
20260801,33,47.6,3,13.0,3.04
20260801,7,833.2000000000004,147,6.3,1.69
20260801,18,717.8000000000001,76,9.98,4.11
20260801,28,102.39999999999999,11,13.11,3.88
20260801,3,266.20000000000005,27,12.29,4.41
20260801,15,560.8000000000002,87,8.24,2.23
20260801,22,388.4,42,10.1,4.01
20260803,39,952.1999999999998,91,13.97,4.98
20260802,6,2177.6000000000004,328,6.9,2.22
20260802,47,1922.4000000000012,247,10.51,3.01
20260802,20,66.2,12,4.17,0.88
20260801,40,150.60000000000002,21,9.6,2.57
20260802,5,1320.6000000000013,204,7.27,2.22
20260801,20,94.39999999999999,15,6.33,1.41
20260802,40,123.8,16,6.77,3.01
20260801,45,44.0,2,22.0,11.64
20260802,17,1032.9999999999998,164,7.03,2.06
20260802,25,764.5999999999999,107,7.27,2.63
20260802,44,1608.1700000000005,207,8.5,3.0
20260802,42,1182.200000000001,174,6.33,2.29
20260802,48,1714.9999999999995,210,11.14,3.13
20260802,16,123.20000000000002,16,7.58,2.7
20260802,43,354.7999999999999,39,12.35,3.95
20260802,34,213.4,19,9.21,5.1
20260802,22,325.2,32,9.38,4.37
20260802,2,1026.9999999999998,139,8.71,2.85
20260802,39,575.2000000000002,86,7.25,2.24
20260802,15,477.19999999999993,68,9.42,2.55
20260802,18,445.0,46,12.42,4.14
20260802,12,350.4,28,10.05,5.9
20260802,3,313.20000000000005,24,17.59,6.08
20260802,28,66.2,7,8.0,4.29
20260803,5,1169.1999999999998,197,7.49,2.26
20260803,6,2094.200000000001,359,9.68,2.09
20260802,23,71.19999999999999,7,7.71,4.85
20260802,0,509.6,20,21.63,14.22
20260802,9,73.19999999999999,6,14.0,6.21
20260803,47,1498.2000000000005,247,7.33,2.28
20260803,18,235.39999999999998,29,8.81,4.01
20260803,3,165.39999999999998,16,7.88,5.07
20260803,40,72.60000000000001,10,10.1,3.16
20260803,44,1393.8000000000004,195,9.02,3.01
20260803,22,209.40000000000003,22,13.38,4.4
20260803,48,1264.8000000000004,176,10.11,2.99
20260803,7,562.7999999999998,111,7.88,1.62
20260803,25,883.9999999999997,142,8.64,2.49
20260803,42,1051.8000000000002,190,8.02,1.89
20260803,16,97.0,14,9.07,3.09
20260803,2,1172.8000000000004,189,9.54,2.46
20260803,12,150.0,21,10.39,3.04
20260803,28,69.0,8,10.13,4.25
20260803,8,208.6,6,31.67,15.25
20260803,17,924.4000000000001,161,7.06,2.09
20260803,15,429.79999999999984,74,6.8,2.13
20260803,26,124.0,1,79.0,76.81
20260806,48,1590.2000000000003,233,9.08,2.79
20260803,43,377.3999999999998,43,15.82,4.19
20260806,21,105.0,1,109.0,63.97
20260804,42,1188.8000000000006,184,7.86,2.59
20260803,20,91.00000000000001,17,10.0,1.27
20260803,1,150.0,1,81.0,57.93
20260804,6,1904.7999999999997,360,6.98,1.76
20260803,23,180.2,15,13.92,6.58
20260804,18,283.79999999999995,37,10.23,3.59
20260804,19,5.2,1,,0.0
20260804,40,61.199999999999996,6,3.67,5.15
20260804,15,431.80000000000007,74,7.25,2.25
20260804,11,1126.0000000000002,184,7.61,2.41
20260804,43,618.0000000000002,43,19.47,7.97
20260804,12,209.0,27,9.38,3.56
20260804,5,1142.0000000000002,193,7.76,2.3
20260804,34,127.2,13,9.2,5.07
20260804,44,1379.0000000000002,210,9.03,2.78
20260804,48,1094.4000000000008,181,8.58,2.34
20260804,47,1795.2000000000003,208,8.48,4.1
20260804,17,1025.6000000000001,172,6.81,2.29
20260804,2,1378.4000000000008,203,9.62,2.9
20260804,9,82.8,8,8.13,4.69
20260804,25,802.1999999999997,126,12.62,2.63
20260804,7,612.2000000000002,111,7.08,2.0
20260804,23,170.0,14,13.5,6.69
20260804,16,77.80000000000001,12,8.25,2.78
20260811,20,104.20000000000002,22,6.77,0.99
20260804,39,581.9999999999999,98,9.99,2.28
20260804,28,54.199999999999996,6,8.2,4.69
20260804,3,155.79999999999998,17,4.27,4.48
20260804,35,32.8,4,21.5,4.07
20260812,47,2031.6,251,8.95,3.72
20260807,44,2199.000000000001,300,10.6,3.01
20260805,18,277.40000000000003,34,11.52,3.87
20260804,22,149.59999999999997,18,11.47,3.91
20260805,42,1176.1999999999996,215,7.72,1.94
20260805,11,1135.3999999999994,185,9.07,2.41
20260805,44,1555.6000000000001,226,8.8,3.0
20260805,48,1341.9999999999998,210,9.11,2.51
20260805,25,836.5999999999999,133,11.02,2.57
20260805,34,91.8,9,9.33,5.24
20260805,3,124.2,15,6.4,3.89
20260805,39,682.6,106,8.8,2.62
20260805,5,1421.1999999999998,241,8.11,2.29
20260804,0,194.79999999999998,9,20.25,12.66
20260805,15,577.0,97,8.72,2.28
20260805,16,92.60000000000001,13,11.15,3.16
20260805,6,2057.000000000001,369,8.32,1.97
20260805,47,1806.7999999999995,291,9.12,2.42
20260805,17,1140.2000000000007,196,10.63,2.21
20260805,40,72.0,10,8.5,3.12
20260805,28,43.99999999999999,5,5.5,4.49
20260805,7,668.8000000000003,133,7.36,1.59
20260805,2,1426.0000000000002,222,8.48,2.64
20260805,12,318.8,49,7.7,2.74
20260805,43,331.99999999999994,41,12.21,3.94
20260806,20,145.6,31,5.67,1.19
20260807,33,75.0,2,24.0,21.78
20260812,0,441.99999999999994,19,23.31,13.22
20260805,20,100.40000000000002,19,6.62,1.52
20260805,9,21.4,2,18.0,5.81
20260805,22,150.20000000000002,19,10.67,3.63
20260806,6,2323.000000000002,402,8.99,2.1
20260805,35,41.8,5,7.0,4.09
20260805,0,528.8,25,24.93,12.03
20260806,5,1387.4,233,9.96,2.29
20260806,30,29.8,2,15.5,8.52
20260806,11,1190.8000000000002,190,8.28,2.52
20260806,43,506.39999999999986,55,14.9,4.58
20260806,42,1013.9999999999993,186,7.69,1.92
20260806,44,1629.8000000000009,226,8.51,3.19
20260806,18,259.5999999999999,29,9.5,4.44
20260806,2,1313.1999999999998,215,12.01,2.44
20260807,11,1501.8000000000004,227,10.33,2.48
20260806,16,88.99999999999999,12,8.9,3.43
20260806,47,1618.4000000000005,281,7.91,2.12
20260806,3,148.4,17,4.73,4.2
20260806,17,1212.6000000000004,201,9.65,2.35
20260806,39,600.3999999999999,107,9.13,1.98
20260806,25,885.9999999999999,139,8.64,2.62
20260806,7,533.8000000000002,104,6.42,1.64
20260806,22,164.8,23,8.07,3.21
20260806,9,26.8,3,5.67,4.68
20260806,15,540.0000000000001,92,10.2,2.25
20260806,28,59.400000000000006,8,6.63,3.48
20260806,23,174.2,14,18.83,6.94
20260807,21,35.0,1,21.0,16.28
20260806,34,185.2,17,12.69,5.8
20260807,20,94.60000000000001,16,9.67,1.61
20260807,15,581.0,84,8.47,2.67
20260806,0,413.4000000000001,17,20.8,14.69
20260807,43,630.2000000000003,51,19.53,5.75
20260806,12,280.59999999999997,40,10.44,3.03
20260807,6,2907.4000000000024,475,9.49,2.08
20260807,5,2146.7999999999997,235,7.95,4.08
20260807,42,1297.9999999999993,221,7.8,2.01
20260808,11,1471.5999999999997,190,7.78,2.89
20260808,44,2057.8,275,9.27,2.92
20260807,17,1265.000000000001,209,10.24,2.11
20260807,47,2349.0000000000005,347,9.58,2.51
20260807,48,1900.6000000000024,270,10.2,2.7
20260807,7,1063.9999999999998,179,7.72,1.95
20260807,2,1600.2000000000005,237,8.95,2.58
20260807,25,1143.1999999999994,170,8.17,2.58
20260807,22,238.2,23,13.06,5.02
20260807,18,324.79999999999995,36,19.81,4.17
20260807,34,161.99999999999997,16,10.21,4.56
20260807,39,711.6000000000001,100,9.5,2.62
20260807,16,90.39999999999999,12,11.43,3.27
20260807,28,78.0,10,11.57,3.55
20260807,3,155.80000000000004,16,8.88,4.54
20260808,48,1257.6000000000004,158,9.21,2.92
20260807,12,226.99999999999991,33,11.19,2.61
20260808,42,1254.2000000000005,213,6.28,1.77
20260808,20,69.79999999999998,13,8.25,1.08
20260808,43,425.5999999999999,40,12.48,5.02
20260807,23,132.20000000000002,12,16.7,5.68
20260807,40,112.99999999999999,16,13.42,2.72
20260808,25,1188.6,158,9.6,2.99
20260808,5,1717.9999999999998,259,8.33,2.32
20260808,34,172.2,16,8.07,5.1
20260808,6,2796.600000000001,431,7.7,2.13
20260808,47,1989.2000000000005,268,8.65,2.69
20260808,3,105.8,11,6.2,3.95
20260808,2,1059.8000000000004,132,10.04,3.13
20260808,17,1377.0000000000005,218,7.92,2.07
20260808,7,839.6000000000001,145,6.68,1.72
20260808,18,373.6,41,7.81,3.86
20260808,22,176.0,20,7.44,3.49
20260808,39,679.6,107,6.92,2.15
20260808,15,328.80000000000007,51,10.92,2.22
20260809,20,54.800000000000004,8,16.5,1.49
20260808,12,178.20000000000002,24,9.78,2.72
20260808,0,125.80000000000001,7,20.5,9.87
20260808,45,28.2,2,15.0,7.56
20260808,13,10.8,1,,5.47
20260808,28,131.4,14,11.78,4.21
20260810,44,1460.6,203,9.13,3.11
20260809,6,2485.0,347,7.47,2.55
20260808,9,50.6,4,25.67,6.14
20260809,5,1399.5999999999997,210,7.56,2.31
20260808,16,163.79999999999998,20,6.56,3.07
20260809,2,1312.6,171,10.21,3.06
20260809,12,261.99999999999994,31,7.26,3.41
20260809,15,360.40000000000015,56,6.38,2.18
20260809,47,1803.600000000001,228,8.52,3.07
20260809,28,74.39999999999999,6,10.4,6.1
20260809,42,1131.5999999999997,184,6.07,1.98
20260809,48,1474.0000000000005,200,7.62,2.68
20260809,18,575.6,58,13.07,4.26
20260809,11,1306.2000000000003,164,7.48,2.98
20260809,43,354.00000000000006,38,11.97,4.15
20260810,11,956.7999999999998,147,7.9,2.58
20260809,34,315.6,26,13.6,5.63
20260809,17,1220.8,191,6.41,2.1
20260809,25,796.3999999999997,119,5.66,2.4
20260809,3,167.2,16,6.0,4.35
20260809,39,522.0000000000001,80,7.6,2.11
20260809,44,1387.4000000000008,184,9.63,2.93
20260809,40,157.19999999999996,20,10.27,3.02
20260809,7,565.5999999999997,99,5.68,1.71
20260809,8,77.6,3,25.67,13.56
20260810,43,574.8000000000001,45,15.78,7.32
20260810,5,1233.9999999999998,201,7.13,2.37
20260809,16,82.4,12,6.7,2.22
20260809,0,567.4,26,29.96,12.09
20260810,12,188.99999999999997,26,11.64,3.0
20260809,23,153.8,5,4.75,15.67
20260810,7,586.8000000000003,115,8.07,1.59
20260809,22,243.60000000000002,28,9.71,3.53
20260810,6,1900.1999999999996,338,10.57,1.91
20260810,47,1525.5999999999995,247,8.8,2.26
20260810,42,1073.2000000000003,180,6.98,2.12
20260810,48,1123.8000000000006,165,10.53,2.76
20260810,2,1353.0,221,9.32,2.41
20260810,25,898.0000000000005,138,9.98,2.72
20260810,0,722.0,39,23.43,10.8
20260810,13,62.0,1,79.0,35.72
20260810,18,211.99999999999994,25,13.68,4.09
20260810,39,552.0000000000002,95,8.49,2.14
20260810,17,889.6000000000001,160,8.48,2.0
20260810,23,148.8,12,11.64,6.65
20260810,40,63.6,8,7.83,3.48
20260810,22,308.3999999999999,37,10.15,3.68
20260810,34,158.39999999999998,13,12.54,6.26
20260811,42,1063.1599999999999,195,8.14,1.9
20260814,48,1600.6000000000001,251,10.24,2.25
20260810,28,39.599999999999994,5,6.0,3.88
20260810,15,329.99999999999994,59,7.78,1.98
20260811,44,1161.8000000000006,173,10.09,2.92
20260811,6,1979.6000000000004,361,10.24,1.9
20260811,5,1311.1999999999994,224,7.77,2.24
20260811,11,1040.7999999999995,161,8.19,2.61
20260810,3,101.80000000000001,12,9.5,3.8
20260811,48,1130.8000000000002,182,8.94,2.41
20260811,17,907.2000000000006,155,8.52,2.22
20260811,15,592.2000000000002,60,12.74,4.71
20260811,2,1276.0,204,8.55,2.55
20260811,25,781.5999999999998,123,8.76,2.67
20260811,23,129.60000000000002,10,17.89,7.22
20260811,43,583.2,55,14.3,5.64
20260811,7,646.5999999999999,122,9.18,1.79
20260811,39,644.8000000000001,108,9.4,2.29
20260811,47,1559.5999999999997,246,9.41,2.53
20260811,12,223.4,33,8.43,2.83
20260811,35,47.599999999999994,5,5.5,4.7
20260812,42,930.0000000000002,166,9.04,2.01
20260812,11,1114.6,182,9.56,2.38
20260811,16,101.4,15,8.46,2.99
20260812,19,5.2,1,,0.0
20260812,23,99.6,11,8.86,4.51
20260811,22,143.6,19,11.21,3.55
20260811,0,244.40000000000003,12,32.22,11.48
20260811,40,55.199999999999996,9,8.0,2.38
20260811,18,312.40000000000003,35,9.04,4.43
20260811,28,76.80000000000001,9,15.43,4.26
20260812,15,467.00000000000006,73,7.16,2.59
20260811,3,79.39999999999999,9,6.89,4.29
20260812,25,887.6000000000003,143,8.77,2.46
20260812,43,419.2,41,18.53,5.16
20260812,48,1194.8,189,8.2,2.5
20260811,9,38.2,4,12.0,5.02
20260812,17,1134.5999999999997,180,8.73,2.53
20260812,28,51.00000000000001,6,9.67,4.35
20260812,44,1349.8000000000006,195,10.73,3.03
20260812,6,2008.7999999999993,372,9.56,1.86
20260812,20,77.4,16,6.63,0.69
20260812,18,135.4,16,11.21,4.12
20260812,5,1169.4000000000003,196,8.33,2.32
20260812,7,717.7999999999996,130,8.57,1.94
20260812,39,436.39999999999986,76,8.74,2.14
20260812,2,1488.1999999999998,183,10.55,3.68
20260812,35,31.999999999999996,4,11.67,3.94
20260812,12,169.40000000000003,28,9.4,2.42
20260812,22,81.80000000000001,10,8.25,3.86
20260812,34,205.0,16,8.29,6.94
20260815,39,847.8000000000002,134,8.4,2.05
20260812,45,21.6,2,22.0,5.98
20260813,48,1028.6000000000004,153,10.4,2.62
20260813,19,5.2,1,,0.0
20260814,11,1504.0,231,8.88,2.32
20260813,44,1147.0,161,12.9,3.14
20260813,6,2264.999999999999,331,9.32,1.93
20260813,12,163.00000000000003,24,9.61,2.96
20260813,5,1210.2,200,9.33,2.37
20260813,28,39.4,5,3.0,3.79
20260813,43,201.80000000000004,25,18.11,3.89
20260813,47,1472.3999999999996,220,9.85,2.71
20260813,2,1011.2000000000003,148,11.38,2.86
20260813,42,1023.2,186,8.74,1.92
20260813,11,1104.6000000000006,164,11.05,2.78
20260813,15,420.3999999999999,69,9.42,2.37
20260813,25,722.7999999999998,111,8.61,2.71
20260813,7,501.9999999999998,100,7.07,1.59
20260813,16,51.8,8,8.75,2.68
20260813,17,1794.7999999999993,178,15.09,5.13
20260813,0,299.2,16,39.14,10.67
20260813,22,147.99999999999997,22,6.86,2.78
20260813,39,407.2000000000001,66,7.05,2.34
20260813,18,239.79999999999998,27,16.83,4.28
20260813,3,177.20000000000002,12,6.22,8.19
20260813,9,68.60000000000001,6,9.8,6.14
20260814,25,1159.4,163,10.12,2.85
20260814,2,1794.9999999999986,240,10.16,3.07
20260814,44,1779.9999999999993,239,12.02,3.07
20260814,47,2574.0000000000005,353,12.53,2.79
20260814,15,416.2,67,10.48,2.24
20260814,18,310.79999999999995,35,10.68,3.98
20260814,3,142.0,15,5.57,4.06
20260814,20,82.60000000000001,15,8.33,1.53
20260814,17,1478.9999999999986,241,9.82,2.13
20260814,6,3138.419999999998,494,10.75,2.18
20260814,22,245.8,29,11.21,3.78
20260814,12,291.40000000000003,42,7.7,2.76
20260814,42,1240.2000000000005,217,8.58,1.85
20260814,5,1721.1999999999996,272,8.69,2.28
20260814,43,422.59999999999985,46,13.79,4.27
20260814,7,759.8000000000001,139,7.16,1.67
20260814,39,744.7999999999998,120,10.88,2.11
20260814,28,49.0,6,10.33,3.97
20260816,0,528.2000000000002,26,23.05,11.32
20260814,23,123.20000000000002,8,21.5,7.92
20260815,44,2110.5999999999995,287,9.87,2.84
20260814,0,815.4000000000002,38,38.42,11.85
20260815,11,1782.6000000000004,261,9.14,2.34
20260815,47,2142.2000000000003,290,9.57,2.71
20260814,16,136.2,18,10.82,2.92
20260814,34,188.8,16,10.2,5.9
20260815,25,1498.8,218,8.57,2.51
20260814,36,21.8,1,28.0,10.99
20260814,40,123.60000000000002,14,14.5,3.66
20260815,5,1834.3999999999994,273,11.67,2.36
20260815,42,1445.3999999999996,241,6.15,1.82
20260814,45,40.0,3,7.5,6.44
20260815,33,176.0,5,22.5,15.52
20260816,18,417.3999999999999,46,11.84,3.8
20260815,48,1683.3999999999996,241,8.52,2.41
20260815,7,780.4000000000005,136,6.92,1.78
20260815,6,2979.599999999999,458,8.39,2.14
20260815,3,209.2,21,11.71,4.2
20260815,16,202.8,25,10.52,3.02
20260815,17,1395.799999999999,226,7.93,2.02
20260815,20,142.00000000000003,18,15.11,2.47
20260815,2,1384.8000000000004,201,10.18,2.53
20260815,15,363.19999999999993,60,8.06,2.02
20260815,34,371.6,34,13.85,5.17
20260815,45,59.6,3,13.67,9.88
20260815,22,286.8,34,11.32,3.45
20260815,43,551.9999999999999,55,15.85,4.6
20260816,20,33.400000000000006,6,7.0,0.49
20260815,23,129.2,11,12.73,5.62
20260815,18,422.59999999999997,45,12.08,4.07
20260815,0,116.6,8,18.0,7.69
20260815,28,110.19999999999999,12,23.78,3.99
20260815,35,64.19999999999999,6,16.67,5.07
20260816,44,1313.5999999999997,168,7.33,3.15
20260815,12,297.2,40,13.09,2.83
20260816,2,786.4000000000004,110,6.99,2.74
20260816,6,1522.3999999999999,237,6.62,2.19
20260816,48,1021.9999999999999,148,7.04,2.53
20260816,17,845.4000000000001,132,7.25,2.26
20260816,43,311.79999999999995,32,11.67,4.47
20260815,40,132.0,18,15.87,2.74
20260816,25,844.7999999999998,124,7.78,2.54
20260816,5,1112.5999999999997,175,7.91,2.12
20260816,11,851.9999999999998,136,6.29,2.13
20260816,12,170.8,24,9.18,2.76
20260816,39,506.3999999999997,85,5.93,1.92
20260816,40,106.79999999999998,11,22.6,4.35
20260816,47,1103.3999999999992,152,9.03,2.72
20260816,42,897.9999999999994,142,7.53,2.21
20260816,34,154.0,13,10.3,5.88
20260816,15,301.2,49,6.38,2.0
20260816,22,205.39999999999998,21,11.17,4.38
20260816,30,34.8,1,52.0,18.66
20260816,7,477.4,81,6.07,1.92
20260816,28,34.4,4,9.5,3.96
20260816,45,17.2,1,,9.43
20250822,31,11.6,1,0.0,7.35
20250815,39,7.0,1,16.0,2.42
20250815,25,22.200000000000003,3,17.0,2.69
20250816,31,26.0,2,4.0,7.26
20250816,28,47.400000000000006,6,9.2,3.82
20250817,40,138.8,17,13.08,3.5
20250817,30,22.8,1,28.0,14.82
20250817,35,70.8,8,7.2,4.72
20250818,33,70.0,2,13.0,18.05
20250818,35,26.0,3,21.67,5.1
20250818,28,59.4,7,11.0,5.01
20250819,27,19.8,3,10.0,3.49
20250820,30,10.6,1,8.0,6.61
20250820,9,56.99999999999999,7,10.71,4.71
20250820,23,66.8,7,11.0,5.67
20250821,16,23.2,4,3.25,2.58
20250827,0,187.20000000000002,9,21.44,13.27
20250822,28,30.4,4,14.5,3.65
20250822,16,90.8,12,6.73,3.61
20250823,23,93.39999999999999,8,17.29,6.68
20250823,45,23.200000000000003,2,15.5,6.78
20250824,30,18.4,1,16.0,10.27
20250825,23,83.80000000000001,7,13.0,7.55
20250824,16,50.4,7,4.5,2.89
20250825,28,70.6,9,39.0,3.68
20250825,16,66.60000000000001,9,8.5,3.84
20250826,3,105.59999999999998,13,4.5,4.45
20250826,34,207.2,10,17.38,13.78
20250902,46,32.0,2,26.0,9.65
20250826,28,61.6,8,17.5,4.35
20250827,3,133.4,17,8.13,4.31
20250827,41,4.8,1,26.0,1.78
20250827,16,86.39999999999998,15,6.07,2.61
20250827,33,25.0,1,,8.98
20250828,45,66.8,4,0.5,9.51
20250908,20,123.80000000000001,24,10.0,1.23
20250828,35,16.4,2,10.5,4.47
20250831,21,155.0,2,77.5,48.72
20250829,30,36.0,2,14.5,11.51
20250829,35,28.4,3,13.5,5.6
20250829,9,29.6,3,5.67,5.43
20250830,30,56.2,2,13.0,17.58
20250830,0,182.2,4,35.0,30.45
20250831,27,22.200000000000003,3,8.67,3.58
20250831,28,62.6,9,13.0,3.07
20250901,3,117.8,16,7.36,3.67
20250901,9,39.2,4,5.5,5.5
20250901,32,38.0,1,43.0,26.25
20250901,28,40.00000000000001,6,4.25,3.22
20250901,30,13.8,1,,8.94
20250901,16,67.8,10,11.1,3.47
20250902,23,226.6,12,26.27,11.63
20250902,16,69.60000000000001,8,15.57,4.47
20250904,13,62.0,5,16.5,6.94
20250903,35,19.0,3,10.0,2.34
20250903,30,48.6,3,41.0,9.3
20250904,34,170.39999999999998,16,12.15,5.61
20250904,35,14.8,2,7.0,3.56
20250905,21,50.0,1,43.0,26.11
20250905,35,23.4,3,11.67,3.53
20250906,24,25.0,1,26.0,10.79
20250907,27,8.6,1,16.0,3.94
20250907,3,200.8,14,9.86,6.89
20250907,34,175.6,17,9.07,4.7
20250908,29,90.0,2,37.0,28.05
20250907,35,33.4,3,11.0,5.7
20250908,34,114.99999999999999,10,10.0,5.71
20250908,3,108.6,11,12.1,4.67
20250908,35,16.200000000000003,2,12.0,4.07
20250909,16,99.60000000000001,13,12.44,3.72
20250909,27,6.0,1,1.0,2.38
20250909,28,59.4,7,13.86,4.33
20250910,45,54.0,3,21.5,10.39
20250910,35,45.0,4,11.75,6.13
20250911,30,17.2,1,20.0,9.77
20250910,28,36.199999999999996,5,7.25,3.4
20250910,9,36.6,4,6.25,4.71
20250911,12,139.0,21,9.41,2.8
20250911,0,253.4,10,26.78,13.06
20250912,35,35.0,4,5.5,4.04
20250919,46,13.0,1,24.0,8.36
20250912,45,24.0,2,16.5,6.43
20250912,9,37.0,4,11.25,3.38
20250912,23,236.2,19,25.07,6.64
20250915,37,325.0,1,164.0,138.8
20250914,40,132.6,16,8.91,3.35
20250914,9,44.0,4,8.33,5.1
20250915,30,48.0,2,27.0,10.95
20250916,45,10.6,1,12.0,5.87
20250916,12,143.0,22,9.9,2.75
20250917,19,5.2,1,,0.0
20250916,34,93.8,9,9.78,5.48
20250917,3,82.6,10,11.33,3.92
20250924,31,39.2,3,16.0,7.26
20250918,46,22.2,2,2.5,5.5
20250917,8,78.6,3,41.0,14.05
20250917,16,74.60000000000001,11,6.55,2.85
20250917,34,87.0,8,12.67,5.74
20250922,46,64.0,3,13.33,11.32
20250918,34,66.20000000000002,6,14.83,6.05
20250919,3,100.8,11,2.9,4.08
20250919,16,133.4,19,9.0,2.6
20250919,35,50.99999999999999,6,19.0,3.92
20250920,34,273.59999999999997,23,9.67,5.71
20250920,40,208.60000000000005,31,10.45,2.31
20250921,45,35.0,2,0.0,9.68
20250922,8,29.4,1,,15.52
20250922,45,30.6,2,21.0,8.86
20250922,28,19.0,3,9.67,2.73
20250922,23,114.0,10,10.14,6.01
20250922,27,12.0,2,4.0,2.47
20250924,20,81.20000000000002,17,8.36,1.06
20250924,9,57.0,5,12.2,5.04
20250923,40,49.199999999999996,9,5.63,2.05
20250927,0,144.6,9,22.86,8.73
20251011,1,255.0,2,75.5,58.07
20250925,28,40.6,5,7.5,3.98
20250925,0,372.20000000000005,14,25.85,15.39
20250925,31,30.6,2,13.5,8.22
20250925,35,40.4,4,0.33,5.2
20250926,45,83.0,5,16.75,8.82
20250927,31,14.4,1,25.0,7.75
20250927,36,18.2,1,,8.93
20250928,40,101.4,10,10.63,4.76
20250928,23,50.2,5,9.75,4.51
20250928,13,18.8,1,0.0,10.44
20250928,34,171.6,12,24.0,6.94
20250928,27,8.2,1,13.0,2.84
20250928,28,57.6,6,11.0,4.17
20250929,40,28.6,5,6.0,2.26
20250929,16,182.6,22,9.62,3.94
20250929,9,11.2,1,6.0,5.87
20250930,28,16.6,2,8.0,4.14
20250930,22,134.6,20,12.43,2.95
20251005,26,115.0,1,81.0,72.79
20251001,9,39.4,4,13.25,3.91
20251002,46,48.6,2,40.0,13.64
20251003,34,131.4,11,10.33,6.24
20251004,16,62.60000000000001,8,4.0,2.94
20251005,13,37.0,2,23.0,9.66
20251005,20,77.0,14,7.0,0.99
20251005,34,143.0,12,17.18,5.82
20251005,8,30.0,1,0.0,12.62
20251006,23,153.0,13,14.08,6.17
20251007,3,81.0,9,8.22,4.36
20251014,46,55.599999999999994,3,8.33,10.91
20251007,45,14.4,1,16.0,8.26
20251008,19,5.2,1,,0.0
20251008,16,62.2,9,11.56,3.14
20251008,13,55.400000000000006,3,43.0,11.23
20251008,45,40.599999999999994,3,3.0,7.75
20251009,40,60.800000000000004,8,9.0,3.41
20251008,33,30.0,1,28.0,15.37
20251009,28,74.0,8,8.0,4.75
20251009,35,27.6,3,12.67,4.57
20251009,38,4.0,1,13.0,0.0
20251010,8,76.6,2,16.5,19.63
20251010,37,3.2,1,,0.0
20251011,9,62.0,6,9.0,5.18
20251012,40,64.6,9,10.89,2.56
20251013,28,41.800000000000004,5,12.2,4.19
20251013,9,32.4,3,3.0,5.46
20251013,29,32.8,1,1.0,20.13
20251013,12,178.99999999999997,24,8.81,3.24
20251013,23,99.60000000000001,9,15.63,5.83
20251014,13,56.0,2,48.5,15.83
20251014,3,138.8,16,7.44,4.14
20251016,46,41.4,2,4.5,12.19
20251015,46,70.8,3,13.5,14.55
20251023,1,95.0,1,69.0,57.12
20251015,8,87.6,2,29.5,23.32
20251016,28,27.6,4,12.33,2.96
20251016,16,54.8,10,8.63,1.97
20251017,16,68.2,8,29.75,4.19
20251017,36,22.2,1,22.0,11.33
20251018,23,165.8,13,11.89,6.37
20251018,45,40.0,3,8.0,7.09
20251018,28,55.400000000000006,6,8.4,4.09
20251019,38,80.0,1,15.0,45.31
20251019,35,37.4,3,18.0,6.53
20251019,40,132.0,20,7.0,2.51
20251020,16,50.0,8,5.0,2.55
20251021,9,20.0,2,19.5,5.41
20251022,19,5.2,1,,0.0
20251022,3,135.0,14,7.5,4.82
20251022,40,62.0,10,6.14,2.44
20251022,35,45.0,6,14.0,3.34
20251023,34,131.39999999999998,13,8.89,5.36
20251023,35,19.8,3,2.0,2.87
20251024,35,34.400000000000006,4,9.0,4.07
20251024,31,25.799999999999997,2,17.5,6.32
20251025,35,71.99999999999999,8,5.0,4.12
20251025,45,14.0,1,0.0,6.49
20251027,13,13.4,1,13.0,6.41
20251027,19,5.2,1,,0.0
20251026,34,91.99999999999999,9,7.38,4.88
20251027,1,180.0,1,141.0,113.12
20251027,3,59.4,7,3.29,3.82
20251028,28,49.400000000000006,6,7.5,4.07
20251028,23,117.40000000000002,10,12.44,6.46
20251028,9,37.4,4,14.25,4.83
20251029,3,143.79999999999998,14,5.08,5.21
20251028,27,31.800000000000004,3,10.0,5.34
20251028,34,77.4,8,10.43,5.0
20251029,34,76.4,7,9.86,5.73
20251029,28,24.6,3,18.33,4.1
20251029,45,10.0,1,0.0,5.43
20251031,18,289.80000000000007,32,9.45,4.22
20251031,34,161.2,12,15.89,6.66
20251101,34,161.8,13,10.6,5.74
20251102,29,134.6,3,18.0,23.96
20251102,35,57.60000000000001,5,13.5,5.68
20251102,13,16.0,1,19.0,8.76
20251103,40,58.800000000000004,10,3.8,2.14
20251104,40,54.400000000000006,8,14.0,3.04
20251104,45,10.0,1,15.0,5.49
20251104,9,52.00000000000001,5,13.2,5.6
20251104,30,75.2,2,44.5,23.36
20251105,9,39.8,4,8.75,4.94
20251105,34,59.39999999999999,6,12.5,5.24
20251105,23,221.4,16,29.5,7.81
20251105,16,86.19999999999999,13,6.08,2.85
20251106,9,43.0,5,8.0,4.1
20251110,46,44.8,2,34.0,13.38
20251106,27,3.2,1,,0.0
20251107,9,26.000000000000004,3,8.67,4.08
20251109,35,74.6,6,8.6,6.34
20251109,36,17.8,1,29.0,8.71
20251109,9,23.6,2,0.0,5.65
20251109,0,358.40000000000003,16,31.21,12.12
20251110,9,78.2,7,7.83,5.8
20251110,16,98.0,13,13.38,3.6
20251111,20,140.40000000000003,27,10.05,1.44
20251111,46,55.6,3,27.0,10.91
20251118,13,65.60000000000001,3,43.0,12.77
20251111,0,185.6,8,18.86,14.07
20251111,28,68.0,8,22.4,4.33
20251118,31,28.4,2,24.0,7.58
20251111,35,30.799999999999997,4,9.25,3.73
20251112,35,77.8,9,9.44,4.36
20251112,3,80.0,9,9.44,4.28
20251112,23,170.0,14,17.67,6.59
20251113,16,65.6,10,11.14,2.71
20251113,45,42.4,3,17.5,7.61
20251114,30,6.6,1,9.0,2.47
20251114,19,5.2,1,,0.0
20251113,34,153.39999999999998,14,10.82,5.95
20251115,23,84.0,7,14.57,6.05
20251116,34,286.8,23,10.12,6.03
20251117,13,88.6,4,26.25,13.06
20251117,9,11.0,1,0.0,6.02
20251120,0,233.79999999999998,15,18.85,8.69
20251119,23,145.40000000000003,12,18.5,6.65
20251118,0,246.4,13,23.0,10.91
20251119,12,71.6,10,15.75,3.18
20251119,0,189.6,14,17.36,7.31
20251120,8,22.6,1,,13.61
20251120,35,6.6,1,11.0,2.26
20251120,14,72.0,2,65.0,5.4
20251121,0,491.79999999999995,30,30.44,9.11
20251122,3,189.2,22,3.88,3.37
20251122,45,11.8,1,0.0,6.18
20251123,28,36.400000000000006,4,7.0,3.98
20251123,46,20.6,1,,11.58
20251124,30,50.99999999999999,3,22.67,9.93
20251125,30,21.2,1,23.0,12.61
20251124,9,24.6,2,9.0,6.86
20251124,28,42.0,5,50.6,4.3
20251125,23,103.4,7,19.14,8.39
20251126,46,18.6,1,20.0,11.01
20251125,46,145.0,1,68.0,55.3
20251125,0,89.6,6,26.17,8.11
20251126,16,71.6,10,11.2,3.17
20251126,12,174.40000000000006,22,11.83,3.7
20251126,9,17.2,2,4.0,4.22
20251126,40,27.599999999999998,5,5.67,1.81
20251204,23,102.6,8,16.57,7.19
20251127,28,76.6,7,8.67,5.95
20251128,19,5.2,1,,0.0
20251128,35,38.4,4,9.5,4.71
20251128,23,97.39999999999999,9,29.33,5.15
20251128,28,53.6,6,5.0,3.91
20251130,28,67.8,6,16.5,5.09
20251130,23,135.39999999999998,10,13.0,6.94
20251130,0,255.39999999999998,13,20.2,10.77
20251130,27,16.6,2,4.5,3.75
20251130,34,215.59999999999997,19,12.72,5.17
20251201,28,26.599999999999998,4,11.25,2.9
20251201,35,52.8,6,9.8,4.51
20251201,34,86.8,7,11.5,6.44
20251202,40,84.4,13,10.67,2.72
20251202,28,20.799999999999997,3,15.0,3.11
20251203,34,55.8,6,7.0,4.66
20251203,30,21.2,1,,12.61
20251204,34,168.79999999999998,14,6.85,6.67
20251204,30,46.0,2,29.5,13.62
20251205,23,165.20000000000002,13,20.6,6.42
20251205,35,45.599999999999994,5,10.0,4.25
20251205,27,31.799999999999997,4,8.67,3.68
20251205,8,29.4,1,46.0,17.17
20251206,34,265.2,20,14.88,6.76
20251206,9,20.6,2,13.0,5.17
20251206,23,112.8,10,14.33,5.4
20251206,27,25.8,3,15.0,3.68
20251206,28,104.60000000000001,9,10.17,5.93
20251207,20,73.6,12,13.0,0.99
20251207,8,31.0,1,1.0,16.42
20251207,29,45.0,1,33.0,21.36
20251208,34,71.8,5,12.8,7.81
20251208,1,95.0,1,73.0,56.81
20251209,19,5.2,1,,0.0
20251208,3,126.39999999999999,15,7.14,3.86
20251209,16,46.99999999999999,7,14.33,2.97
20251209,9,9.6,1,7.0,5.16
20251209,34,144.4,10,11.22,8.19
20251210,40,101.8,13,10.0,3.58
20260106,46,134.6,4,15.5,17.38
20251220,1,95.0,1,96.0,56.91
20251212,9,51.4,5,14.2,5.41
20251212,28,66.0,9,15.56,3.27
20251213,20,107.19999999999999,20,7.69,1.07
20251212,13,59.599999999999994,3,21.0,10.8
20251213,13,89.2,4,12.5,11.53
20251214,19,6.4,1,,0.0
20251215,41,28.0,1,2.0,15.29
20251215,34,150.20000000000002,12,13.45,6.6
20251217,40,36.2,6,10.33,2.39
20251216,21,110.0,2,6.0,14.49
20251216,35,51.6,5,15.5,5.48
20251216,30,46.4,3,26.33,8.95
20251216,0,181.2,9,22.25,10.36
20251217,9,32.599999999999994,3,11.0,6.01
20251216,23,131.39999999999998,11,15.44,6.54
20251217,3,132.20000000000002,16,6.38,3.81
20251218,19,5.2,1,,0.0
20251218,13,39.4,3,11.0,7.3
20251218,1,285.0,3,81.33,58.01
20251218,35,13.0,2,2.5,2.82
20251219,36,138.0,4,12.33,19.44
20251230,26,110.2,1,89.0,72.79
20251220,16,221.8,23,10.29,3.82
20251220,46,4.6,1,1.0,0.0
20251220,9,21.8,2,8.0,5.54
20251221,40,163.99999999999997,21,12.23,2.98
20251221,23,108.80000000000001,7,12.0,8.06
20251222,34,124.4,11,5.25,5.89
20251222,23,69.80000000000001,7,8.14,5.01
20251222,30,8.0,1,11.0,4.01
20251222,28,47.0,6,9.6,3.7
20251223,9,71.60000000000001,7,10.67,4.67
20251223,28,56.8,7,6.83,3.94
20251223,22,260.6,32,16.5,3.84
20251223,16,81.60000000000001,11,5.13,3.44
20251224,3,66.0,7,3.67,4.11
20251224,16,47.0,6,3.2,2.93
20251224,0,139.0,5,44.25,10.9
20251224,40,127.99999999999999,12,6.89,3.54
20251227,13,23.0,1,22.0,13.14
20251227,28,93.6,8,11.5,5.64
20251228,3,187.8,19,6.86,4.32
20251228,28,39.6,5,8.8,3.29
20251228,16,73.8,9,14.0,3.44
20251228,9,27.2,2,5.0,6.75
20251229,27,5.8,1,7.0,2.27
20251229,34,101.4,10,11.17,5.06
20251229,8,19.6,1,,11.57
20251230,16,111.39999999999999,14,8.75,3.66
20251230,9,22.4,2,14.0,6.19
20251231,30,63.800000000000004,2,46.5,19.37
20251230,45,8.4,1,,3.8
20251231,3,118.8,13,8.0,4.34
20251231,23,133.00000000000003,9,13.2,7.39
20251231,0,175.2,9,18.29,9.04
20251231,13,29.4,1,35.0,17.96
20260101,28,106.60000000000001,10,6.0,3.98
20260101,35,44.0,3,10.33,4.71
20260102,40,76.0,11,5.7,2.79
20260102,3,131.0,12,9.2,4.33
20260102,20,65.60000000000001,14,5.45,1.12
20260103,34,154.4,13,9.77,5.53
20260104,24,252.6,1,266.0,156.59
20260105,20,49.60000000000001,10,1.5,0.16
20260105,35,7.4,1,,3.46
20260105,46,65.6,4,,9.59
20260112,31,16.0,1,27.0,9.12
20260105,12,50.199999999999996,7,7.86,3.29
20260105,40,14.8,2,9.0,3.29
20260106,1,95.0,1,64.0,55.75
20260105,30,39.2,1,55.0,24.32
20260106,3,40.2,5,7.6,3.82
20260105,3,55.599999999999994,6,11.8,4.44
20260105,23,65.8,5,15.67,7.35
20260113,13,49.4,2,32.5,14.84
20260107,3,72.6,8,4.75,4.42
20260107,46,57.4,2,30.5,15.37
20260107,36,66.8,1,,42.89
20260108,9,42.39999999999999,4,9.5,5.85
20260109,8,55.0,1,32.0,25.69
20260108,12,764.0,16,6.82,30.93
20260108,30,79.19999999999999,4,30.0,11.6
20260109,3,105.39999999999999,9,7.57,5.74
20260109,23,142.8,12,18.08,6.37
20260109,31,14.4,1,24.0,7.73
20260111,20,42.2,8,4.67,0.49
20260110,30,43.6,2,22.0,12.36
20260110,28,44.400000000000006,5,6.0,4.01
20260111,35,12.2,1,19.0,6.37
20260112,19,5.2,1,,0.0
20260111,0,237.6,11,19.2,11.9
20260112,12,179.2,27,7.77,2.78
20260112,46,114.4,4,39.0,14.34
20260112,23,152.0,13,34.3,6.36
20260112,9,22.2,2,11.0,5.45
20260113,30,76.2,5,9.2,8.64
20260113,4,120.0,1,164.0,73.84
20260113,28,36.8,5,5.4,3.49
20260113,8,71.8,2,14.0,17.97
20260114,9,20.799999999999997,2,10.5,5.69
20260114,0,188.79999999999998,14,17.27,7.38
20260114,23,88.8,8,16.86,5.92
20260115,19,5.2,1,,0.0
20260115,9,31.2,3,12.67,5.64
20260115,40,91.0,13,7.44,3.04
20260116,40,50.599999999999994,8,9.0,2.36
20260116,3,72.80000000000001,8,9.14,3.9
20260116,38,119.61,4,10.0,15.19
20260116,31,14.4,1,20.0,7.73
20260116,46,44.2,2,17.0,11.45
20260117,8,53.0,2,46.0,13.22
20260118,3,164.60000000000002,17,7.06,4.12
20260118,23,54.2,4,13.75,6.95
20260119,40,82.80000000000001,11,8.6,3.45
20260119,37,220.0,1,242.0,147.84
20260119,24,41.6,3,6.0,7.51
20260120,35,24.200000000000003,3,12.67,3.97
20260120,21,89.0,2,40.5,23.53
20260121,12,184.20000000000005,27,8.77,3.03
20260122,28,42.2,4,9.0,4.64
20260121,3,70.6,9,11.67,3.64
20260121,45,10.6,1,13.0,5.87
20260306,8,55.0,1,42.0,30.37
20260121,27,21.8,2,11.0,5.91
20260122,34,85.80000000000001,9,8.33,4.85
20260122,3,83.8,10,8.89,3.96
20260122,46,18.6,1,25.0,11.01
20260122,30,30.8,2,16.0,8.94
20260123,12,203.40000000000006,28,8.54,2.93
20260127,36,31.4,2,0.0,6.99
20260123,35,39.0,5,6.0,3.18
20260123,16,153.8,18,10.39,3.52
20260123,40,119.39999999999998,16,9.47,3.2
20260123,9,47.0,4,17.75,6.44
20260124,35,33.2,4,17.0,3.68
20260124,8,17.6,1,26.0,9.78
20260124,13,13.2,1,23.0,6.97
20260125,45,25.8,2,13.5,6.34
20260125,28,211.2,15,24.67,7.1
20260125,35,47.8,5,10.0,4.68
20260126,30,55.0,4,8.75,7.77
20260126,35,15.6,2,9.5,3.84
20260126,46,46.6,2,25.5,14.06
20260127,34,114.99999999999999,11,8.0,5.44
20260128,9,23.2,2,11.5,3.75
20260128,45,13.6,1,19.0,7.73
20260129,35,58.2,9,45.17,2.74
20260205,0,270.59999999999997,12,25.38,13.67
20260130,30,25.8,2,15.5,7.23
20260130,34,153.2,13,9.64,5.84
20260130,35,35.4,4,6.0,4.24
20260131,3,181.79999999999998,20,7.25,3.79
20260131,35,64.4,6,13.17,4.93
20260131,9,42.2,3,6.5,6.79
20260201,23,191.20000000000002,13,15.0,6.92
20260201,29,41.0,1,36.0,21.3
20260201,9,30.200000000000003,3,62.0,4.63
20260202,8,65.2,2,32.0,16.52
20260202,30,38.0,2,24.0,11.21
20260203,31,40.0,3,8.0,7.58
20260203,23,120.4,12,11.88,5.29
20260203,35,41.199999999999996,5,9.25,4.03
20260204,13,92.6,5,26.0,10.86
20260203,34,85.60000000000001,8,13.75,5.62
20260203,45,24.4,2,14.5,6.85
20260204,28,38.0,5,29.2,3.68
20260205,34,85.0,7,13.6,6.61
20260205,35,26.999999999999996,3,12.0,3.65
20260205,9,59.2,6,9.67,5.31
20260206,19,5.2,1,,0.0
20260206,23,252.99999999999997,18,20.31,7.44
20260209,26,230.0,2,83.5,74.19
20260206,35,36.8,5,7.33,3.29
20260211,0,307.0,12,24.0,15.54
20260206,3,64.8,8,6.13,3.27
20260207,35,22.6,2,0.0,5.3
20260208,3,120.2,14,10.93,3.37
20260208,28,120.99999999999999,10,36.5,5.53
20260208,20,43.6,7,5.0,0.64
20260209,19,5.2,1,,0.0
20260215,8,143.8,5,18.2,15.24
20260214,1,105.0,1,85.0,56.91
20260212,8,21.6,1,30.0,12.51
20260211,13,79.2,4,16.33,11.74
20260212,28,60.0,8,6.67,3.58
20260223,20,63.80000000000001,13,17.0,1.05
20260212,9,29.6,3,16.33,5.33
20260213,19,5.2,1,,0.0
20260212,16,46.0,8,5.33,2.04
20260212,24,30.8,2,25.0,8.73
20260213,28,40.400000000000006,5,10.6,3.98
20260214,8,20.0,1,7.0,10.51
20260214,13,31.4,2,22.0,8.6
20260214,9,63.39999999999999,7,42.0,4.2
20260214,45,11.0,1,1.0,5.58
20260214,30,21.4,2,10.0,5.29
20260215,43,594.6000000000003,36,9.48,8.54
20260216,9,39.8,4,16.75,4.01
20260216,37,210.0,1,193.0,137.62
20260216,34,131.8,13,11.09,4.95
20260217,31,33.2,2,27.0,6.71
20260217,13,74.0,4,23.5,10.87
20260218,9,32.4,3,21.33,5.96
20260218,3,60.8,7,6.86,4.14
20260219,13,65.6,4,23.0,9.54
20260219,8,125.0,2,36.0,25.72
20260219,45,21.6,2,8.0,5.72
20260220,9,29.2,3,2.0,4.94
20260220,35,40.4,5,15.0,3.59
20260221,34,161.4,14,7.71,5.67
20260221,27,8.0,1,1.0,2.61
20260222,19,6.4,1,,0.0
20260222,16,118.0,16,7.5,2.51
20260223,13,85.0,5,19.67,9.56
20260222,8,25.0,1,0.0,13.04
20260223,23,131.6,11,14.27,6.34
20260223,27,6.8,1,10.0,3.04
20260224,46,52.8,3,12.0,10.65
20260224,23,142.79999999999998,13,19.55,5.85
20260224,31,15.6,1,23.0,5.68
20260224,35,53.2,6,10.75,4.48
20260225,34,25.599999999999998,3,10.0,4.42
20260225,30,31.8,1,2.0,19.05
20260226,13,61.6,4,29.75,8.44
20260301,1,200.0,2,81.5,57.14
20260225,35,44.2,5,8.25,4.51
20260225,29,31.6,1,,19.35
20260226,16,47.199999999999996,8,10.83,2.37
20260226,3,118.00000000000001,12,5.45,4.95
20260227,26,130.0,1,86.0,73.14
20260228,23,79.4,7,19.2,5.4
20260301,19,6.4,1,,0.0
20260301,8,55.0,1,44.0,24.0
20260301,35,43.4,4,13.0,4.95
20260302,40,121.2,12,10.45,4.87
20260302,28,38.8,5,8.6,3.72
20260303,9,27.6,3,5.5,4.71
20260303,3,57.6,8,3.29,3.02
20260303,35,22.200000000000003,2,7.0,5.85
20260304,22,134.8,18,11.31,3.68
20260304,40,68.0,8,8.43,4.01
20260304,0,217.39999999999998,13,25.45,9.51
20260304,24,15.6,1,15.0,8.63
20260305,30,176.8,5,29.4,17.8
20260305,34,137.8,12,36.8,6.16
20260306,20,91.0,20,6.31,0.75
20260329,21,160.0,1,,33.41
20260305,35,13.600000000000001,2,7.5,3.01
20260305,16,63.8,10,8.44,2.62
20260305,31,11.6,1,,6.52
20260307,20,105.2,19,6.9,0.83
20260315,24,40.0,2,,5.7
20260306,16,84.8,12,15.0,2.51
20260306,36,27.200000000000003,2,10.5,6.91
20260307,28,94.2,11,10.6,3.76
20260307,0,187.60000000000002,9,30.75,11.68
20260308,30,90.0,1,69.0,50.55
20260308,43,413.9999999999999,41,8.59,4.49
20260308,20,48.8,9,12.67,0.55
20260310,13,29.799999999999997,2,15.5,8.5
20260309,20,73.4,17,6.08,0.82
20260310,30,33.2,2,15.5,9.45
20260309,23,150.8,12,15.17,6.67
20260311,28,31.4,4,22.0,3.88
20260311,45,21.0,2,7.0,5.81
20260311,3,64.8,8,7.86,3.92
20260312,9,50.8,5,7.2,5.54
20260313,16,109.8,15,10.47,3.02
20260316,1,95.0,1,64.0,56.91
20260318,26,115.0,1,84.0,72.79
20260313,23,64.0,5,16.25,7.04
20260313,30,136.2,3,68.67,22.02
20260315,27,21.8,2,1.0,4.53
20260315,35,30.0,3,16.5,4.91
20260315,0,286.0,14,30.9,11.16
20260316,16,44.8,8,7.33,2.13
20260318,0,107.80000000000001,6,25.0,10.39
20260317,12,184.39999999999998,24,11.33,2.8
20260317,16,75.4,12,5.6,2.01
20260317,20,67.4,14,9.38,0.48
20260318,34,115.80000000000001,9,10.56,6.73
20260318,9,53.6,5,9.25,5.29
20260320,21,55.0,1,43.0,26.52
20260319,12,228.60000000000002,33,6.77,3.0
20260320,28,58.2,7,10.0,3.89
20260320,35,9.8,1,,4.88
20260320,1,96.6,1,5.0,59.14
20260320,9,9.0,1,0.0,4.31
20260321,29,40.0,1,1.0,21.36
20260321,19,6.4,1,,0.0
20260322,28,100.6,10,8.2,4.56
20260322,16,139.0,18,13.63,3.0
20260322,23,83.0,7,18.43,5.77
20260323,46,40.0,1,28.0,20.75
20260330,46,23.0,1,47.0,11.92
20260323,40,82.2,8,12.5,5.04
20260323,31,13.6,1,,7.75
20260324,19,5.2,1,,0.0
20260324,20,86.8,17,7.5,1.28
20260324,23,178.8,16,8.25,5.81
20260331,13,64.4,3,11.5,12.82
20260324,35,39.4,4,9.0,5.07
20260325,35,53.8,7,10.0,3.58
20260325,23,227.99999999999994,18,14.69,7.04
20260326,19,5.2,1,,0.0
20260326,28,36.599999999999994,5,77.4,3.46
20260327,34,192.4,15,11.23,6.43
20260327,20,55.2,11,6.43,1.03
20260329,30,75.0,3,3.5,9.58
20260328,45,14.0,1,6.0,7.49
20260328,30,121.4,4,4.33,11.15
20260328,28,120.00000000000001,10,12.8,6.11
20260329,19,6.4,1,,0.0
20260329,33,163.39999999999998,6,12.0,15.14
20260329,22,228.60000000000002,28,9.41,3.36
20260330,9,20.6,2,18.5,5.63
20260330,30,17.8,1,16.0,10.44
20260401,20,9.2,2,,0.07
20260330,36,18.0,1,20.0,10.52
20260331,30,25.8,2,11.0,7.23
20260331,9,31.6,3,9.0,5.73
20260401,43,28.0,3,8.0,4.64
20260331,0,61.599999999999994,4,31.0,8.81
20260401,7,59.8,10,4.5,2.0
20260717,20,13.2,2,11.0,1.82
20260717,18,80.80000000000001,8,9.14,4.29
20260718,30,60.8,3,2.0,3.99
20260718,21,87.0,2,17.5,24.62
20260718,28,95.6,10,14.3,4.34
20260719,33,36.8,1,23.0,19.86
20260719,45,41.4,2,14.5,10.89
20260720,20,49.4,10,7.0,0.55
20260719,23,224.60000000000002,16,16.14,7.02
20260719,35,22.2,3,2.5,3.17
20260719,28,68.0,6,16.17,5.58
20260720,3,93.6,9,8.33,4.83
20260721,16,64.39999999999999,10,6.56,2.59
20260722,8,135.0,3,21.0,13.42
20260721,23,152.6,13,25.45,6.4
20260722,19,5.2,1,,0.0
20260721,30,34.0,2,5.5,6.61
20260722,20,129.40000000000003,24,10.29,1.41
20260722,9,29.4,3,7.67,5.28
20260722,45,42.2,3,60.0,8.04
20260723,21,20.0,1,,11.55
20260723,16,88.60000000000001,14,11.83,2.57
20260724,40,101.6,12,16.55,3.69
20260724,45,48.400000000000006,4,8.67,6.43
20260729,13,46.400000000000006,2,23.0,13.73
20260724,33,24.8,1,34.0,14.98
20260724,23,225.6,19,15.25,6.17
20260725,31,53.599999999999994,5,11.67,5.29
20260724,16,28.799999999999997,4,2.25,2.6
20260724,13,17.4,1,13.0,8.48
20260725,35,9.2,1,14.0,4.46
20260726,23,112.0,9,13.0,6.12
20260727,23,297.18999999999994,14,20.55,10.55
20260727,34,90.0,10,11.33,4.43
20260728,28,75.6,10,6.44,3.65
20260728,20,104.00000000000003,22,6.21,0.99
20260728,9,95.80000000000001,7,20.43,7.77
20260728,0,132.0,9,21.25,8.04
20260731,13,20.6,1,,12.24
20260729,40,86.99999999999999,14,6.25,2.56
20260729,16,90.2,12,8.45,3.44
20260729,30,26.8,1,17.0,16.2
20260730,16,41.0,6,10.2,2.91
20260730,9,53.0,5,17.0,5.66
20260730,3,71.0,7,7.83,5.23
20260731,23,164.60000000000002,13,11.67,5.53
20260731,45,14.4,1,21.0,7.71
20260731,8,193.6,2,141.5,62.86
20260801,30,35.0,1,33.0,17.77
20260801,35,172.2,5,19.0,18.79
20260802,33,30.0,1,0.0,4.56
20260802,26,125.0,1,80.0,72.4
20260802,35,37.2,3,20.0,6.2
20260803,35,23.2,3,16.0,3.78
20260803,34,164.8,14,10.18,5.68
20260805,23,102.0,10,9.75,5.39
20260806,8,27.0,1,30.0,16.42
20260808,19,11.0,2,,0.0
20260808,35,35.0,3,15.5,5.32
20260808,8,109.6,3,11.67,16.36
20260808,23,154.79999999999998,12,14.42,6.36
20260808,40,85.0,10,12.3,3.31
20260809,35,77.19999999999999,7,28.67,4.65
20260810,19,5.2,1,,0.0
20260810,30,8.0,1,8.0,4.01
20260810,16,70.0,10,11.4,2.92
20260810,29,36.4,1,2.0,22.43
20260811,30,175.0,2,66.5,51.7
20260811,34,101.6,8,10.71,6.84
20260812,16,51.800000000000004,8,5.88,2.65
20260812,8,108.8,4,29.0,13.95
20260812,3,117.99999999999999,8,10.88,6.8
20260812,13,44.6,2,7.5,11.83
20260813,23,114.8,9,30.0,7.09
20260814,35,58.99999999999999,7,9.2,3.48
20260815,9,44.4,4,12.25,5.41
20260816,16,39.4,6,7.75,1.77
20260816,13,59.8,3,19.33,10.18
20260816,3,111.6,12,5.55,4.19
20260817,44,7.0,1,,3.27
20250818,31,14.4,1,23.0,9.2
20250816,13,15.0,1,16.0,9.22
20250815,44,25.0,3,52.67,3.4
20250817,14,117.66,1,99.0,58.66
20250817,27,5.6,1,5.0,2.14
20250817,23,48.0,5,15.25,5.18
20250819,35,36.0,4,9.5,4.95
20250819,31,11.4,1,11.0,7.21
20250826,0,91.8,7,16.33,8.3
20250829,46,13.0,1,17.0,8.36
20250822,35,36.8,5,5.0,3.87
20250823,13,50.8,3,35.33,9.86
20250823,30,12.4,1,,7.42
20250825,30,38.2,2,26.5,11.77
20250906,26,118.2,1,72.0,72.6
20250826,16,49.8,7,15.0,3.79
20250826,14,33.6,2,8.5,5.89
20250828,13,95.39999999999999,3,25.33,21.68
20250912,26,250.0,1,339.0,125.58
20250827,30,36.2,2,31.5,12.0
20250828,30,28.200000000000003,2,19.5,8.9
20250829,31,22.2,2,,7.0
20250830,33,125.0,2,80.5,24.37
20250831,8,132.0,3,33.67,16.89
20250831,23,107.00000000000001,10,17.86,5.61
20250901,13,39.8,2,21.5,11.94
20250909,46,33.2,2,8.5,9.68
20250903,34,136.4,12,11.75,6.17
20250904,28,22.2,3,13.33,3.51
20250904,24,57.2,3,69.67,11.24
20250904,45,40.599999999999994,3,29.5,7.71
20250907,41,18.2,1,21.0,10.08
20250907,28,82.2,8,8.2,4.56
20250908,9,19.4,2,6.5,4.53
20250910,37,170.0,1,165.0,114.93
20250910,8,220.0,2,56.5,71.8
20250911,13,13.6,1,13.0,8.78
20250910,36,20.2,1,0.0,12.01
20250912,21,80.0,1,57.0,42.38
20250913,41,19.8,1,58.0,11.12
20250914,29,55.0,1,42.0,29.05
20250914,35,36.6,3,5.33,6.38
20250914,8,49.599999999999994,2,23.0,14.24
20250914,28,90.4,9,5.8,4.36
20250915,35,12.0,1,21.0,6.68
20250915,27,6.2,1,9.0,2.66
20250916,8,71.6,2,33.5,19.32
20250916,23,132.60000000000002,12,19.9,6.03
20250916,16,56.6,8,9.29,3.31
20250917,31,53.2,4,10.0,7.51
20250917,45,38.4,3,16.0,7.24
20250918,35,42.0,3,21.0,7.9
20250921,26,115.0,1,76.0,72.69
20250923,23,161.2,5,24.6,20.29
20250921,30,48.4,3,11.67,8.79
20250922,40,51.8,8,3.67,2.75
20250923,30,132.2,3,46.0,22.54
20250923,9,19.4,2,2.5,5.19
20250924,45,10.6,1,18.0,5.87
20250924,40,44.4,6,1.33,3.46
20250925,9,34.8,3,0.33,6.31
20250926,36,19.6,1,0.0,11.57
20250927,19,6.4,1,,0.0
20250929,35,38.2,4,3.0,4.56
20250929,4,120.0,1,75.0,70.09
20250930,31,24.4,2,20.0,6.67
20250930,35,58.4,7,8.8,4.17
20251006,46,41.6,2,12.0,10.29
20251002,27,12.4,2,8.0,2.54
20251003,21,135.0,2,,32.33
20251002,45,23.6,2,15.0,6.36
20251002,8,60.0,1,1.0,26.99
20251003,23,141.6,8,26.14,9.82
20251003,1,105.0,1,70.0,59.61
20251004,33,70.0,2,31.5,18.38
20251004,30,20.8,1,,11.71
20251004,28,57.2,7,3.4,3.38
20251006,21,70.0,1,63.0,35.17
20251006,28,42.199999999999996,3,20.0,7.16
20251008,8,24.6,1,,14.52
20251005,10,80.8,2,39.0,19.28
20251006,29,68.8,2,9.0,18.98
20251007,28,19.799999999999997,3,11.33,2.85
20251008,28,35.6,4,16.0,4.6
20251008,29,89.0,2,34.0,25.14
20251009,8,30.0,1,19.0,12.66
20251013,30,54.6,3,16.0,10.53
20251009,33,26.6,1,0.0,15.79
20251010,35,7.6,1,,3.72
20251010,27,21.6,3,18.0,3.07
20251013,13,38.2,1,59.0,22.65
20251012,28,17.4,2,4.5,4.05
20251011,24,25.0,1,22.0,10.66
20251011,35,23.799999999999997,3,6.33,3.16
20251011,31,25.2,2,14.5,6.62
20251012,35,30.8,3,11.5,4.81
20251012,14,50.0,1,9.0,28.16
20251012,16,56.8,7,8.29,3.39
20251012,8,53.0,2,12.0,13.8
20251014,8,78.0,2,46.0,18.69
20251013,35,21.799999999999997,3,1.0,3.23
20251015,13,50.8,2,36.5,14.68
20251020,13,35.8,1,59.0,22.9
20251015,45,10.0,1,13.0,5.43
20251016,33,30.0,1,13.0,4.56
20251016,30,39.599999999999994,2,22.0,11.19
20251016,0,143.4,8,30.88,10.36
20251017,31,25.2,3,12.33,4.15
20251017,28,30.0,4,8.25,3.07
20251018,9,61.800000000000004,5,7.6,6.27
20251018,24,23.0,1,19.0,9.06
20251018,35,48.8,4,12.67,6.08
20251020,3,101.2,12,5.9,3.67
20251021,28,24.4,3,2.0,4.07
20251021,35,21.799999999999997,3,0.0,3.33
20251022,1,390.0,3,48.67,53.88
20251023,13,11.2,1,,6.26
20251022,45,10.0,1,1.0,5.43
20251023,45,20.8,2,,5.3
20251024,30,43.199999999999996,2,22.0,11.49
20251024,9,56.0,4,0.0,7.75
20251024,28,36.0,4,5.0,4.26
20251025,0,144.0,9,19.0,8.57
20251026,28,65.39999999999999,6,13.75,4.72
20251026,35,23.799999999999997,2,0.0,5.59
20251026,45,25.799999999999997,2,15.0,6.86
20251101,30,110.0,1,73.0,50.54
20251028,41,19.2,1,16.0,10.93
20251031,9,32.400000000000006,3,20.67,5.48
20251029,35,43.6,5,9.6,4.37
20251029,24,15.4,1,19.0,8.54
20251030,9,21.799999999999997,2,24.5,5.83
20251030,35,5.8,1,9.0,2.26
20251030,38,85.6,1,90.0,55.91
20251031,16,77.8,11,7.73,2.67
20251031,27,21.0,3,14.33,2.9
20251103,13,52.2,2,34.5,15.84
20251031,35,23.0,2,10.0,5.7
20251101,36,33.2,2,17.0,9.13
20251101,21,215.12,1,132.0,96.25
20251108,1,95.0,1,73.0,56.34
20251107,35,29.2,3,0.0,4.75
20251110,29,35.2,1,,21.74
20251107,36,20.2,1,,11.42
20251108,9,64.2,6,14.83,5.2
20251108,24,20.0,1,26.0,10.04
20251109,45,23.200000000000003,2,14.0,4.86
20251109,8,225.4,4,42.75,29.93
20251110,30,8.2,1,5.0,2.74
20251111,45,4.2,1,0.0,1.05
20251119,13,64.0,3,31.33,12.71
20251112,45,17.2,1,0.0,10.09
20251112,28,42.2,6,10.83,3.27
20251113,9,56.99999999999999,5,29.0,6.22
20251113,36,18.6,1,,10.99
20251114,23,147.0,12,19.27,6.43
20251114,28,38.4,4,6.75,4.03
20251114,45,43.2,3,15.33,7.4
20251116,19,6.4,1,,0.0
20251118,3,97.6,12,5.36,3.84
20251120,30,96.6,3,32.0,12.46
20251124,13,106.8,5,31.0,12.49
20251125,1,95.0,1,73.0,56.91
20251121,19,5.2,1,,0.0
20251121,26,229.4,2,79.0,72.57
20251121,28,30.0,3,18.33,5.12
20251122,41,11.4,1,18.0,4.93
20251122,26,115.0,1,82.0,72.9
20251123,45,14.0,1,32.0,7.49
20251123,35,19.4,2,8.0,4.25
20251203,13,64.80000000000001,3,39.33,12.9
20251126,8,30.0,1,31.0,15.47
20251126,13,83.8,4,20.25,12.34
20251127,27,12.600000000000001,2,6.0,2.46
20251127,35,13.2,2,12.0,2.9
20251129,27,15.0,2,0.5,3.18
20251129,35,52.0,4,10.33,6.47
20251129,28,51.6,6,1.67,4.23
20251130,13,16.0,1,16.0,8.78
20251130,30,70.6,3,13.33,12.98
20251201,46,49.599999999999994,2,37.0,13.13
20251201,40,50.2,7,10.29,3.16
20251205,21,73.4,1,111.0,47.47
20251201,9,43.0,4,15.5,5.88
20251202,0,127.39999999999999,6,20.0,12.56
20251205,36,11.6,1,10.0,5.01
20251206,35,29.2,3,9.67,4.4
20251207,27,7.0,1,,2.8
20251207,28,48.8,4,11.5,6.04
20251208,31,13.6,1,18.0,7.73
20251213,0,401.40000000000003,22,37.47,9.99
20251209,24,16.0,1,18.0,9.27
20251211,30,78.2,4,15.33,8.5
20251211,16,85.00000000000001,14,22.36,2.39
20251212,14,107.27000000000001,2,7.5,16.09
20251212,27,5.8,1,,2.21
20251213,29,53.4,1,1.0,29.58
20251213,35,44.8,5,6.2,4.23
20251215,24,20.0,1,19.0,9.79
20251215,27,16.6,2,13.0,4.22
20251216,45,24.6,2,6.0,6.73
20251219,38,75.0,1,42.0,37.3
20251219,35,18.2,2,17.0,4.37
20251220,19,6.4,1,,0.0
20251220,35,51.0,5,16.25,4.84
20251220,14,16.0,1,18.0,5.49
20251221,19,6.4,1,,0.0
20251222,33,125.0,1,157.0,72.32
20251222,35,15.4,2,16.0,3.0
20251223,3,99.19999999999999,12,4.92,3.8
20251224,35,18.0,2,4.0,4.46
20251225,19,7.0,1,,0.0
20251225,34,57.0,4,13.0,4.45
20251227,8,25.0,1,1.0,11.57
20251228,33,59.2,2,36.5,13.91
20251229,19,5.2,1,,0.0
20251230,34,87.39999999999999,8,13.67,5.78
20260108,1,190.0,2,70.0,56.98
20251231,35,33.8,5,7.5,2.92
20251231,21,200.0,1,113.0,79.47
20251231,28,51.4,4,12.0,5.55
20260101,46,50.0,1,17.0,8.52
20260102,28,59.2,6,7.0,4.55
20260102,37,220.0,1,202.0,147.84
20260103,35,23.200000000000003,2,14.0,5.52
20260104,22,107.00000000000001,14,9.3,3.07
20260105,19,5.2,1,,0.0
20260106,9,50.0,5,12.2,5.3
20260106,21,15.2,1,113.0,8.74
20260106,40,25.0,4,15.0,2.51
20260107,28,20.400000000000002,3,4.0,3.09
20260108,46,27.4,1,0.0,16.66
20260112,30,287.20000000000005,5,50.4,30.61
20260109,19,5.2,1,,0.0
20260109,28,30.4,4,13.0,3.47
20260110,35,56.599999999999994,6,13.8,4.33
20260111,30,111.6,2,50.5,33.65
20260111,9,37.4,3,7.0,5.87
20260112,40,32.8,6,13.17,1.88
20260114,13,123.6,6,25.67,12.22
20260113,31,26.799999999999997,2,18.5,7.51
20260114,19,5.2,1,,0.0
20260113,35,21.0,3,11.0,3.22
20260115,13,44.8,3,10.33,8.59
20260115,46,45.4,5,14.33,4.06
20260115,35,19.799999999999997,3,7.67,2.9
20260117,1,95.0,1,65.0,56.91
20260115,28,38.4,5,6.4,3.72
20260115,0,139.6,8,30.75,9.99
20260116,41,26.4,1,0.0,15.22
20260117,19,6.4,1,,0.0
20260118,20,63.800000000000004,11,6.5,0.93
20260118,28,56.800000000000004,6,5.67,4.1
20260119,30,44.6,3,25.33,8.51
20260119,45,14.0,1,15.0,5.91
20260121,28,50.199999999999996,5,8.25,4.53
20260121,0,503.00000000000006,13,41.08,22.49
20260122,13,44.8,3,16.33,8.59
20260122,27,6.0,1,0.0,2.4
20260123,21,55.0,1,42.0,25.0
20260122,8,52.2,2,13.5,16.08
20260123,28,50.4,6,4.17,4.05
20260130,26,115.0,1,0.0,75.27
20260123,31,14.4,1,25.0,7.73
20260123,13,16.8,1,19.0,9.26
20260124,19,6.4,1,,0.0
20260124,30,55.0,2,27.5,14.1
20260124,27,15.8,2,9.5,2.98
20260125,9,10.4,1,0.0,5.29
20260128,13,92.6,5,19.8,10.65
20260127,9,22.4,2,11.5,6.23
20260128,4,4.6,1,0.0,1.31
20260128,30,25.8,2,14.0,7.23
20260128,38,55.0,1,44.0,30.42
20260129,19,5.2,1,,0.0
20260129,9,31.199999999999996,3,8.0,5.55
20260131,33,35.0,1,25.0,14.4
20260130,9,43.6,4,7.25,4.61
20260131,45,16.8,1,6.0,8.06
20260201,45,33.4,1,30.0,17.91
20260201,35,21.799999999999997,2,11.5,5.47
20260201,26,123.0,1,,75.68
20260203,13,59.8,3,30.67,11.35
20260203,19,5.2,1,,0.0
20260202,28,26.599999999999998,5,2.25,1.82
20260203,30,107.4,5,14.0,12.7
20260206,30,56.8,3,5.5,10.76
20260204,33,37.8,1,37.0,23.42
20260205,1,190.0,2,72.5,58.13
20260204,35,43.0,5,13.0,4.45
20260205,46,17.6,1,26.0,10.3
20260205,27,13.6,2,13.0,3.0
20260207,27,8.6,1,9.0,3.94
20260207,33,50.0,1,0.0,4.56
20260209,30,8.0,1,4.0,4.01
20260208,23,101.6,9,10.67,5.5
20260209,45,11.2,1,12.0,6.18
20260211,28,70.60000000000001,8,8.17,4.42
20260211,30,21.8,1,35.0,12.97
20260212,19,5.2,1,,0.0
20260215,27,7.0,1,9.0,2.82
20260217,37,225.0,1,223.0,148.84
20260216,46,68.19999999999999,3,14.33,13.65
20260216,8,21.0,1,20.0,12.51
20260217,3,42.400000000000006,5,7.2,3.87
20260218,19,5.2,1,,0.0
20260217,28,68.0,8,9.5,4.29
20260218,46,26.6,1,30.0,16.18
20260219,9,57.0,5,33.25,6.37
20260220,13,11.6,1,16.0,6.04
20260222,20,38.0,7,6.33,0.95
20260222,9,20.2,2,21.0,4.91
20260223,9,40.599999999999994,4,14.25,5.36
20260223,35,34.400000000000006,3,16.33,6.25
20260224,9,34.4,3,31.0,6.24
20260224,27,6.4,1,35.0,2.79
20260226,19,5.2,1,,0.0
20260225,8,51.6,2,11.5,15.42
20260226,35,12.600000000000001,2,13.0,2.68
20260303,0,65.8,5,18.8,7.24
20260227,35,34.0,5,20.0,2.75
20260228,41,21.8,1,22.0,11.03
20260304,30,8.0,1,6.0,4.01
20260304,13,100.4,5,25.2,11.5
20260305,45,23.4,2,7.0,6.15
20260305,28,15.2,2,9.0,3.72
20260306,35,31.799999999999997,3,13.0,5.44
20260307,31,27.8,2,30.5,6.92
20260317,37,240.0,1,72.0,139.33
20260309,9,23.200000000000003,2,17.0,6.27
20260311,34,41.6,4,32.5,5.67
20260312,13,9.8,1,10.0,4.27
20260313,27,11.6,2,5.0,2.25
20260313,1,95.0,1,92.0,59.8
20260313,40,76.80000000000001,11,3.86,2.58
20260314,35,492.4,2,9.0,152.07
20260314,30,21.0,1,25.0,11.87
20260315,33,28.4,1,6.0,14.95
20260315,28,44.0,5,6.75,4.15
20260316,27,11.2,2,3.5,2.13
20260317,27,7.2,1,5.0,2.17
20260318,28,42.6,5,8.75,3.81
20260318,8,29.4,1,20.0,12.71
20260319,28,38.6,5,7.4,3.74
20260319,14,21.4,1,7.0,12.78
20260324,27,28.8,3,10.33,3.95
20260320,31,13.0,1,12.0,5.9
20260321,13,17.8,1,,9.9
20260322,1,295.0,3,68.0,52.64
20260327,26,340.2,3,86.0,72.93
20260323,23,127.8,12,20.92,5.66
20260323,13,51.400000000000006,3,18.0,9.79
20260324,9,27.2,3,18.33,4.78
20260324,36,20.0,1,0.0,9.84
20260324,45,21.2,2,10.5,5.86
20260326,13,64.0,4,15.0,8.0
20260327,13,20.8,1,19.0,12.06
20260326,23,175.8,14,21.27,6.99
20260328,9,32.0,2,14.0,8.74
20260329,35,63.0,6,5.6,4.96
20260330,31,29.6,2,17.5,8.43
20260331,34,149.8,13,17.46,6.22
20260331,46,52.400000000000006,2,15.5,15.85
20260331,8,43.2,2,12.0,7.01
20260401,39,52.199999999999996,8,12.5,2.55
20260401,40,7.0,1,8.0,2.76
20260401,30,17.8,1,19.0,10.44
20260722,0,317.6,15,24.85,12.53
20260717,16,75.2,8,3.33,3.57
20260719,9,49.2,5,14.25,4.83
20260720,28,61.2,7,7.83,4.32
20260723,37,210.0,1,198.0,137.62
20260723,30,6.2,1,,2.65
20260725,14,50.0,1,43.0,28.49
20260725,30,15.4,1,32.0,8.43
20260726,8,210.0,2,66.5,59.81
20260726,19,6.4,1,,0.0
20260727,1,115.0,1,77.0,58.45
20260726,30,110.0,1,71.0,50.55
20260726,45,25.6,2,14.5,6.74
20260727,9,10.8,1,0.0,5.88
20260730,33,45.0,1,51.0,21.49
20260729,29,55.0,1,65.0,28.75
20260730,30,48.2,2,22.5,14.5
20260731,37,170.0,1,152.0,114.93
20260731,30,14.6,1,17.0,8.43
20260731,28,107.19999999999999,12,15.29,4.15
20260801,0,335.6,11,31.5,15.83
20260801,8,85.0,3,15.67,13.63
20260802,29,91.0,2,10.5,22.91
20260802,8,41.400000000000006,2,24.0,11.67
20260803,45,13.2,1,16.0,7.55
20260803,24,39.4,2,13.0,10.68
20260806,19,5.2,1,,0.0
20260806,40,35.6,5,16.8,3.34
20260809,45,40.8,2,15.0,10.73
20260809,13,43.0,2,13.0,10.27
20260812,9,124.2,11,15.56,6.18
20260812,40,14.6,3,5.67,1.46
20260813,13,52.8,4,7.5,5.62
20260813,20,68.60000000000002,15,9.14,0.68
20260813,35,33.4,3,13.5,5.63
20260813,1,100.0,1,108.0,57.54
20260813,40,36.800000000000004,5,10.33,3.39
20260813,34,70.60000000000001,7,6.17,5.15
20260814,33,69.6,2,38.5,21.41
20260814,9,53.800000000000004,5,4.33,5.36
20260815,13,16.4,1,24.0,9.05
20260816,46,49.2,2,14.0,13.13
20260816,36,39.400000000000006,2,0.0,10.45
20250823,0,148.6,4,32.75,25.48
20250815,48,14.6,2,114.0,2.59
20250815,15,6.8,1,43.0,2.25
20250820,1,90.0,1,85.0,55.91
20250825,21,75.0,2,19.5,21.58
20250820,45,16.4,1,,10.85
20250821,37,3.2,1,0.0,0.0
20250822,29,180.0,4,24.5,20.98
20250825,33,71.2,2,44.0,22.57
20250826,46,29.2,2,7.5,9.49
20250917,1,95.0,1,83.0,59.61
20250827,46,42.0,2,22.0,13.39
20250829,45,41.0,3,9.67,8.24
20250830,31,130.0,1,82.0,77.29
20250914,38,95.0,1,65.0,43.1
20250901,35,23.4,3,11.33,4.45
20250902,30,3.2,1,2.0,0.0
20250902,9,54.2,5,11.6,5.9
20250902,35,21.4,2,12.0,5.65
20250903,27,6.4,1,19.0,2.75
20250904,30,8.0,1,2.0,4.01
20250910,46,18.6,1,,10.99
20250904,27,5.4,1,8.0,2.01
20250907,9,20.2,2,8.5,5.06
20250909,36,19.2,1,25.0,11.3
20250909,35,18.6,3,10.0,2.39
20250911,35,33.2,3,13.5,5.91
20250911,16,56.99999999999999,8,1.67,3.27
20250912,8,32.4,1,39.0,19.87
20250913,30,4.6,1,,0.0
20250913,35,27.6,4,32.0,2.73
20250913,9,21.6,2,0.0,5.49
20250913,27,11.600000000000001,2,8.0,2.04
20250913,33,50.0,1,34.0,16.23
20250915,40,43.6,6,12.83,3.27
20250915,41,18.6,1,28.0,10.93
20250916,19,5.2,1,,0.0
20250916,9,56.00000000000001,5,8.0,5.93
20251014,1,95.0,1,0.0,56.91
20251011,33,102.6,3,23.5,16.41
20250919,19,5.2,1,,0.0
20250919,29,62.0,1,0.0,29.64
20250920,9,24.6,2,,6.33
20250922,35,8.0,1,13.0,3.93
20250923,31,30.2,2,25.0,8.59
20250923,27,11.8,2,1.0,2.36
20250923,13,16.8,1,37.0,8.76
20250925,33,37.8,1,0.0,23.42
20250929,1,190.0,2,76.0,56.91
20250927,35,29.0,3,13.0,4.72
20250927,41,20.0,1,26.0,11.26
20250930,9,182.38,3,34.0,31.4
20251008,35,16.4,2,10.0,4.17
20251011,0,90.60000000000001,6,21.8,8.15
20251003,19,5.2,1,,0.0
20251003,28,16.6,2,0.0,4.0
20251004,19,6.4,1,,0.0
20251004,27,13.0,2,8.0,2.05
20251005,24,16.4,1,56.0,7.85
20251005,45,10.8,1,10.0,5.5
20251006,8,22.0,1,71.0,13.15
20251006,13,89.6,3,40.33,17.38
20251009,14,11.4,1,8.0,5.88
20251010,28,8.2,1,8.0,3.69
20251011,36,20.0,1,1.0,9.07
20251012,19,6.4,1,,0.0
20251014,27,5.8,1,8.0,2.33
20251015,29,300.0,1,172.0,163.09
20251016,45,10.2,1,11.0,5.19
20251113,38,70.0,1,77.0,40.97
20251018,19,6.4,1,,0.0
20251017,13,32.0,2,1.0,8.76
20251019,27,21.0,3,4.0,2.55
20251020,9,30.6,3,13.67,5.53
20251021,27,12.8,2,10.0,2.84
20251023,46,19.0,1,3.0,10.99
20251025,27,13.4,2,8.0,2.59
20251026,13,53.2,2,31.0,14.69
20251028,19,5.2,1,,0.0
20251029,30,39.0,2,25.5,9.26
20251101,26,115.0,1,76.0,73.55
20251101,45,34.2,3,12.33,5.88
20251103,19,5.2,1,,0.0
20251110,13,64.4,3,30.33,12.83
20251104,46,56.0,3,10.5,10.91
20251103,8,28.2,1,45.0,17.17
20251103,45,19.8,2,8.0,5.14
20251104,37,210.0,1,164.0,151.17
20251103,35,18.4,2,62.0,4.92
20251105,0,133.0,8,28.13,9.61
20251105,10,45.0,1,12.0,19.28
20251107,31,9.8,1,,5.33
20251107,45,10.6,1,0.0,5.87
20251107,46,36.2,1,35.0,15.56
20251108,29,152.0,1,0.0,93.69
20251109,19,6.4,1,,0.0
20251110,45,39.599999999999994,2,7.5,10.67
20251111,31,26.4,2,18.5,7.51
20251113,35,31.6,3,11.0,5.26
20251113,46,85.0,3,29.67,17.22
20251114,33,40.2,1,36.0,23.42
20251115,45,23.200000000000003,2,5.0,6.01
20251115,36,159.2,2,9.5,47.72
20251117,45,10.6,1,16.0,5.87
20251117,46,41.2,2,16.0,12.15
20251117,14,46.8,1,50.0,29.21
20251119,30,21.8,1,33.0,12.9
20251119,27,5.4,1,5.0,1.93
20251119,35,16.200000000000003,2,13.5,3.75
20251126,35,24.4,3,6.0,4.02
20251119,9,61.0,5,10.8,6.51
20251120,13,74.8,3,28.33,15.08
20251129,26,118.4,1,76.0,72.79
20251121,45,22.200000000000003,2,12.0,5.66
20251121,9,21.2,2,12.0,5.58
20251122,9,32.6,3,27.0,5.51
20251122,27,20.799999999999997,3,8.0,2.48
20251205,29,45.0,1,,21.52
20251123,19,6.4,1,,0.0
20251128,1,190.0,2,79.0,57.43
20251125,31,15.8,1,21.0,9.17
20251126,27,8.6,1,13.0,4.37
20251126,28,56.6,8,5.63,3.28
20251126,45,33.2,3,17.0,6.15
20251127,19,5.2,1,,0.0
20251128,40,56.0,8,2.43,2.81
20251128,9,44.8,4,9.5,5.77
20251129,36,20.2,1,21.0,11.42
20251129,33,65.0,2,10.5,17.73
20251130,31,15.2,1,15.0,7.21
20251130,9,32.2,3,9.67,5.04
20251205,13,75.0,2,28.5,16.39
20251202,23,56.6,4,22.0,7.95
20251203,27,5.4,1,2.0,1.93
20251212,1,95.0,1,56.0,56.91
20251205,9,18.200000000000003,2,9.5,4.55
20251206,1,105.0,1,66.0,61.3
20251221,21,70.0,1,0.0,34.46
20251205,30,54.199999999999996,4,17.0,7.14
20251208,14,78.63,1,66.0,37.67
20251209,13,87.19999999999999,4,25.0,13.01
20251209,28,39.4,5,9.0,3.9
20251210,19,5.2,1,,0.0
20251212,8,55.0,1,42.0,26.4
20251211,45,25.2,2,15.5,7.13
20251218,4,108.6,1,,71.68
20251217,35,22.6,3,16.67,3.41
20251222,19,8.4,2,,0.0
20251217,46,19.0,1,24.0,11.21
20251217,13,57.0,3,17.0,11.22
20251218,30,58.4,3,16.33,10.15
20251218,26,110.0,1,91.0,72.69
20251218,31,13.6,1,4.0,7.73
20251218,45,10.4,1,4.0,5.3
20260108,19,3.2,1,,0.0
20251219,31,14.4,1,33.0,7.73
20251220,30,84.2,3,26.33,15.97
20251220,27,5.8,1,8.0,1.92
20251220,24,18.0,1,19.0,9.96
20251221,38,70.0,1,1.0,30.56
20251224,45,13.8,1,15.0,7.93
20251224,29,53.6,1,26.0,22.43
20251224,36,30.6,1,23.0,12.01
20251225,38,112.2,1,34.0,49.06
20251225,23,143.40000000000003,7,14.25,7.36
20251225,8,61.2,2,68.0,11.93
20251227,30,18.4,1,21.0,10.26
20251227,35,37.8,4,10.5,4.58
20251228,35,13.4,1,19.0,7.17
20251229,33,30.0,1,76.0,14.71
20260101,27,18.8,2,7.0,3.34
20260104,16,49.4,6,12.4,3.08
20260107,27,21.6,2,20.5,5.76
20260109,27,8.2,1,0.0,4.18
20260109,36,16.0,1,20.0,8.74
20260111,45,14.2,1,16.0,7.56
20260113,36,15.2,1,13.0,8.78
20260114,28,18.0,2,0.0,4.72
20260114,40,15.999999999999998,3,9.0,1.89
20260115,30,25.8,2,13.5,7.23
20260118,13,19.2,1,30.0,10.79
20260118,35,26.799999999999997,2,18.0,6.48
20260120,36,30.6,2,8.0,6.7
20260121,31,13.6,1,27.0,7.73
20260126,28,49.2,5,7.2,4.23
20260129,45,76.19999999999999,3,26.67,13.64
20260130,37,190.0,1,170.0,113.3
20260131,19,6.4,1,,0.0
20260201,19,6.4,1,,0.0
20260202,9,21.4,2,40.0,5.85
20260203,28,73.0,8,10.6,4.8
20260210,13,26.8,1,34.0,16.21
20260206,8,21.6,1,,12.51
20260206,38,96.87,2,85.0,36.24
20260207,30,135.0,1,74.0,63.4
20260208,8,28.2,2,8.0,6.66
20260209,35,16.4,2,12.0,4.14
20260209,9,9.0,1,12.0,4.8
20260209,13,25.0,1,21.0,11.6
20260211,21,55.0,1,72.0,26.15
20260216,13,72.8,4,13.25,9.81
20260212,13,46.8,2,153.5,11.58
20260213,9,54.400000000000006,5,11.6,5.35
20260213,8,21.6,1,,12.51
20260213,35,47.6,4,25.33,6.21
20260214,35,33.6,3,15.67,5.28
20260215,23,74.19999999999999,6,14.67,5.92
20260216,1,95.0,1,76.0,57.39
20260217,21,45.0,1,,24.83
20260217,30,32.0,2,7.0,9.3
20260217,46,76.6,4,24.67,11.49
20260223,1,95.0,1,73.0,56.81
20260218,28,50.199999999999996,6,9.4,4.19
20260218,35,31.8,4,15.0,3.74
20260227,46,163.0,2,66.0,43.78
20260220,46,40.4,2,12.5,9.02
20260221,45,39.8,2,5.0,10.4
20260221,30,44.4,1,34.0,26.54
20260221,31,14.4,1,29.0,7.73
20260222,27,6.2,1,17.0,1.51
20260224,36,53.6,2,20.5,12.56
20260227,37,170.0,1,178.0,114.93
20260225,19,5.2,1,,0.0
20260225,16,79.2,12,7.92,2.78
20260226,31,18.2,2,4.0,4.58
20260305,1,190.0,2,77.0,57.28
20260228,8,23.0,1,41.0,13.11
20260228,9,41.0,4,15.0,5.08
20260301,33,30.0,1,37.0,14.37
20260309,31,16.0,1,35.0,9.12
20260302,35,19.4,2,7.0,5.21
20260304,45,10.6,1,15.0,5.87
20260305,41,27.8,1,27.0,16.85
20260306,19,5.2,1,,0.0
20260313,46,14.4,1,15.0,8.36
20260307,27,12.2,2,2.5,1.74
20260308,46,11.0,1,42.0,1.93
20260308,38,0.0,1,,11.48
20260309,27,15.8,2,6.0,3.92
20260310,28,44.599999999999994,6,10.17,3.56
20260310,46,14.6,1,18.0,8.36
20260311,31,33.6,2,23.5,8.67
20260320,46,14.8,1,1.0,8.36
20260313,31,14.4,1,9.0,7.75
20260316,31,13.6,1,22.0,7.75
20260316,36,20.8,1,15.0,12.01
20260317,23,134.0,10,11.86,6.3
20260318,31,10.4,1,14.0,5.74
20260320,4,140.2,1,104.0,80.68
20260318,45,10.6,1,13.0,5.87
20260319,19,5.2,1,,0.0
20260320,19,5.2,1,,0.0
20260323,32,12.8,1,30.0,7.2
20260325,46,26.6,1,,16.18
20260325,28,89.19999999999999,9,22.0,5.06
20260326,27,28.4,3,20.0,4.02
20260326,45,26.2,2,9.5,7.26
20260327,38,70.0,1,75.0,43.01
20260327,30,110.4,4,21.0,10.66
20260328,33,50.0,1,52.0,26.58
20260329,24,19.6,1,13.0,10.95
20260329,45,31.799999999999997,2,11.0,8.0
20260401,35,9.8,1,21.0,4.87
20260717,9,12.4,1,22.0,5.53
20260719,13,16.0,1,17.0,8.78
20260722,21,55.0,1,0.0,26.15
20260722,16,30.799999999999997,5,9.0,2.47
20260722,35,7.4,1,,3.47
20260723,9,19.0,2,11.0,5.05
20260724,27,19.8,3,9.67,2.65
20260726,9,15.6,1,25.0,7.43
20260729,33,30.0,1,0.0,16.3
20260730,10,45.0,1,47.0,22.98
20260730,19,5.2,1,,0.0
20260730,45,24.4,2,7.0,6.8
20260731,9,22.6,2,74.0,5.31
20260731,27,7.2,1,0.0,2.05
20260802,30,31.4,2,11.5,8.04
20260803,27,6.4,1,0.0,2.73
20260805,8,27.0,1,35.0,16.42
20260806,35,33.4,3,15.67,6.16
20260807,13,43.8,2,12.0,12.91
20260807,35,13.6,2,9.0,3.09
20260810,9,38.8,2,14.0,11.47
20260809,9,28.6,2,15.5,7.66
20260810,20,52.2,10,7.57,1.12
20260810,26,135.0,1,74.0,63.61
20260810,37,220.0,1,0.0,147.84
20260811,8,67.0,2,31.5,18.2
20260811,14,19.4,1,69.0,7.22
20260812,21,55.0,1,46.0,26.15
20260813,21,200.0,1,195.0,122.64
20260813,8,72.6,3,29.0,14.3
20260813,45,11.6,1,1.0,6.09
20260815,29,45.0,1,13.0,24.69
20260816,23,117.39999999999999,8,23.86,7.37
20250819,13,13.6,1,22.0,8.76
20250815,11,16.0,2,25.5,3.11
20250816,1,90.0,1,0.0,59.97
20250826,26,110.0,1,80.0,73.92
20250817,9,24.4,2,17.0,7.26
20250817,33,14.6,1,14.0,8.98
20250818,45,12.4,1,15.0,7.96
20250819,46,174.0,2,62.0,45.81
20250820,21,50.0,1,,26.11
20250821,9,7.6,1,1.0,4.33
20250823,32,55.0,1,28.0,27.48
20250825,1,94.8,1,1.0,61.24
20250904,1,90.0,1,68.0,57.1
20250831,13,17.8,1,20.0,9.95
20250831,30,28.8,1,92.0,19.05
20250902,27,13.0,2,6.0,2.81
20250903,31,9.6,1,9.0,5.12
20250905,45,31.0,2,13.0,8.47
20250905,27,7.0,1,0.0,3.24
20250906,33,140.0,1,121.0,85.79
20250908,28,41.8,5,13.0,4.21
20250915,31,16.2,1,28.0,9.12
20250908,13,26.4,2,5.5,7.5
20250910,27,6.0,1,7.0,2.38
20250911,8,28.4,1,68.0,17.24
20250912,31,16.0,1,0.0,9.26
20250914,37,245.0,1,204.0,140.1
20250914,13,19.6,1,18.0,11.06
20250915,9,31.599999999999998,3,11.5,5.32
20250916,41,25.0,1,16.0,10.93
20250917,9,9.0,1,0.0,4.75
20250917,30,31.4,1,45.0,19.24
20250919,21,50.0,1,46.0,26.52
20250919,38,165.2,1,,86.37
20250926,46,13.0,1,20.0,8.36
20250921,21,37.0,1,0.0,21.85
20250922,13,13.4,1,17.0,6.8
20250923,45,23.8,2,15.5,6.64
20250924,19,5.2,1,,0.0
20251001,46,43.6,2,42.0,13.58
20250925,30,33.8,2,11.5,9.54
20250924,29,46.0,1,59.0,28.6
20250924,8,75.8,3,39.33,15.0
20250925,46,82.4,3,21.67,14.36
20250925,45,18.6,1,25.0,10.85
20250924,13,96.0,5,13.75,11.47
20250926,19,5.2,1,,0.0
20250926,30,25.2,2,16.0,6.81
20250926,41,19.4,1,25.0,10.93
20250926,28,44.4,5,12.75,4.01
20250927,9,27.200000000000003,3,9.67,3.98
20250929,30,121.0,2,9.0,26.71
20250929,46,41.6,2,13.5,10.29
20250929,31,23.0,2,29.0,6.94
20250930,8,23.6,1,34.0,14.26
20250930,36,37.2,2,77.0,10.95
20251002,26,115.0,1,,72.79
20251002,30,32.2,2,16.5,9.37
20251001,28,33.8,4,6.0,4.32
20251004,26,130.0,1,,72.79
20251002,31,9.8,1,,5.27
20251009,45,40.4,3,6.67,7.42
20251010,30,37.6,1,44.0,21.68
20251012,33,40.0,1,6.0,19.19
20251012,36,16.6,1,0.0,9.15
20251022,13,54.6,2,39.5,16.55
20251015,35,25.6,3,31.0,4.06
20251015,36,17.2,1,0.0,10.12
20251016,9,10.2,1,16.0,5.5
20251018,4,130.0,1,,71.52
20251016,35,8.0,1,0.0,3.98
20251016,36,19.2,1,25.0,11.3
20251019,21,32.0,1,1.0,16.06
20251021,14,86.42,1,57.0,41.78
20251023,30,131.2,2,48.5,31.58
20251022,27,5.6,1,10.0,2.15
20251022,36,19.8,1,28.0,11.72
20251024,23,76.4,6,19.5,6.41
20251025,21,72.8,1,70.0,44.29
20251026,41,13.4,1,0.0,6.12
20251026,24,18.0,1,0.0,8.84
20251028,30,45.8,3,17.0,7.17
20251028,8,19.4,1,6.0,11.11
20251029,21,55.0,1,61.0,26.25
20251029,13,15.6,1,26.0,9.02
20251031,45,11.6,1,6.0,6.09
20251031,36,22.2,1,23.0,12.23
20251103,29,75.0,1,32.0,28.04
20251102,19,6.4,1,,0.0
20251102,9,31.0,3,6.33,4.5
20251103,24,20.0,1,0.0,9.79
20251104,8,75.0,1,60.0,27.6
20251104,35,22.400000000000002,3,10.0,3.25
20251105,13,65.0,3,37.33,12.71
20251112,13,47.400000000000006,2,48.5,14.25
20251105,24,15.4,1,1.0,8.54
20251106,36,20.6,1,12.0,12.23
20251112,29,35.0,1,,21.74
20251108,35,29.999999999999996,3,5.33,4.57
20251108,30,14.6,1,14.0,7.92
20251108,41,19.6,1,25.0,10.97
20251110,33,36.6,1,31.0,19.79
20251109,24,16.2,1,16.0,7.7
20251111,30,138.2,3,26.67,22.01
20251111,27,8.4,1,0.0,4.24
20251113,27,5.6,1,7.0,2.06
20251116,31,23.799999999999997,2,,6.18
20251118,45,14.8,1,25.0,8.48
20251118,35,10.0,1,10.0,5.46
20251118,27,6.6,1,11.0,2.96
20251122,1,190.0,2,81.0,58.72
20251120,9,11.2,1,46.0,6.25
20251203,37,578.6,2,54.0,139.33
20251121,35,9.6,1,15.0,3.77
20251124,19,5.2,1,,0.0
20251201,13,113.8,5,27.8,13.57
20251130,8,40.0,1,,13.85
20251125,16,19.0,3,12.0,2.68
20251125,9,25.8,3,8.0,4.29
20251127,13,44.8,3,14.67,8.44
20251127,45,10.4,1,1.0,5.3
20251129,13,25.8,1,37.0,14.89
20251130,33,32.0,1,38.0,14.98
20251130,45,33.4,2,4.0,8.02
20251202,13,94.6,5,28.4,10.92
20251203,46,43.6,2,18.0,13.59
20251202,35,22.400000000000002,3,3.0,3.54
20251202,9,32.4,3,0.0,4.12
20251203,45,33.0,3,11.5,6.1
20251203,4,106.4,1,82.0,69.86
20251207,30,28.0,1,20.0,14.63
20251208,45,15.6,1,41.0,8.99
20251210,46,52.4,2,30.0,16.42
20251210,35,9.8,1,9.0,5.33
20251210,24,16.8,1,20.0,9.78
20251211,8,30.0,1,0.0,14.44
20251212,19,5.2,1,,0.0
20251213,9,21.0,2,46.5,5.31
20251214,13,40.0,2,19.0,11.27
20251214,38,18.6,1,15.0,6.82
20251214,8,3.4,1,9.0,0.51
20251218,9,39.6,4,11.0,3.97
20251220,45,11.4,1,18.0,5.88
20251221,36,18.8,1,0.0,10.46
20251221,27,16.4,2,,3.64
20251221,35,17.4,2,9.0,4.09
20251223,35,11.4,1,0.0,5.96
20251224,19,7.0,1,,0.0
20251226,27,25.799999999999997,3,14.0,1.97
20251227,27,8.6,1,0.0,3.94
20251226,35,40.6,3,16.0,4.19
20251228,19,6.4,1,,0.0
20251228,27,8.8,1,6.0,3.13
20251230,19,5.2,1,,0.0
20251231,19,5.2,1,,0.0
20260101,8,70.0,2,19.0,11.68
20260102,9,10.8,1,8.0,3.84
20260113,1,125.0,1,71.0,46.9
20260104,19,6.4,1,,0.0
20260103,28,30.4,3,5.5,4.67
20260104,30,124.6,2,114.0,30.29
20260104,38,0.0,1,,14.94
20260105,9,10.8,1,,5.88
20260113,46,14.0,1,27.0,8.36
20260107,30,23.0,2,17.5,6.35
20260108,45,59.2,4,11.25,8.16
20260109,21,55.0,1,39.0,25.66
20260111,28,25.200000000000003,3,7.0,3.82
20260112,35,6.2,1,0.0,2.56
20260116,27,6.2,1,0.0,2.34
20260117,35,10.4,1,,5.19
20260118,9,26.0,2,7.0,6.86
20260120,38,70.0,1,70.0,43.01
20260202,46,163.4,4,20.75,23.3
20260127,30,38.0,2,8.0,10.78
20260128,1,95.0,1,100.0,50.2
20260128,35,27.2,3,14.67,4.73
20260128,36,20.6,1,23.0,12.23
20260129,46,33.0,1,53.0,18.6
20260130,29,289.6,3,107.0,53.48
20260131,10,50.0,1,11.0,21.68
20260202,33,107.6,3,26.33,19.98
20260210,46,14.0,1,18.0,8.36
20260204,9,30.0,4,12.0,3.49
20260204,31,13.6,1,23.0,7.73
20260205,19,5.2,1,,0.0
20260210,35,36.800000000000004,4,8.67,4.53
20260211,19,5.2,1,,0.0
20260211,31,24.799999999999997,2,31.5,6.78
20260212,21,45.0,1,0.0,19.34
20260213,13,15.4,1,18.0,8.48
20260219,27,13.2,2,10.0,2.87
20260220,8,30.0,1,0.0,13.41
20260221,13,19.4,1,14.0,10.91
20260302,46,27.8,1,30.0,16.2
20260224,19,5.2,1,,0.0
20260225,46,19.6,1,6.0,11.57
20260227,33,35.2,1,38.0,21.62
20260227,31,14.4,1,33.0,7.75
20260227,8,200.0,2,23.0,61.89
20260301,30,22.0,1,19.0,12.48
20260302,45,13.8,1,0.0,7.87
20260303,45,11.6,1,14.0,6.09
20260303,27,8.6,1,1.0,4.42
20260304,31,15.0,1,12.0,8.28
20260304,35,22.6,2,21.5,6.2
20260306,46,25.6,2,9.0,5.29
20260309,24,35.8,2,9.0,9.18
20260308,27,19.0,2,5.0,3.59
20260310,38,0.0,1,,4.15
20260310,41,18.8,1,12.0,11.04
20260312,30,19.8,1,16.0,11.69
20260312,31,13.6,1,20.0,7.75
20260315,1,93.0,1,64.0,56.91
20260315,8,30.0,1,28.0,13.49
20260318,35,24.6,3,9.67,4.1
20260318,30,30.4,2,74.0,7.27
20260322,46,45.0,1,13.0,22.83
20260330,27,8.0,1,11.0,3.44
20260321,46,19.6,1,19.0,7.31
20260323,9,7.4,1,10.0,3.58
20260324,14,22.8,1,0.0,8.9
20260325,30,77.8,2,44.5,23.53
20260325,4,111.6,1,58.0,73.75
20260329,1,95.0,1,69.0,56.91
20260328,14,65.0,1,44.0,33.22
20260328,35,27.200000000000003,3,6.33,4.21
20260401,8,25.0,1,28.0,14.06
20260718,35,39.2,4,12.0,4.25
20260720,19,5.2,1,,0.0
20260720,35,9.0,1,9.0,4.75
20260720,13,9.4,1,5.0,4.99
20260721,33,25.2,1,0.0,15.17
20260722,27,6.0,1,,2.5
20260723,33,24.6,1,15.0,14.86
20260723,27,11.8,2,6.5,2.12
20260724,24,20.0,1,,11.2
20260724,8,30.0,1,39.0,14.31
20260725,32,46.0,1,,25.3
20260726,33,52.6,1,59.0,23.97
20260728,19,5.2,1,,0.0
20260728,14,16.8,1,20.0,5.89
20260729,8,57.0,2,17.5,11.59
20260801,9,42.6,4,0.0,5.31
20260802,19,6.4,1,,0.0
20260801,24,21.8,1,0.0,11.07
20260803,30,29.4,3,11.0,5.13
20260806,37,210.0,1,202.0,149.75
20260805,45,10.6,1,48.0,5.87
20260806,13,75.8,3,34.67,14.98
20260808,30,24.6,1,25.0,14.07
20260810,8,55.0,2,20.5,12.84
20260809,24,20.0,1,27.0,11.2
20260811,24,20.0,1,24.0,9.25
20260810,27,12.2,2,1.0,2.5
20260811,36,16.2,1,19.0,9.37
20260813,24,20.0,1,1.0,8.63
20260814,27,13.399999999999999,2,7.5,2.68
20260815,31,21.2,2,17.0,5.37
20260817,42,5.6,1,,2.14
20250822,46,13.0,1,16.0,8.36
20250815,6,26.6,4,9.75,2.12
20250819,9,51.80000000000001,6,22.67,5.05
20250824,26,110.0,1,98.0,75.23
20250825,29,60.0,1,43.0,30.41
20250824,9,9.4,1,17.0,5.16
20250825,27,12.0,2,3.0,2.93
20250826,31,10.6,1,,6.65
20250828,8,50.0,1,3.0,26.73
20250828,9,11.0,1,19.0,6.69
20250829,36,21.0,1,0.0,12.01
20250830,45,24.6,2,7.0,6.81
20250902,13,11.8,1,14.0,6.8
20250903,14,51.0,1,54.0,31.6
20250910,13,13.6,1,15.0,8.78
20250905,13,17.6,2,15.0,4.08
20250905,41,17.0,1,13.0,9.34
20250909,13,24.0,2,15.5,6.14
20250917,13,32.8,2,18.5,10.06
20250912,27,8.2,1,0.0,2.77
20250913,13,17.2,1,15.0,9.47
20250917,46,48.0,2,19.0,12.88
20250917,36,20.6,1,23.0,12.23
20250918,27,17.0,2,17.0,4.25
20250918,24,16.2,1,44.0,9.37
20250920,19,6.4,1,,0.0
20250922,14,16.2,1,14.0,5.58
20250922,9,10.8,1,7.0,4.55
20250922,4,110.0,1,83.0,62.02
20250925,13,11.2,1,14.0,6.26
20250927,29,45.0,1,61.0,22.09
20250927,30,26.0,1,1.0,2.87
20250929,19,5.2,1,,0.0
20251003,4,115.0,1,,67.95
20251001,19,5.2,1,,0.0
20251003,9,9.2,1,34.0,4.85
20251004,45,11.4,1,13.0,5.87
20251004,8,39.599999999999994,2,4.0,9.87
20251005,46,18.0,1,11.0,10.01
20251009,30,16.8,1,0.0,9.77
20251009,19,5.2,1,,0.0
20251010,31,16.4,1,38.0,9.59
20251011,45,10.6,1,12.0,5.33
20251011,27,8.2,1,0.0,3.72
20251012,27,7.0,1,,2.82
20251014,21,55.0,1,46.0,26.15
20251014,9,22.0,2,14.0,6.07
20251014,31,12.0,1,,5.18
20251017,21,55.0,1,45.0,26.48
20251017,33,35.0,1,47.0,19.5
20251018,27,8.6,1,12.0,3.94
20251020,46,17.4,1,25.0,9.59
20251022,30,27.599999999999998,3,10.0,4.24
20251023,19,5.2,1,,0.0
20251023,29,28.8,1,3.0,17.53
20251023,31,9.4,1,13.0,5.03
20251025,1,95.0,1,71.0,59.61
20251024,46,13.0,1,5.0,8.36
20251024,27,9.4,1,13.0,4.33
20251025,41,19.6,1,,11.01
20251026,19,6.4,1,,0.0
20251028,38,120.4,1,7.0,79.44
20251114,4,115.0,1,92.0,68.49
20251028,36,23.0,1,0.0,13.75
20251029,27,6.6,1,11.0,2.82
20251030,8,3.2,1,,0.0
20251030,41,18.2,1,0.0,10.65
20251031,30,20.8,1,38.0,11.7
20251103,46,41.2,2,34.0,12.21
20251103,31,19.6,2,22.0,5.3
20251111,13,37.0,1,65.0,22.9
20251112,24,240.0,1,218.0,148.99
20251114,29,35.0,1,,21.74
20251108,13,64.8,3,19.0,11.85
20251110,31,13.0,1,,7.39
20251117,31,15.8,1,27.0,9.12
20251111,19,5.2,1,,0.0
20251112,19,5.2,1,,0.0
20251115,24,14.4,1,13.0,7.7
20251115,27,8.2,1,,3.74
20251116,27,8.6,1,13.0,3.94
20251117,30,21.8,1,47.0,12.61
20251119,45,20.6,2,10.5,5.65
20251120,19,5.2,1,,0.0
20251121,1,310.0,3,84.0,57.89
20251125,36,213.4,1,0.0,143.97
20251122,35,8.8,1,8.0,4.12
20251124,35,8.0,1,18.0,3.93
20251130,35,45.8,5,8.0,4.39
20251201,1,90.0,1,83.0,56.46
20251202,8,44.2,2,27.5,13.25
20251203,19,5.2,1,,0.0
20251204,35,25.4,3,84.0,4.16
20251206,19,6.4,1,,0.0
20251206,30,13.8,1,20.0,7.4
20251206,45,30.0,1,17.0,8.27
20251207,46,80.72,1,67.0,38.82
20251208,19,5.2,1,,0.0
20251207,31,12.6,1,19.0,5.66
20260119,1,190.0,2,70.0,57.36
20251217,26,115.0,1,74.0,72.52
20260119,26,115.0,1,85.0,75.6
20251210,1,95.0,1,67.0,48.79
20251211,31,32.2,2,20.0,9.38
20251211,46,27.4,1,,16.66
20251214,45,20.8,1,24.0,11.78
20251216,29,110.0,2,0.0,14.51
20251217,45,24.4,2,15.5,6.85
20251219,4,108.6,1,100.0,71.67
20251219,27,6.8,1,19.0,3.12
20251222,31,13.0,1,,5.04
20251229,37,280.0,1,204.0,148.84
20251225,16,20.8,1,22.0,7.54
20251225,30,47.400000000000006,2,12.0,8.84
20260105,13,67.8,2,34.0,20.85
20251229,45,8.8,1,23.0,4.63
20251231,14,0.0,1,,5.44
20260101,19,7.0,1,,0.0
20260101,9,12.6,1,0.0,3.81
20260101,45,17.8,1,1.0,6.12
20260102,35,8.0,1,0.0,3.96
20260109,37,211.2,1,920.0,142.1
20260109,35,7.0,1,6.0,3.17
20260109,45,25.799999999999997,2,3.0,6.81
20260110,8,23.0,1,45.0,13.11
20260330,21,150.0,1,,55.66
20260119,13,54.4,2,32.5,16.56
20260115,45,13.2,1,16.0,7.54
20260116,35,13.2,2,6.0,2.7
20260116,9,19.2,2,10.0,4.91
20260117,45,14.4,1,,7.75
20260117,13,19.2,1,14.0,10.79
20260119,9,11.0,1,9.0,4.69
20260119,8,22.8,1,29.0,13.62
20260119,31,33.2,2,18.0,8.73
20260119,35,6.2,1,7.0,2.57
20260121,36,16.0,1,0.0,5.06
20260122,37,41.0,1,,25.4
20260123,38,0.0,1,,68.01
20260126,40,21.8,2,13.5,5.59
20260127,19,5.2,1,,0.0
20260126,24,17.4,1,30.0,9.78
20260127,13,17.2,1,34.0,8.76
20260129,30,233.32,3,76.5,40.52
20260128,19,5.2,1,,0.0
20260129,10,50.0,1,43.0,26.97
20260131,8,25.0,1,42.0,11.25
20260204,1,95.0,1,73.0,56.91
20260205,29,46.2,1,18.0,28.79
20260205,33,38.6,1,37.0,23.42
20260214,27,6.6,1,9.0,2.54
20260217,14,11.99,1,,60.81
20260219,35,19.6,3,6.0,2.48
20260223,19,5.2,1,,0.0
20260228,45,28.0,1,0.0,16.22
20260223,30,95.0,1,72.0,50.55
20260313,37,210.0,1,215.0,138.97
20260228,19,6.4,1,,0.0
20260308,26,170.0,1,76.0,73.31
20260304,19,5.2,1,,0.0
20260305,8,95.0,2,0.0,19.38
20260306,27,5.4,1,10.0,1.99
20260314,26,115.0,1,99.0,72.79
20260312,28,17.2,2,9.5,4.38
20260315,13,15.6,1,20.0,8.56
20260319,8,25.0,1,23.0,12.02
20260320,13,16.0,1,18.0,8.75
20260326,30,17.8,1,16.0,10.44
20260403,5,7.6,1,,3.7
20260331,19,5.2,1,,0.0
20260331,27,16.4,2,14.0,4.08
20260720,26,145.0,1,25.0,77.78
20260717,28,11.0,1,11.0,4.62
20260717,23,29.799999999999997,2,22.5,7.5
20260720,46,27.0,1,0.0,14.12
20260721,19,5.2,1,,0.0
20260721,46,68.2,2,32.0,19.29
20260726,46,25.0,1,27.0,12.78
20260727,35,11.4,1,8.0,5.96
20260801,19,6.4,1,,0.0
20260804,21,50.0,1,,20.32
20260804,27,7.0,1,0.0,3.26
20260806,45,12.8,1,18.0,7.22
20260807,45,23.799999999999997,2,10.0,6.68
20260807,30,43.0,2,26.0,10.58
20260807,27,6.8,1,,2.73
20260807,29,40.0,1,42.0,21.06
20260809,26,125.0,1,90.0,72.79
20260809,30,145.2,2,126.5,44.13
20260813,30,35.0,1,29.0,16.91
20260814,19,5.2,1,,0.0
20260815,37,205.8,1,265.0,127.34
20260816,29,120.0,2,49.0,32.91
20260816,27,9.6,1,,3.77
20250819,14,80.0,1,81.0,35.92
20250819,26,110.0,1,71.0,72.79
20250815,42,11.4,1,0.0,5.72
20250816,30,32.4,1,,21.67
20250825,13,32.0,2,21.0,10.5
20250821,13,13.6,1,16.0,8.78
20250827,31,14.2,1,22.0,9.17
20250821,1,109.0,1,165.0,76.94
20250821,30,7.4,1,19.0,4.16
20250823,27,7.6,1,6.0,3.7
20250823,29,50.0,1,60.0,20.11
20250826,8,23.0,1,44.0,15.45
20250827,21,25.0,1,32.0,12.11
20250905,46,14.6,1,3.0,8.36
20250909,26,108.4,1,90.0,71.6
20250829,29,40.0,1,0.0,20.12
20250908,46,23.4,1,1.0,9.59
20250910,31,16.4,1,27.0,9.3
20250907,29,58.0,1,37.0,28.05
20250907,30,14.2,1,14.0,7.6
20250909,14,0.0,1,,5.45
20250911,4,113.6,1,75.0,74.79
20250913,29,50.0,1,43.0,28.04
20250914,46,40.0,1,34.0,20.72
20250930,1,95.0,1,72.0,56.91
20250917,27,6.0,1,0.0,2.38
20250919,8,50.0,1,35.0,26.4
20250920,27,7.6,1,19.0,2.36
20250924,35,20.0,1,,10.61
20250924,36,20.8,1,22.0,12.01
20250926,13,18.0,1,0.0,8.78
20250927,13,25.0,1,24.0,12.54
20251002,13,25.4,2,48.5,7.52
20251001,36,20.2,1,26.0,12.01
20251005,19,6.4,1,,0.0
20251005,27,8.6,1,0.0,3.94
20251009,13,15.2,1,,8.78
20251007,35,6.4,1,9.0,2.26
20251007,9,22.4,2,0.5,3.44
20251010,9,4.8,1,5.0,1.5
20251010,33,50.0,1,0.0,24.42
20251010,13,16.2,1,0.0,8.83
20251117,1,95.0,1,67.0,57.1
20251016,19,5.2,1,,0.0
20251017,19,5.2,1,,0.0
20251018,21,62.2,1,177.0,34.77
20251019,14,45.8,1,37.0,25.18
20251019,30,3.2,1,109.0,0.0
20251023,38,177.0,2,48.5,35.19
20251020,45,11.4,1,14.0,6.31
20251028,46,14.4,1,14.0,8.36
20251027,46,52.8,2,38.0,16.01
20251025,14,169.8,3,6.0,20.2
20251025,8,23.4,1,0.0,13.42
20251030,30,31.0,1,59.0,14.51
20251027,30,16.4,2,8.5,4.13
20251028,45,17.4,1,14.0,9.85
20251102,24,19.2,1,11.0,9.51
20251104,31,15.8,1,31.0,9.17
20251105,19,5.2,1,,0.0
20251112,46,25.0,1,0.0,16.17
20251108,8,31.4,1,27.0,16.64
20251116,1,200.0,2,44.0,59.21
20251120,1,95.0,1,,59.8
20251128,46,13.0,1,21.0,8.36
20251122,19,6.4,1,,0.0
20251128,21,55.0,1,49.0,26.25
20251220,21,115.0,1,71.0,42.56
20251201,19,5.2,1,,0.0
20251205,45,11.0,1,10.0,6.04
20251206,21,42.6,1,48.0,25.35
20251209,31,34.0,2,18.0,9.93
20251210,13,50.4,3,22.33,9.79
20251210,27,13.8,2,9.0,2.84
20251212,21,55.0,1,91.0,26.52
20251214,9,7.4,1,57.0,2.3
20251215,19,5.2,1,,0.0
20251217,19,5.2,1,,0.0
20251217,27,5.6,1,1.0,2.09
20251221,41,19.6,1,0.0,11.01
20251219,1,95.0,1,80.0,56.65
20251221,9,31.4,3,10.67,4.93
20251223,31,13.6,1,0.0,7.73
20251226,31,25.0,1,17.0,9.43
20251228,45,14.2,1,,7.61
20260101,21,100.0,1,,29.21
20260103,26,115.0,1,0.0,72.79
20260106,26,110.2,1,72.0,72.79
20251231,9,12.0,1,37.0,1.24
20260102,14,33.6,1,14.0,5.89
20260102,31,14.4,1,0.0,7.73
20260103,31,14.8,1,,7.98
20260104,23,11.4,1,,4.88
20260104,21,48.8,1,,27.36
20260104,35,34.800000000000004,4,7.0,3.6
20260106,19,5.2,1,,0.0
20260110,41,5.8,1,1.0,2.04
20260110,45,12.4,1,12.0,6.55
20260111,27,8.6,1,0.0,3.94
20260112,36,15.0,1,12.0,8.71
20260114,30,35.0,2,16.0,10.21
20260114,35,14.2,2,10.5,3.37
20260114,8,19.0,2,1.0,4.55
20260116,36,21.6,1,56.0,12.23
20260117,24,20.599999999999998,2,0.0,4.29
20260117,9,12.0,1,15.0,6.3
20260120,45,23.6,2,11.5,6.45
20260121,30,16.0,1,14.0,9.32
20260125,41,21.0,1,20.0,11.9
20260123,36,16.0,1,2.0,5.06
20260125,19,6.4,1,,0.0
20260125,30,25.0,1,30.0,14.35
20260127,35,5.2,1,10.0,1.87
20260208,1,190.0,2,72.5,54.07
20260131,27,12.4,1,,5.53
20260201,27,7.6,1,13.0,3.23
20260203,1,95.0,1,74.0,56.81
20260203,46,19.0,1,11.0,10.81
20260203,36,20.8,1,19.0,12.01
20260204,45,18.0,1,25.0,10.16
20260209,8,55.0,1,37.0,26.44
20260206,13,25.200000000000003,2,14.0,6.09
20260208,9,24.4,2,9.0,6.38
20260212,31,10.4,1,15.0,5.66
20260212,45,15.8,1,7.0,9.22
20260213,29,50.0,1,0.0,30.33
20260213,46,13.0,1,7.0,8.36
20260213,30,13.8,1,17.0,7.92
20260214,41,20.0,1,,0.0
20260215,9,14.0,1,18.0,7.5
20260215,33,28.2,1,6.0,14.78
20260223,46,46.6,2,16.0,14.04
20260217,27,14.2,2,19.0,3.24
20260219,21,55.0,1,46.0,26.25
20260218,31,13.6,1,23.0,7.73
20260219,46,48.8,3,38.0,8.94
20260221,1,188.2,2,86.0,57.66
20260223,45,13.0,1,21.0,7.42
20260307,26,200.0,1,112.0,90.54
20260224,14,15.8,2,80.0,4.95
20260224,8,30.0,1,0.0,13.43
20260226,45,30.2,2,9.0,8.7
20260301,14,0.0,1,,5.48
20260303,36,28.0,1,30.0,12.87
20260305,46,45.6,2,22.5,13.74
20260309,46,50.0,2,24.5,13.25
20260310,19,8.4,2,,0.0
20260311,8,28.0,1,33.0,17.08
20260312,19,5.2,1,,0.0
20260315,29,50.0,1,44.0,29.39
20260311,46,25.0,1,,9.31
20260316,13,26.4,2,22.0,7.52
20260314,45,28.2,1,11.0,16.33
20260315,36,16.0,1,19.0,8.72
20260316,35,9.8,1,3.0,5.24
20260317,19,7.0,1,,0.0
20260316,41,19.8,1,0.0,11.33
20260320,8,21.6,1,19.0,12.51
20260324,1,95.0,1,0.0,56.91
20260321,30,18.8,1,20.0,10.44
20260323,45,23.6,2,10.5,6.34
20260324,30,120.0,1,97.0,66.68
20260327,37,170.0,1,,114.93
20260328,46,25.0,1,1.0,12.05
20260718,8,7.0,1,7.0,2.04
20260719,24,15.4,1,14.0,8.38
20260721,35,7.6,1,12.0,3.65
20260721,24,20.4,1,,12.18
20260809,1,150.0,1,0.0,58.45
20260722,26,115.0,1,21.0,73.87
20260723,8,31.0,1,32.0,19.0
20260727,24,20.4,1,0.0,12.19
20260807,38,125.0,1,93.0,66.97
20260728,45,13.8,1,5.0,7.9
20260729,14,16.8,1,7.0,5.89
20260730,1,125.0,1,1.0,75.69
20260730,13,20.6,1,20.0,12.24
20260801,31,17.2,1,0.0,8.35
20260802,13,12.0,1,14.0,6.19
20260803,9,14.8,1,22.0,8.06
20260804,30,8.0,1,1.0,4.01
20260804,45,10.0,1,0.0,5.46
20260806,1,100.0,1,98.0,57.12
20260805,27,5.6,1,5.0,2.07
20260806,38,65.0,1,63.0,39.73
20260807,9,8.4,1,9.0,4.34
20260814,8,48.4,2,27.0,14.62
20260814,13,23.4,2,22.5,5.71
20260816,19,6.4,1,,0.0
20260816,9,13.0,1,25.0,6.9
20250815,2,7.8,1,12.0,2.91
20250816,36,18.0,1,,11.38
20250817,24,16.8,1,15.0,9.22
20250818,46,18.0,1,0.0,11.92
20250818,38,66.2,1,,42.25
20250820,24,12.6,1,18.0,8.07
20250821,24,16.6,1,0.0,10.62
20250823,31,10.6,1,,6.0
20250826,30,13.4,1,11.0,8.69
20250827,8,21.8,1,31.0,14.61
20250831,46,212.4,1,180.0,139.64
20250901,46,16.6,1,16.0,10.99
20250906,31,109.2,1,67.0,54.0
20250907,13,14.6,1,10.0,7.86
20250911,9,13.0,1,26.0,7.32
20250912,46,37.0,1,26.0,19.94
20250914,30,31.4,1,32.0,18.34
20250915,26,115.0,1,,75.46
20250919,26,115.0,1,83.0,72.79
20250919,45,48.400000000000006,3,28.5,8.97
20250921,19,6.4,1,,0.0
20250923,46,22.4,1,22.0,13.38
20250926,1,95.0,1,131.0,59.44
20250926,29,36.0,1,,21.28
20250927,33,39.4,1,0.0,23.42
20250928,14,11.99,1,,5.89
20250928,9,11.4,1,0.0,4.97
20250930,13,18.0,1,13.0,7.81
20250930,46,18.8,1,0.0,10.99
20250930,30,39.8,1,41.0,24.62
20251001,27,6.0,1,0.0,2.38
20251001,13,15.2,1,13.0,8.76
20251003,8,55.0,1,,26.47
20251010,46,15.0,1,23.0,8.36
20251013,46,16.4,1,11.0,9.59
20251007,8,31.8,1,29.0,19.55
20251008,21,75.0,1,37.0,34.76
20251010,21,55.0,1,0.0,26.52
20251017,46,14.0,1,20.0,8.36
20251011,30,26.6,1,23.0,13.85
20251014,45,11.8,1,8.0,6.53
20251111,26,145.0,1,,73.43
20251021,37,205.6,1,,138.7
20251028,37,210.0,1,208.0,138.8
20251015,27,7.4,1,,3.59
20251022,24,26.0,1,,15.75
20251018,46,112.0,2,2.5,31.13
20251019,41,13.4,1,11.0,6.12
20251019,8,30.4,1,0.0,16.1
20251021,31,14.0,1,31.0,8.01
20251024,45,26.4,2,17.0,6.97
20251025,33,127.6,1,105.0,78.54
20251025,30,36.4,1,47.0,21.5
20251026,9,20.6,1,28.0,11.59
20251028,13,15.8,1,27.0,9.11
20251029,19,5.2,1,,0.0
20251031,19,3.2,1,,0.0
20251103,33,45.0,1,28.0,23.66
20251101,8,20.8,1,19.0,11.75
20251102,30,20.4,1,11.0,10.18
20251102,8,29.4,1,26.0,17.17
20251107,37,240.0,1,210.0,148.84
20251120,26,115.0,1,81.0,73.25
20251105,30,13.8,1,10.0,7.92
20251111,29,35.0,1,,21.74
20251109,1,105.0,1,40.0,47.73
20251110,27,5.4,1,2.0,1.99
20251118,46,33.6,2,0.0,9.68
20251121,46,13.0,1,18.0,8.36
20251116,33,128.0,1,96.0,78.49
20251116,36,18.2,1,26.0,10.09
20251124,31,16.0,1,23.0,9.12
20251117,24,15.8,1,1.0,8.73
20251120,24,12.8,1,3.0,7.2
20251122,8,24.0,1,23.0,12.37
20251201,31,16.2,1,30.0,9.12
20251127,30,7.0,1,2.0,2.74
20251127,36,20.2,1,21.0,12.01
20251129,30,26.4,1,,15.19
20251129,9,9.8,1,18.0,4.87
20251202,19,5.2,1,,0.0
20251201,45,19.4,1,0.0,11.07
20251204,19,5.2,1,,0.0
20251203,33,29.8,1,29.0,17.77
20251207,33,40.0,1,31.0,22.9
20251208,36,15.4,1,3.0,8.94
20251208,4,110.8,1,561.0,73.31
20251212,26,130.0,1,16.0,66.08
20251211,36,15.6,1,17.0,8.66
20251213,27,5.8,1,0.0,1.95
20251216,19,5.2,1,,0.0
20251217,29,46.2,1,60.0,28.79
20251218,29,100.0,1,136.0,29.48
20251219,30,8.0,1,8.0,4.01
20251221,29,60.0,1,16.0,19.69
20251220,36,18.2,1,24.0,10.12
20251223,45,14.8,1,0.0,8.52
20251224,9,8.6,1,23.0,4.39
20251226,19,7.0,1,,0.0
20260103,30,17.6,1,17.0,9.8
20260103,14,78.63,1,52.0,37.67
20260103,36,3.2,1,,0.0
20260104,28,9.0,1,0.0,4.28
20260107,1,95.0,1,64.0,57.64
20260114,26,115.0,1,85.0,75.68
20260110,31,14.4,1,26.0,7.73
20260111,31,14.4,1,5.0,7.73
20260111,8,26.0,1,55.0,14.53
20260113,21,55.0,1,,26.15
20260114,24,16.4,1,9.0,9.49
20260118,26,245.0,2,51.5,72.85
20260123,46,14.6,1,26.0,8.36
20260118,8,30.0,1,18.0,14.25
20260118,36,18.2,1,17.0,10.09
20260122,9,17.0,1,18.0,9.92
20260123,27,6.0,1,7.0,2.38
20260124,45,14.0,1,0.0,7.54
20260126,19,5.2,1,,0.0
20260130,45,50.0,1,31.0,26.78
20260130,19,5.2,1,,0.0
20260206,46,16.6,1,24.0,9.65
20260131,24,24.8,1,33.0,10.1
20260202,35,8.0,1,0.0,3.93
20260203,29,40.0,1,32.0,20.2
20260205,30,21.2,1,,12.61
20260204,46,26.6,1,33.0,16.18
20260205,41,16.8,1,,9.44
20260208,31,14.4,1,16.0,7.73
20260210,19,5.2,1,,0.0
20260210,27,5.6,1,3.0,2.16
20260211,26,115.0,1,104.0,75.8
20260214,19,6.4,1,,0.0
20260213,33,25.0,1,1.0,10.17
20260215,41,19.4,1,20.0,10.93
20260223,31,16.2,1,19.0,9.12
20260218,8,48.0,1,2.0,24.48
20260219,19,5.2,1,,0.0
20260222,31,14.4,1,21.0,7.73
20260225,4,115.0,1,111.0,73.6
20260222,30,20.8,1,0.0,10.51
20260224,24,14.2,1,18.0,8.11
20260225,31,13.6,1,18.0,7.73
20260227,45,13.6,1,13.0,7.19
20260301,45,11.8,1,11.0,5.19
20260303,13,15.2,1,,8.76
20260303,19,5.2,1,,0.0
20260309,26,115.0,1,90.0,72.4
20260306,31,14.4,1,3.0,7.75
20260307,30,14.4,1,13.0,7.69
20260307,45,16.2,1,,8.85
20260307,8,25.2,1,40.0,14.47
20260308,31,14.8,1,,8.02
20260308,33,28.0,1,23.0,14.71
20260311,27,5.0,1,,1.67
20260313,41,4.0,1,10.0,0.0
20260321,1,95.0,1,10.0,56.91
20260321,27,6.4,1,79.0,1.61
20260322,45,13.8,1,0.0,7.42
20260322,27,6.4,1,10.0,2.43
20260323,35,8.6,1,,4.45
20260327,8,170.0,1,,112.25
20260331,1,95.0,1,91.0,56.91
20260326,24,20.2,1,27.0,11.99
20260327,19,5.2,1,,0.0
20260402,5,4.2,1,,1.01
20260327,14,7.2,1,0.0,2.94
20260329,9,13.6,1,21.0,7.27
20260331,31,13.6,1,21.0,7.75
20260721,8,50.0,1,0.0,10.03
20260724,19,5.2,1,,0.0
20260725,19,6.4,1,,0.0
20260725,41,21.0,1,25.0,11.86
20260725,8,150.0,1,276.0,99.03
20260801,29,43.6,1,,23.92
20260802,45,26.8,1,23.0,13.96
20260805,1,100.0,1,88.0,59.8
20260804,13,13.8,1,10.0,7.89
20260806,31,12.4,1,,6.62
20260815,30,16.4,1,,8.95
20260816,24,16.0,1,18.0,8.7
