trip_date,day_name,hour_of_day,trip_count
2025-08-15,Friday,,1
2025-08-15,Friday,0.0,2
2025-08-15,Friday,21.0,2
2025-08-15,Friday,22.0,1
2025-08-15,Friday,23.0,21
2025-08-16,Saturday,,345
2025-08-16,Saturday,0.0,103
2025-08-16,Saturday,1.0,71
2025-08-16,Saturday,2.0,56
2025-08-16,Saturday,3.0,36
2025-08-16,Saturday,4.0,38
2025-08-16,Saturday,5.0,28
2025-08-16,Saturday,6.0,47
2025-08-16,Saturday,7.0,93
2025-08-16,Saturday,8.0,98
2025-08-16,Saturday,9.0,143
2025-08-16,Saturday,10.0,170
2025-08-16,Saturday,11.0,166
2025-08-16,Saturday,12.0,163
2025-08-16,Saturday,13.0,179
2025-08-16,Saturday,14.0,185
2025-08-16,Saturday,15.0,173
2025-08-16,Saturday,16.0,175
2025-08-16,Saturday,17.0,172
2025-08-16,Saturday,18.0,174
2025-08-16,Saturday,19.0,220
2025-08-16,Saturday,20.0,194
2025-08-16,Saturday,21.0,193
2025-08-16,Saturday,22.0,177
2025-08-16,Saturday,23.0,139
2025-08-17,Sunday,,300
2025-08-17,Sunday,0.0,111
2025-08-17,Sunday,1.0,95
2025-08-17,Sunday,2.0,77
2025-08-17,Sunday,3.0,59
2025-08-17,Sunday,4.0,32
2025-08-17,Sunday,5.0,34
2025-08-17,Sunday,6.0,57
2025-08-17,Sunday,7.0,83
2025-08-17,Sunday,8.0,65
2025-08-17,Sunday,9.0,65
2025-08-17,Sunday,10.0,70
2025-08-17,Sunday,11.0,111
2025-08-17,Sunday,12.0,118
2025-08-17,Sunday,13.0,131
2025-08-17,Sunday,14.0,146
2025-08-17,Sunday,15.0,149
2025-08-17,Sunday,16.0,116
2025-08-17,Sunday,17.0,98
2025-08-17,Sunday,18.0,76
2025-08-17,Sunday,19.0,120
2025-08-17,Sunday,20.0,122
2025-08-17,Sunday,21.0,102
2025-08-17,Sunday,22.0,80
2025-08-17,Sunday,23.0,86
2025-08-18,Monday,,259
2025-08-18,Monday,0.0,56
2025-08-18,Monday,1.0,54
2025-08-18,Monday,2.0,41
2025-08-18,Monday,3.0,20
2025-08-18,Monday,4.0,21
2025-08-18,Monday,5.0,29
2025-08-18,Monday,6.0,56
2025-08-18,Monday,7.0,96
2025-08-18,Monday,8.0,145
2025-08-18,Monday,9.0,169
2025-08-18,Monday,10.0,128
2025-08-18,Monday,11.0,157
2025-08-18,Monday,12.0,159
2025-08-18,Monday,13.0,149
2025-08-18,Monday,14.0,181
2025-08-18,Monday,15.0,157
2025-08-18,Monday,16.0,146
2025-08-18,Monday,17.0,114
2025-08-18,Monday,18.0,123
2025-08-18,Monday,19.0,118
2025-08-18,Monday,20.0,104
2025-08-18,Monday,21.0,87
2025-08-18,Monday,22.0,77
2025-08-18,Monday,23.0,56
2025-08-19,Tuesday,,237
2025-08-19,Tuesday,0.0,44
2025-08-19,Tuesday,1.0,30
2025-08-19,Tuesday,2.0,25
2025-08-19,Tuesday,3.0,17
2025-08-19,Tuesday,4.0,13
2025-08-19,Tuesday,5.0,34
2025-08-19,Tuesday,6.0,42
2025-08-19,Tuesday,7.0,96
2025-08-19,Tuesday,8.0,147
2025-08-19,Tuesday,9.0,160
2025-08-19,Tuesday,10.0,162
2025-08-19,Tuesday,11.0,155
2025-08-19,Tuesday,12.0,179
2025-08-19,Tuesday,13.0,172
2025-08-19,Tuesday,14.0,178
2025-08-19,Tuesday,15.0,151
2025-08-19,Tuesday,16.0,155
2025-08-19,Tuesday,17.0,128
2025-08-19,Tuesday,18.0,121
2025-08-19,Tuesday,19.0,131
2025-08-19,Tuesday,20.0,87
2025-08-19,Tuesday,21.0,79
2025-08-19,Tuesday,22.0,79
2025-08-19,Tuesday,23.0,55
2025-08-20,Wednesday,,216
2025-08-20,Wednesday,0.0,47
2025-08-20,Wednesday,1.0,30
2025-08-20,Wednesday,2.0,23
2025-08-20,Wednesday,3.0,15
2025-08-20,Wednesday,4.0,13
2025-08-20,Wednesday,5.0,29
2025-08-20,Wednesday,6.0,41
2025-08-20,Wednesday,7.0,94
2025-08-20,Wednesday,8.0,139
2025-08-20,Wednesday,9.0,151
2025-08-20,Wednesday,10.0,153
2025-08-20,Wednesday,11.0,181
2025-08-20,Wednesday,12.0,174
2025-08-20,Wednesday,13.0,163
2025-08-20,Wednesday,14.0,162
2025-08-20,Wednesday,15.0,172
2025-08-20,Wednesday,16.0,147
2025-08-20,Wednesday,17.0,131
2025-08-20,Wednesday,18.0,148
2025-08-20,Wednesday,19.0,125
2025-08-20,Wednesday,20.0,112
2025-08-20,Wednesday,21.0,96
2025-08-20,Wednesday,22.0,101
2025-08-20,Wednesday,23.0,86
2025-08-21,Thursday,,259
2025-08-21,Thursday,0.0,62
2025-08-21,Thursday,1.0,36
2025-08-21,Thursday,2.0,21
2025-08-21,Thursday,3.0,16
2025-08-21,Thursday,4.0,9
2025-08-21,Thursday,5.0,23
2025-08-21,Thursday,6.0,51
2025-08-21,Thursday,7.0,103
2025-08-21,Thursday,8.0,142
2025-08-21,Thursday,9.0,165
2025-08-21,Thursday,10.0,192
2025-08-21,Thursday,11.0,169
2025-08-21,Thursday,12.0,198
2025-08-21,Thursday,13.0,170
2025-08-21,Thursday,14.0,181
2025-08-21,Thursday,15.0,173
2025-08-21,Thursday,16.0,174
2025-08-21,Thursday,17.0,151
2025-08-21,Thursday,18.0,162
2025-08-21,Thursday,19.0,149
2025-08-21,Thursday,20.0,109
2025-08-21,Thursday,21.0,109
2025-08-21,Thursday,22.0,112
2025-08-21,Thursday,23.0,83
2025-08-22,Friday,,321
2025-08-22,Friday,0.0,54
2025-08-22,Friday,1.0,58
2025-08-22,Friday,2.0,33
2025-08-22,Friday,3.0,16
2025-08-22,Friday,4.0,18
2025-08-22,Friday,5.0,23
2025-08-22,Friday,6.0,54
2025-08-22,Friday,7.0,88
2025-08-22,Friday,8.0,132
2025-08-22,Friday,9.0,168
2025-08-22,Friday,10.0,189
2025-08-22,Friday,11.0,191
2025-08-22,Friday,12.0,176
2025-08-22,Friday,13.0,172
2025-08-22,Friday,14.0,179
2025-08-22,Friday,15.0,152
2025-08-22,Friday,16.0,139
2025-08-22,Friday,17.0,133
2025-08-22,Friday,18.0,174
2025-08-22,Friday,19.0,221
2025-08-22,Friday,20.0,161
2025-08-22,Friday,21.0,153
2025-08-22,Friday,22.0,143
2025-08-22,Friday,23.0,140
2025-08-23,Saturday,,336
2025-08-23,Saturday,0.0,104
2025-08-23,Saturday,1.0,77
2025-08-23,Saturday,2.0,62
2025-08-23,Saturday,3.0,44
2025-08-23,Saturday,4.0,32
2025-08-23,Saturday,5.0,39
2025-08-23,Saturday,6.0,43
2025-08-23,Saturday,7.0,69
2025-08-23,Saturday,8.0,113
2025-08-23,Saturday,9.0,122
2025-08-23,Saturday,10.0,146
2025-08-23,Saturday,11.0,164
2025-08-23,Saturday,12.0,164
2025-08-23,Saturday,13.0,166
2025-08-23,Saturday,14.0,163
2025-08-23,Saturday,15.0,193
2025-08-23,Saturday,16.0,204
2025-08-23,Saturday,17.0,215
2025-08-23,Saturday,18.0,230
2025-08-23,Saturday,19.0,236
2025-08-23,Saturday,20.0,188
2025-08-23,Saturday,21.0,178
2025-08-23,Saturday,22.0,177
2025-08-23,Saturday,23.0,140
2025-08-24,Sunday,,312
2025-08-24,Sunday,0.0,114
2025-08-24,Sunday,1.0,76
2025-08-24,Sunday,2.0,68
2025-08-24,Sunday,3.0,59
2025-08-24,Sunday,4.0,45
2025-08-24,Sunday,5.0,30
2025-08-24,Sunday,6.0,53
2025-08-24,Sunday,7.0,82
2025-08-24,Sunday,8.0,60
2025-08-24,Sunday,9.0,76
2025-08-24,Sunday,10.0,100
2025-08-24,Sunday,11.0,130
2025-08-24,Sunday,12.0,113
2025-08-24,Sunday,13.0,126
2025-08-24,Sunday,14.0,138
2025-08-24,Sunday,15.0,146
2025-08-24,Sunday,16.0,157
2025-08-24,Sunday,17.0,154
2025-08-24,Sunday,18.0,161
2025-08-24,Sunday,19.0,155
2025-08-24,Sunday,20.0,154
2025-08-24,Sunday,21.0,131
2025-08-24,Sunday,22.0,107
2025-08-24,Sunday,23.0,100
2025-08-25,Monday,,210
2025-08-25,Monday,0.0,65
2025-08-25,Monday,1.0,53
2025-08-25,Monday,2.0,56
2025-08-25,Monday,3.0,18
2025-08-25,Monday,4.0,28
2025-08-25,Monday,5.0,30
2025-08-25,Monday,6.0,40
2025-08-25,Monday,7.0,70
2025-08-25,Monday,8.0,85
2025-08-25,Monday,9.0,98
2025-08-25,Monday,10.0,102
2025-08-25,Monday,11.0,130
2025-08-25,Monday,12.0,101
2025-08-25,Monday,13.0,138
2025-08-25,Monday,14.0,131
2025-08-25,Monday,15.0,132
2025-08-25,Monday,16.0,133
2025-08-25,Monday,17.0,112
2025-08-25,Monday,18.0,110
2025-08-25,Monday,19.0,113
2025-08-25,Monday,20.0,84
2025-08-25,Monday,21.0,71
2025-08-25,Monday,22.0,60
2025-08-25,Monday,23.0,44
2025-08-26,Tuesday,,174
2025-08-26,Tuesday,0.0,35
2025-08-26,Tuesday,1.0,27
2025-08-26,Tuesday,2.0,16
2025-08-26,Tuesday,3.0,7
2025-08-26,Tuesday,4.0,16
2025-08-26,Tuesday,5.0,21
2025-08-26,Tuesday,6.0,55
2025-08-26,Tuesday,7.0,72
2025-08-26,Tuesday,8.0,137
2025-08-26,Tuesday,9.0,157
2025-08-26,Tuesday,10.0,160
2025-08-26,Tuesday,11.0,178
2025-08-26,Tuesday,12.0,173
2025-08-26,Tuesday,13.0,187
2025-08-26,Tuesday,14.0,192
2025-08-26,Tuesday,15.0,189
2025-08-26,Tuesday,16.0,155
2025-08-26,Tuesday,17.0,123
2025-08-26,Tuesday,18.0,156
2025-08-26,Tuesday,19.0,119
2025-08-26,Tuesday,20.0,92
2025-08-26,Tuesday,21.0,69
2025-08-26,Tuesday,22.0,69
2025-08-26,Tuesday,23.0,42
2025-08-27,Wednesday,,210
2025-08-27,Wednesday,0.0,25
2025-08-27,Wednesday,1.0,17
2025-08-27,Wednesday,2.0,16
2025-08-27,Wednesday,3.0,10
2025-08-27,Wednesday,4.0,14
2025-08-27,Wednesday,5.0,19
2025-08-27,Wednesday,6.0,39
2025-08-27,Wednesday,7.0,102
2025-08-27,Wednesday,8.0,164
2025-08-27,Wednesday,9.0,185
2025-08-27,Wednesday,10.0,171
2025-08-27,Wednesday,11.0,197
2025-08-27,Wednesday,12.0,170
2025-08-27,Wednesday,13.0,174
2025-08-27,Wednesday,14.0,180
2025-08-27,Wednesday,15.0,196
2025-08-27,Wednesday,16.0,159
2025-08-27,Wednesday,17.0,152
2025-08-27,Wednesday,18.0,148
2025-08-27,Wednesday,19.0,139
2025-08-27,Wednesday,20.0,110
2025-08-27,Wednesday,21.0,116
2025-08-27,Wednesday,22.0,89
2025-08-27,Wednesday,23.0,68
2025-08-28,Thursday,,279
2025-08-28,Thursday,0.0,56
2025-08-28,Thursday,1.0,31
2025-08-28,Thursday,2.0,31
2025-08-28,Thursday,3.0,23
2025-08-28,Thursday,4.0,15
2025-08-28,Thursday,5.0,28
2025-08-28,Thursday,6.0,60
2025-08-28,Thursday,7.0,112
2025-08-28,Thursday,8.0,139
2025-08-28,Thursday,9.0,155
2025-08-28,Thursday,10.0,198
2025-08-28,Thursday,11.0,178
2025-08-28,Thursday,12.0,167
2025-08-28,Thursday,13.0,193
2025-08-28,Thursday,14.0,205
2025-08-28,Thursday,15.0,204
2025-08-28,Thursday,16.0,161
2025-08-28,Thursday,17.0,163
2025-08-28,Thursday,18.0,156
2025-08-28,Thursday,19.0,150
2025-08-28,Thursday,20.0,119
2025-08-28,Thursday,21.0,99
2025-08-28,Thursday,22.0,96
2025-08-28,Thursday,23.0,84
2025-08-29,Friday,,327
2025-08-29,Friday,0.0,59
2025-08-29,Friday,1.0,44
2025-08-29,Friday,2.0,24
2025-08-29,Friday,3.0,19
2025-08-29,Friday,4.0,25
2025-08-29,Friday,5.0,37
2025-08-29,Friday,6.0,51
2025-08-29,Friday,7.0,105
2025-08-29,Friday,8.0,175
2025-08-29,Friday,9.0,186
2025-08-29,Friday,10.0,175
2025-08-29,Friday,11.0,218
2025-08-29,Friday,12.0,213
2025-08-29,Friday,13.0,205
2025-08-29,Friday,14.0,183
2025-08-29,Friday,15.0,176
2025-08-29,Friday,16.0,174
2025-08-29,Friday,17.0,205
2025-08-29,Friday,18.0,196
2025-08-29,Friday,19.0,226
2025-08-29,Friday,20.0,172
2025-08-29,Friday,21.0,143
2025-08-29,Friday,22.0,160
2025-08-29,Friday,23.0,114
2025-08-30,Saturday,,372
2025-08-30,Saturday,0.0,106
2025-08-30,Saturday,1.0,91
2025-08-30,Saturday,2.0,68
2025-08-30,Saturday,3.0,45
2025-08-30,Saturday,4.0,30
2025-08-30,Saturday,5.0,34
2025-08-30,Saturday,6.0,57
2025-08-30,Saturday,7.0,82
2025-08-30,Saturday,8.0,109
2025-08-30,Saturday,9.0,132
2025-08-30,Saturday,10.0,132
2025-08-30,Saturday,11.0,183
2025-08-30,Saturday,12.0,170
2025-08-30,Saturday,13.0,198
2025-08-30,Saturday,14.0,204
2025-08-30,Saturday,15.0,212
2025-08-30,Saturday,16.0,191
2025-08-30,Saturday,17.0,205
2025-08-30,Saturday,18.0,216
2025-08-30,Saturday,19.0,250
2025-08-30,Saturday,20.0,202
2025-08-30,Saturday,21.0,212
2025-08-30,Saturday,22.0,191
2025-08-30,Saturday,23.0,171
2025-08-31,Sunday,,315
2025-08-31,Sunday,0.0,137
2025-08-31,Sunday,1.0,110
2025-08-31,Sunday,2.0,86
2025-08-31,Sunday,3.0,55
2025-08-31,Sunday,4.0,37
2025-08-31,Sunday,5.0,23
2025-08-31,Sunday,6.0,48
2025-08-31,Sunday,7.0,66
2025-08-31,Sunday,8.0,61
2025-08-31,Sunday,9.0,80
2025-08-31,Sunday,10.0,72
2025-08-31,Sunday,11.0,99
2025-08-31,Sunday,12.0,98
2025-08-31,Sunday,13.0,137
2025-08-31,Sunday,14.0,152
2025-08-31,Sunday,15.0,155
2025-08-31,Sunday,16.0,167
2025-08-31,Sunday,17.0,123
2025-08-31,Sunday,18.0,141
2025-08-31,Sunday,19.0,144
2025-08-31,Sunday,20.0,129
2025-08-31,Sunday,21.0,114
2025-08-31,Sunday,22.0,92
2025-08-31,Sunday,23.0,66
2025-09-01,Monday,,176
2025-09-01,Monday,0.0,51
2025-09-01,Monday,1.0,40
2025-09-01,Monday,2.0,26
2025-09-01,Monday,3.0,14
2025-09-01,Monday,4.0,19
2025-09-01,Monday,5.0,25
2025-09-01,Monday,6.0,33
2025-09-01,Monday,7.0,96
2025-09-01,Monday,8.0,151
2025-09-01,Monday,9.0,170
2025-09-01,Monday,10.0,168
2025-09-01,Monday,11.0,184
2025-09-01,Monday,12.0,164
2025-09-01,Monday,13.0,173
2025-09-01,Monday,14.0,206
2025-09-01,Monday,15.0,173
2025-09-01,Monday,16.0,158
2025-09-01,Monday,17.0,155
2025-09-01,Monday,18.0,123
2025-09-01,Monday,19.0,116
2025-09-01,Monday,20.0,93
2025-09-01,Monday,21.0,87
2025-09-01,Monday,22.0,85
2025-09-01,Monday,23.0,55
2025-09-02,Tuesday,,208
2025-09-02,Tuesday,0.0,44
2025-09-02,Tuesday,1.0,36
2025-09-02,Tuesday,2.0,18
2025-09-02,Tuesday,3.0,7
2025-09-02,Tuesday,4.0,16
2025-09-02,Tuesday,5.0,34
2025-09-02,Tuesday,6.0,46
2025-09-02,Tuesday,7.0,101
2025-09-02,Tuesday,8.0,145
2025-09-02,Tuesday,9.0,176
2025-09-02,Tuesday,10.0,179
2025-09-02,Tuesday,11.0,211
2025-09-02,Tuesday,12.0,173
2025-09-02,Tuesday,13.0,181
2025-09-02,Tuesday,14.0,190
2025-09-02,Tuesday,15.0,176
2025-09-02,Tuesday,16.0,153
2025-09-02,Tuesday,17.0,120
2025-09-02,Tuesday,18.0,137
2025-09-02,Tuesday,19.0,133
2025-09-02,Tuesday,20.0,98
2025-09-02,Tuesday,21.0,82
2025-09-02,Tuesday,22.0,92
2025-09-02,Tuesday,23.0,47
2025-09-03,Wednesday,,238
2025-09-03,Wednesday,0.0,46
2025-09-03,Wednesday,1.0,33
2025-09-03,Wednesday,2.0,20
2025-09-03,Wednesday,3.0,10
2025-09-03,Wednesday,4.0,21
2025-09-03,Wednesday,5.0,36
2025-09-03,Wednesday,6.0,60
2025-09-03,Wednesday,7.0,103
2025-09-03,Wednesday,8.0,137
2025-09-03,Wednesday,9.0,183
2025-09-03,Wednesday,10.0,212
2025-09-03,Wednesday,11.0,196
2025-09-03,Wednesday,12.0,162
2025-09-03,Wednesday,13.0,198
2025-09-03,Wednesday,14.0,199
2025-09-03,Wednesday,15.0,182
2025-09-03,Wednesday,16.0,162
2025-09-03,Wednesday,17.0,107
2025-09-03,Wednesday,18.0,148
2025-09-03,Wednesday,19.0,118
2025-09-03,Wednesday,20.0,102
2025-09-03,Wednesday,21.0,96
2025-09-03,Wednesday,22.0,95
2025-09-03,Wednesday,23.0,69
2025-09-04,Thursday,,168
2025-09-04,Thursday,0.0,43
2025-09-04,Thursday,1.0,34
2025-09-04,Thursday,2.0,22
2025-09-04,Thursday,3.0,14
2025-09-04,Thursday,4.0,16
2025-09-04,Thursday,5.0,27
2025-09-04,Thursday,6.0,39
2025-09-04,Thursday,7.0,100
2025-09-04,Thursday,8.0,158
2025-09-04,Thursday,9.0,151
2025-09-04,Thursday,10.0,183
2025-09-04,Thursday,11.0,183
2025-09-04,Thursday,12.0,188
2025-09-04,Thursday,13.0,186
2025-09-04,Thursday,14.0,184
2025-09-04,Thursday,15.0,189
2025-09-04,Thursday,16.0,177
2025-09-04,Thursday,17.0,147
2025-09-04,Thursday,18.0,136
2025-09-04,Thursday,19.0,139
2025-09-04,Thursday,20.0,128
2025-09-04,Thursday,21.0,116
2025-09-04,Thursday,22.0,87
2025-09-04,Thursday,23.0,62
2025-09-05,Friday,,255
2025-09-05,Friday,0.0,74
2025-09-05,Friday,1.0,50
2025-09-05,Friday,2.0,28
2025-09-05,Friday,3.0,15
2025-09-05,Friday,4.0,15
2025-09-05,Friday,5.0,29
2025-09-05,Friday,6.0,41
2025-09-05,Friday,7.0,103
2025-09-05,Friday,8.0,161
2025-09-05,Friday,9.0,169
2025-09-05,Friday,10.0,168
2025-09-05,Friday,11.0,211
2025-09-05,Friday,12.0,233
2025-09-05,Friday,13.0,190
2025-09-05,Friday,14.0,183
2025-09-05,Friday,15.0,162
2025-09-05,Friday,16.0,183
2025-09-05,Friday,17.0,174
2025-09-05,Friday,18.0,202
2025-09-05,Friday,19.0,194
2025-09-05,Friday,20.0,154
2025-09-05,Friday,21.0,145
2025-09-05,Friday,22.0,146
2025-09-05,Friday,23.0,117
2025-09-06,Saturday,,307
2025-09-06,Saturday,0.0,127
2025-09-06,Saturday,1.0,89
2025-09-06,Saturday,2.0,59
2025-09-06,Saturday,3.0,38
2025-09-06,Saturday,4.0,29
2025-09-06,Saturday,5.0,29
2025-09-06,Saturday,6.0,48
2025-09-06,Saturday,7.0,79
2025-09-06,Saturday,8.0,100
2025-09-06,Saturday,9.0,118
2025-09-06,Saturday,10.0,144
2025-09-06,Saturday,11.0,140
2025-09-06,Saturday,12.0,142
2025-09-06,Saturday,13.0,174
2025-09-06,Saturday,14.0,170
2025-09-06,Saturday,15.0,161
2025-09-06,Saturday,16.0,171
2025-09-06,Saturday,17.0,193
2025-09-06,Saturday,18.0,195
2025-09-06,Saturday,19.0,255
2025-09-06,Saturday,20.0,189
2025-09-06,Saturday,21.0,182
2025-09-06,Saturday,22.0,175
2025-09-06,Saturday,23.0,136
2025-09-07,Sunday,,214
2025-09-07,Sunday,0.0,130
2025-09-07,Sunday,1.0,87
2025-09-07,Sunday,2.0,82
2025-09-07,Sunday,3.0,61
2025-09-07,Sunday,4.0,36
2025-09-07,Sunday,5.0,26
2025-09-07,Sunday,6.0,45
2025-09-07,Sunday,7.0,74
2025-09-07,Sunday,8.0,73
2025-09-07,Sunday,9.0,63
2025-09-07,Sunday,10.0,80
2025-09-07,Sunday,11.0,124
2025-09-07,Sunday,12.0,113
2025-09-07,Sunday,13.0,143
2025-09-07,Sunday,14.0,143
2025-09-07,Sunday,15.0,168
2025-09-07,Sunday,16.0,154
2025-09-07,Sunday,17.0,137
2025-09-07,Sunday,18.0,141
2025-09-07,Sunday,19.0,134
2025-09-07,Sunday,20.0,122
2025-09-07,Sunday,21.0,108
2025-09-07,Sunday,22.0,94
2025-09-07,Sunday,23.0,77
2025-09-08,Monday,,213
2025-09-08,Monday,0.0,50
2025-09-08,Monday,1.0,42
2025-09-08,Monday,2.0,23
2025-09-08,Monday,3.0,21
2025-09-08,Monday,4.0,19
2025-09-08,Monday,5.0,20
2025-09-08,Monday,6.0,58
2025-09-08,Monday,7.0,98
2025-09-08,Monday,8.0,128
2025-09-08,Monday,9.0,181
2025-09-08,Monday,10.0,158
2025-09-08,Monday,11.0,149
2025-09-08,Monday,12.0,178
2025-09-08,Monday,13.0,165
2025-09-08,Monday,14.0,195
2025-09-08,Monday,15.0,189
2025-09-08,Monday,16.0,169
2025-09-08,Monday,17.0,118
2025-09-08,Monday,18.0,124
2025-09-08,Monday,19.0,108
2025-09-08,Monday,20.0,98
2025-09-08,Monday,21.0,74
2025-09-08,Monday,22.0,64
2025-09-08,Monday,23.0,51
2025-09-09,Tuesday,,174
2025-09-09,Tuesday,0.0,35
2025-09-09,Tuesday,1.0,31
2025-09-09,Tuesday,2.0,19
2025-09-09,Tuesday,3.0,11
2025-09-09,Tuesday,4.0,18
2025-09-09,Tuesday,5.0,22
2025-09-09,Tuesday,6.0,36
2025-09-09,Tuesday,7.0,109
2025-09-09,Tuesday,8.0,177
2025-09-09,Tuesday,9.0,159
2025-09-09,Tuesday,10.0,166
2025-09-09,Tuesday,11.0,176
2025-09-09,Tuesday,12.0,163
2025-09-09,Tuesday,13.0,161
2025-09-09,Tuesday,14.0,182
2025-09-09,Tuesday,15.0,184
2025-09-09,Tuesday,16.0,173
2025-09-09,Tuesday,17.0,119
2025-09-09,Tuesday,18.0,123
2025-09-09,Tuesday,19.0,133
2025-09-09,Tuesday,20.0,92
2025-09-09,Tuesday,21.0,84
2025-09-09,Tuesday,22.0,71
2025-09-09,Tuesday,23.0,48
2025-09-10,Wednesday,,202
2025-09-10,Wednesday,0.0,43
2025-09-10,Wednesday,1.0,24
2025-09-10,Wednesday,2.0,14
2025-09-10,Wednesday,3.0,9
2025-09-10,Wednesday,4.0,11
2025-09-10,Wednesday,5.0,30
2025-09-10,Wednesday,6.0,36
2025-09-10,Wednesday,7.0,114
2025-09-10,Wednesday,8.0,147
2025-09-10,Wednesday,9.0,236
2025-09-10,Wednesday,10.0,184
2025-09-10,Wednesday,11.0,173
2025-09-10,Wednesday,12.0,174
2025-09-10,Wednesday,13.0,200
2025-09-10,Wednesday,14.0,205
2025-09-10,Wednesday,15.0,191
2025-09-10,Wednesday,16.0,186
2025-09-10,Wednesday,17.0,145
2025-09-10,Wednesday,18.0,121
2025-09-10,Wednesday,19.0,131
2025-09-10,Wednesday,20.0,114
2025-09-10,Wednesday,21.0,94
2025-09-10,Wednesday,22.0,75
2025-09-10,Wednesday,23.0,51
2025-09-11,Thursday,,237
2025-09-11,Thursday,0.0,45
2025-09-11,Thursday,1.0,26
2025-09-11,Thursday,2.0,12
2025-09-11,Thursday,3.0,14
2025-09-11,Thursday,4.0,18
2025-09-11,Thursday,5.0,31
2025-09-11,Thursday,6.0,43
2025-09-11,Thursday,7.0,110
2025-09-11,Thursday,8.0,149
2025-09-11,Thursday,9.0,190
2025-09-11,Thursday,10.0,180
2025-09-11,Thursday,11.0,192
2025-09-11,Thursday,12.0,165
2025-09-11,Thursday,13.0,199
2025-09-11,Thursday,14.0,230
2025-09-11,Thursday,15.0,179
2025-09-11,Thursday,16.0,184
2025-09-11,Thursday,17.0,159
2025-09-11,Thursday,18.0,147
2025-09-11,Thursday,19.0,145
2025-09-11,Thursday,20.0,129
2025-09-11,Thursday,21.0,99
2025-09-11,Thursday,22.0,83
2025-09-11,Thursday,23.0,61
2025-09-12,Friday,,268
2025-09-12,Friday,0.0,62
2025-09-12,Friday,1.0,36
2025-09-12,Friday,2.0,30
2025-09-12,Friday,3.0,23
2025-09-12,Friday,4.0,29
2025-09-12,Friday,5.0,32
2025-09-12,Friday,6.0,37
2025-09-12,Friday,7.0,124
2025-09-12,Friday,8.0,165
2025-09-12,Friday,9.0,179
2025-09-12,Friday,10.0,203
2025-09-12,Friday,11.0,208
2025-09-12,Friday,12.0,198
2025-09-12,Friday,13.0,199
2025-09-12,Friday,14.0,180
2025-09-12,Friday,15.0,143
2025-09-12,Friday,16.0,142
2025-09-12,Friday,17.0,141
2025-09-12,Friday,18.0,222
2025-09-12,Friday,19.0,214
2025-09-12,Friday,20.0,161
2025-09-12,Friday,21.0,152
2025-09-12,Friday,22.0,161
2025-09-12,Friday,23.0,153
2025-09-13,Saturday,,281
2025-09-13,Saturday,0.0,101
2025-09-13,Saturday,1.0,76
2025-09-13,Saturday,2.0,65
2025-09-13,Saturday,3.0,47
2025-09-13,Saturday,4.0,23
2025-09-13,Saturday,5.0,23
2025-09-13,Saturday,6.0,43
2025-09-13,Saturday,7.0,80
2025-09-13,Saturday,8.0,100
2025-09-13,Saturday,9.0,135
2025-09-13,Saturday,10.0,156
2025-09-13,Saturday,11.0,182
2025-09-13,Saturday,12.0,180
2025-09-13,Saturday,13.0,176
2025-09-13,Saturday,14.0,186
2025-09-13,Saturday,15.0,167
2025-09-13,Saturday,16.0,172
2025-09-13,Saturday,17.0,200
2025-09-13,Saturday,18.0,236
2025-09-13,Saturday,19.0,247
2025-09-13,Saturday,20.0,224
2025-09-13,Saturday,21.0,202
2025-09-13,Saturday,22.0,165
2025-09-13,Saturday,23.0,141
2025-09-14,Sunday,,338
2025-09-14,Sunday,0.0,105
2025-09-14,Sunday,1.0,101
2025-09-14,Sunday,2.0,85
2025-09-14,Sunday,3.0,67
2025-09-14,Sunday,4.0,40
2025-09-14,Sunday,5.0,35
2025-09-14,Sunday,6.0,55
2025-09-14,Sunday,7.0,75
2025-09-14,Sunday,8.0,67
2025-09-14,Sunday,9.0,69
2025-09-14,Sunday,10.0,86
2025-09-14,Sunday,11.0,117
2025-09-14,Sunday,12.0,117
2025-09-14,Sunday,13.0,126
2025-09-14,Sunday,14.0,121
2025-09-14,Sunday,15.0,138
2025-09-14,Sunday,16.0,138
2025-09-14,Sunday,17.0,130
2025-09-14,Sunday,18.0,128
2025-09-14,Sunday,19.0,110
2025-09-14,Sunday,20.0,125
2025-09-14,Sunday,21.0,113
2025-09-14,Sunday,22.0,96
2025-09-14,Sunday,23.0,68
2025-09-15,Monday,,204
2025-09-15,Monday,0.0,45
2025-09-15,Monday,1.0,44
2025-09-15,Monday,2.0,18
2025-09-15,Monday,3.0,11
2025-09-15,Monday,4.0,20
2025-09-15,Monday,5.0,20
2025-09-15,Monday,6.0,47
2025-09-15,Monday,7.0,86
2025-09-15,Monday,8.0,147
2025-09-15,Monday,9.0,181
2025-09-15,Monday,10.0,154
2025-09-15,Monday,11.0,152
2025-09-15,Monday,12.0,162
2025-09-15,Monday,13.0,164
2025-09-15,Monday,14.0,172
2025-09-15,Monday,15.0,177
2025-09-15,Monday,16.0,139
2025-09-15,Monday,17.0,142
2025-09-15,Monday,18.0,124
2025-09-15,Monday,19.0,113
2025-09-15,Monday,20.0,110
2025-09-15,Monday,21.0,128
2025-09-15,Monday,22.0,101
2025-09-15,Monday,23.0,41
2025-09-16,Tuesday,,210
2025-09-16,Tuesday,0.0,32
2025-09-16,Tuesday,1.0,55
2025-09-16,Tuesday,2.0,32
2025-09-16,Tuesday,3.0,14
2025-09-16,Tuesday,4.0,17
2025-09-16,Tuesday,5.0,20
2025-09-16,Tuesday,6.0,39
2025-09-16,Tuesday,7.0,119
2025-09-16,Tuesday,8.0,156
2025-09-16,Tuesday,9.0,170
2025-09-16,Tuesday,10.0,164
2025-09-16,Tuesday,11.0,167
2025-09-16,Tuesday,12.0,170
2025-09-16,Tuesday,13.0,183
2025-09-16,Tuesday,14.0,203
2025-09-16,Tuesday,15.0,150
2025-09-16,Tuesday,16.0,151
2025-09-16,Tuesday,17.0,133
2025-09-16,Tuesday,18.0,124
2025-09-16,Tuesday,19.0,117
2025-09-16,Tuesday,20.0,117
2025-09-16,Tuesday,21.0,87
2025-09-16,Tuesday,22.0,88
2025-09-16,Tuesday,23.0,57
2025-09-17,Wednesday,,285
2025-09-17,Wednesday,0.0,45
2025-09-17,Wednesday,1.0,37
2025-09-17,Wednesday,2.0,21
2025-09-17,Wednesday,3.0,8
2025-09-17,Wednesday,4.0,10
2025-09-17,Wednesday,5.0,19
2025-09-17,Wednesday,6.0,43
2025-09-17,Wednesday,7.0,108
2025-09-17,Wednesday,8.0,133
2025-09-17,Wednesday,9.0,186
2025-09-17,Wednesday,10.0,159
2025-09-17,Wednesday,11.0,180
2025-09-17,Wednesday,12.0,155
2025-09-17,Wednesday,13.0,190
2025-09-17,Wednesday,14.0,175
2025-09-17,Wednesday,15.0,154
2025-09-17,Wednesday,16.0,136
2025-09-17,Wednesday,17.0,129
2025-09-17,Wednesday,18.0,125
2025-09-17,Wednesday,19.0,115
2025-09-17,Wednesday,20.0,94
2025-09-17,Wednesday,21.0,96
2025-09-17,Wednesday,22.0,96
2025-09-17,Wednesday,23.0,66
2025-09-18,Thursday,,286
2025-09-18,Thursday,0.0,59
2025-09-18,Thursday,1.0,40
2025-09-18,Thursday,2.0,29
2025-09-18,Thursday,3.0,14
2025-09-18,Thursday,4.0,11
2025-09-18,Thursday,5.0,25
2025-09-18,Thursday,6.0,45
2025-09-18,Thursday,7.0,104
2025-09-18,Thursday,8.0,151
2025-09-18,Thursday,9.0,168
2025-09-18,Thursday,10.0,199
2025-09-18,Thursday,11.0,191
2025-09-18,Thursday,12.0,172
2025-09-18,Thursday,13.0,179
2025-09-18,Thursday,14.0,198
2025-09-18,Thursday,15.0,188
2025-09-18,Thursday,16.0,155
2025-09-18,Thursday,17.0,146
2025-09-18,Thursday,18.0,135
2025-09-18,Thursday,19.0,130
2025-09-18,Thursday,20.0,104
2025-09-18,Thursday,21.0,110
2025-09-18,Thursday,22.0,93
2025-09-18,Thursday,23.0,63
2025-09-19,Friday,,275
2025-09-19,Friday,0.0,50
2025-09-19,Friday,1.0,40
2025-09-19,Friday,2.0,20
2025-09-19,Friday,3.0,12
2025-09-19,Friday,4.0,17
2025-09-19,Friday,5.0,28
2025-09-19,Friday,6.0,44
2025-09-19,Friday,7.0,118
2025-09-19,Friday,8.0,165
2025-09-19,Friday,9.0,165
2025-09-19,Friday,10.0,194
2025-09-19,Friday,11.0,209
2025-09-19,Friday,12.0,214
2025-09-19,Friday,13.0,206
2025-09-19,Friday,14.0,181
2025-09-19,Friday,15.0,164
2025-09-19,Friday,16.0,166
2025-09-19,Friday,17.0,172
2025-09-19,Friday,18.0,193
2025-09-19,Friday,19.0,184
2025-09-19,Friday,20.0,175
2025-09-19,Friday,21.0,168
2025-09-19,Friday,22.0,149
2025-09-19,Friday,23.0,117
2025-09-20,Saturday,,257
2025-09-20,Saturday,0.0,119
2025-09-20,Saturday,1.0,93
2025-09-20,Saturday,2.0,66
2025-09-20,Saturday,3.0,37
2025-09-20,Saturday,4.0,32
2025-09-20,Saturday,5.0,28
2025-09-20,Saturday,6.0,52
2025-09-20,Saturday,7.0,84
2025-09-20,Saturday,8.0,99
2025-09-20,Saturday,9.0,134
2025-09-20,Saturday,10.0,145
2025-09-20,Saturday,11.0,189
2025-09-20,Saturday,12.0,176
2025-09-20,Saturday,13.0,174
2025-09-20,Saturday,14.0,204
2025-09-20,Saturday,15.0,185
2025-09-20,Saturday,16.0,186
2025-09-20,Saturday,17.0,197
2025-09-20,Saturday,18.0,219
2025-09-20,Saturday,19.0,222
2025-09-20,Saturday,20.0,215
2025-09-20,Saturday,21.0,207
2025-09-20,Saturday,22.0,199
2025-09-20,Saturday,23.0,146
2025-09-21,Sunday,,221
2025-09-21,Sunday,0.0,118
2025-09-21,Sunday,1.0,105
2025-09-21,Sunday,2.0,86
2025-09-21,Sunday,3.0,60
2025-09-21,Sunday,4.0,39
2025-09-21,Sunday,5.0,35
2025-09-21,Sunday,6.0,54
2025-09-21,Sunday,7.0,82
2025-09-21,Sunday,8.0,58
2025-09-21,Sunday,9.0,97
2025-09-21,Sunday,10.0,84
2025-09-21,Sunday,11.0,117
2025-09-21,Sunday,12.0,110
2025-09-21,Sunday,13.0,131
2025-09-21,Sunday,14.0,133
2025-09-21,Sunday,15.0,155
2025-09-21,Sunday,16.0,151
2025-09-21,Sunday,17.0,125
2025-09-21,Sunday,18.0,129
2025-09-21,Sunday,19.0,146
2025-09-21,Sunday,20.0,117
2025-09-21,Sunday,21.0,98
2025-09-21,Sunday,22.0,84
2025-09-21,Sunday,23.0,79
2025-09-22,Monday,,195
2025-09-22,Monday,0.0,41
2025-09-22,Monday,1.0,31
2025-09-22,Monday,2.0,21
2025-09-22,Monday,3.0,14
2025-09-22,Monday,4.0,16
2025-09-22,Monday,5.0,27
2025-09-22,Monday,6.0,52
2025-09-22,Monday,7.0,103
2025-09-22,Monday,8.0,154
2025-09-22,Monday,9.0,182
2025-09-22,Monday,10.0,171
2025-09-22,Monday,11.0,145
2025-09-22,Monday,12.0,164
2025-09-22,Monday,13.0,176
2025-09-22,Monday,14.0,186
2025-09-22,Monday,15.0,169
2025-09-22,Monday,16.0,151
2025-09-22,Monday,17.0,140
2025-09-22,Monday,18.0,114
2025-09-22,Monday,19.0,104
2025-09-22,Monday,20.0,115
2025-09-22,Monday,21.0,111
2025-09-22,Monday,22.0,118
2025-09-22,Monday,23.0,75
2025-09-23,Tuesday,,239
2025-09-23,Tuesday,0.0,43
2025-09-23,Tuesday,1.0,42
2025-09-23,Tuesday,2.0,29
2025-09-23,Tuesday,3.0,20
2025-09-23,Tuesday,4.0,18
2025-09-23,Tuesday,5.0,27
2025-09-23,Tuesday,6.0,37
2025-09-23,Tuesday,7.0,116
2025-09-23,Tuesday,8.0,160
2025-09-23,Tuesday,9.0,171
2025-09-23,Tuesday,10.0,164
2025-09-23,Tuesday,11.0,207
2025-09-23,Tuesday,12.0,166
2025-09-23,Tuesday,13.0,183
2025-09-23,Tuesday,14.0,167
2025-09-23,Tuesday,15.0,154
2025-09-23,Tuesday,16.0,129
2025-09-23,Tuesday,17.0,118
2025-09-23,Tuesday,18.0,111
2025-09-23,Tuesday,19.0,112
2025-09-23,Tuesday,20.0,104
2025-09-23,Tuesday,21.0,123
2025-09-23,Tuesday,22.0,84
2025-09-23,Tuesday,23.0,63
2025-09-24,Wednesday,,361
2025-09-24,Wednesday,0.0,45
2025-09-24,Wednesday,1.0,22
2025-09-24,Wednesday,2.0,14
2025-09-24,Wednesday,3.0,9
2025-09-24,Wednesday,4.0,16
2025-09-24,Wednesday,5.0,25
2025-09-24,Wednesday,6.0,40
2025-09-24,Wednesday,7.0,111
2025-09-24,Wednesday,8.0,163
2025-09-24,Wednesday,9.0,184
2025-09-24,Wednesday,10.0,161
2025-09-24,Wednesday,11.0,167
2025-09-24,Wednesday,12.0,141
2025-09-24,Wednesday,13.0,184
2025-09-24,Wednesday,14.0,176
2025-09-24,Wednesday,15.0,157
2025-09-24,Wednesday,16.0,125
2025-09-24,Wednesday,17.0,131
2025-09-24,Wednesday,18.0,146
2025-09-24,Wednesday,19.0,125
2025-09-24,Wednesday,20.0,97
2025-09-24,Wednesday,21.0,120
2025-09-24,Wednesday,22.0,109
2025-09-24,Wednesday,23.0,93
2025-09-25,Thursday,,274
2025-09-25,Thursday,0.0,58
2025-09-25,Thursday,1.0,43
2025-09-25,Thursday,2.0,24
2025-09-25,Thursday,3.0,13
2025-09-25,Thursday,4.0,14
2025-09-25,Thursday,5.0,32
2025-09-25,Thursday,6.0,46
2025-09-25,Thursday,7.0,106
2025-09-25,Thursday,8.0,156
2025-09-25,Thursday,9.0,196
2025-09-25,Thursday,10.0,165
2025-09-25,Thursday,11.0,177
2025-09-25,Thursday,12.0,159
2025-09-25,Thursday,13.0,175
2025-09-25,Thursday,14.0,170
2025-09-25,Thursday,15.0,208
2025-09-25,Thursday,16.0,148
2025-09-25,Thursday,17.0,123
2025-09-25,Thursday,18.0,166
2025-09-25,Thursday,19.0,120
2025-09-25,Thursday,20.0,115
2025-09-25,Thursday,21.0,122
2025-09-25,Thursday,22.0,106
2025-09-25,Thursday,23.0,85
2025-09-26,Friday,,356
2025-09-26,Friday,0.0,59
2025-09-26,Friday,1.0,50
2025-09-26,Friday,2.0,30
2025-09-26,Friday,3.0,15
2025-09-26,Friday,4.0,29
2025-09-26,Friday,5.0,34
2025-09-26,Friday,6.0,49
2025-09-26,Friday,7.0,118
2025-09-26,Friday,8.0,155
2025-09-26,Friday,9.0,180
2025-09-26,Friday,10.0,208
2025-09-26,Friday,11.0,232
2025-09-26,Friday,12.0,198
2025-09-26,Friday,13.0,186
2025-09-26,Friday,14.0,201
2025-09-26,Friday,15.0,137
2025-09-26,Friday,16.0,156
2025-09-26,Friday,17.0,173
2025-09-26,Friday,18.0,187
2025-09-26,Friday,19.0,203
2025-09-26,Friday,20.0,169
2025-09-26,Friday,21.0,171
2025-09-26,Friday,22.0,144
2025-09-26,Friday,23.0,128
2025-09-27,Saturday,,348
2025-09-27,Saturday,0.0,107
2025-09-27,Saturday,1.0,71
2025-09-27,Saturday,2.0,54
2025-09-27,Saturday,3.0,32
2025-09-27,Saturday,4.0,39
2025-09-27,Saturday,5.0,33
2025-09-27,Saturday,6.0,53
2025-09-27,Saturday,7.0,88
2025-09-27,Saturday,8.0,112
2025-09-27,Saturday,9.0,142
2025-09-27,Saturday,10.0,149
2025-09-27,Saturday,11.0,172
2025-09-27,Saturday,12.0,190
2025-09-27,Saturday,13.0,163
2025-09-27,Saturday,14.0,154
2025-09-27,Saturday,15.0,161
2025-09-27,Saturday,16.0,176
2025-09-27,Saturday,17.0,214
2025-09-27,Saturday,18.0,252
2025-09-27,Saturday,19.0,218
2025-09-27,Saturday,20.0,191
2025-09-27,Saturday,21.0,190
2025-09-27,Saturday,22.0,168
2025-09-27,Saturday,23.0,159
2025-09-28,Sunday,,332
2025-09-28,Sunday,0.0,135
2025-09-28,Sunday,1.0,102
2025-09-28,Sunday,2.0,78
2025-09-28,Sunday,3.0,61
2025-09-28,Sunday,4.0,37
2025-09-28,Sunday,5.0,27
2025-09-28,Sunday,6.0,29
2025-09-28,Sunday,7.0,64
2025-09-28,Sunday,8.0,65
2025-09-28,Sunday,9.0,76
2025-09-28,Sunday,10.0,104
2025-09-28,Sunday,11.0,104
2025-09-28,Sunday,12.0,124
2025-09-28,Sunday,13.0,133
2025-09-28,Sunday,14.0,128
2025-09-28,Sunday,15.0,156
2025-09-28,Sunday,16.0,130
2025-09-28,Sunday,17.0,138
2025-09-28,Sunday,18.0,138
2025-09-28,Sunday,19.0,118
2025-09-28,Sunday,20.0,122
2025-09-28,Sunday,21.0,127
2025-09-28,Sunday,22.0,102
2025-09-28,Sunday,23.0,75
2025-09-29,Monday,,240
2025-09-29,Monday,0.0,48
2025-09-29,Monday,1.0,38
2025-09-29,Monday,2.0,24
2025-09-29,Monday,3.0,14
2025-09-29,Monday,4.0,18
2025-09-29,Monday,5.0,19
2025-09-29,Monday,6.0,47
2025-09-29,Monday,7.0,120
2025-09-29,Monday,8.0,148
2025-09-29,Monday,9.0,180
2025-09-29,Monday,10.0,155
2025-09-29,Monday,11.0,168
2025-09-29,Monday,12.0,169
2025-09-29,Monday,13.0,173
2025-09-29,Monday,14.0,204
2025-09-29,Monday,15.0,181
2025-09-29,Monday,16.0,139
2025-09-29,Monday,17.0,129
2025-09-29,Monday,18.0,140
2025-09-29,Monday,19.0,141
2025-09-29,Monday,20.0,109
2025-09-29,Monday,21.0,79
2025-09-29,Monday,22.0,95
2025-09-29,Monday,23.0,56
2025-09-30,Tuesday,,216
2025-09-30,Tuesday,0.0,45
2025-09-30,Tuesday,1.0,38
2025-09-30,Tuesday,2.0,24
2025-09-30,Tuesday,3.0,15
2025-09-30,Tuesday,4.0,20
2025-09-30,Tuesday,5.0,22
2025-09-30,Tuesday,6.0,44
2025-09-30,Tuesday,7.0,106
2025-09-30,Tuesday,8.0,157
2025-09-30,Tuesday,9.0,175
2025-09-30,Tuesday,10.0,195
2025-09-30,Tuesday,11.0,201
2025-09-30,Tuesday,12.0,183
2025-09-30,Tuesday,13.0,164
2025-09-30,Tuesday,14.0,185
2025-09-30,Tuesday,15.0,181
2025-09-30,Tuesday,16.0,154
2025-09-30,Tuesday,17.0,133
2025-09-30,Tuesday,18.0,146
2025-09-30,Tuesday,19.0,135
2025-09-30,Tuesday,20.0,98
2025-09-30,Tuesday,21.0,96
2025-09-30,Tuesday,22.0,90
2025-09-30,Tuesday,23.0,45
2025-10-01,Wednesday,,289
2025-10-01,Wednesday,0.0,46
2025-10-01,Wednesday,1.0,26
2025-10-01,Wednesday,2.0,11
2025-10-01,Wednesday,3.0,8
2025-10-01,Wednesday,4.0,14
2025-10-01,Wednesday,5.0,31
2025-10-01,Wednesday,6.0,44
2025-10-01,Wednesday,7.0,115
2025-10-01,Wednesday,8.0,131
2025-10-01,Wednesday,9.0,198
2025-10-01,Wednesday,10.0,157
2025-10-01,Wednesday,11.0,155
2025-10-01,Wednesday,12.0,176
2025-10-01,Wednesday,13.0,178
2025-10-01,Wednesday,14.0,194
2025-10-01,Wednesday,15.0,168
2025-10-01,Wednesday,16.0,147
2025-10-01,Wednesday,17.0,145
2025-10-01,Wednesday,18.0,129
2025-10-01,Wednesday,19.0,117
2025-10-01,Wednesday,20.0,125
2025-10-01,Wednesday,21.0,117
2025-10-01,Wednesday,22.0,95
2025-10-01,Wednesday,23.0,60
2025-10-02,Thursday,,254
2025-10-02,Thursday,0.0,47
2025-10-02,Thursday,1.0,45
2025-10-02,Thursday,2.0,28
2025-10-02,Thursday,3.0,21
2025-10-02,Thursday,4.0,18
2025-10-02,Thursday,5.0,26
2025-10-02,Thursday,6.0,36
2025-10-02,Thursday,7.0,120
2025-10-02,Thursday,8.0,131
2025-10-02,Thursday,9.0,215
2025-10-02,Thursday,10.0,208
2025-10-02,Thursday,11.0,201
2025-10-02,Thursday,12.0,191
2025-10-02,Thursday,13.0,182
2025-10-02,Thursday,14.0,194
2025-10-02,Thursday,15.0,178
2025-10-02,Thursday,16.0,172
2025-10-02,Thursday,17.0,146
2025-10-02,Thursday,18.0,170
2025-10-02,Thursday,19.0,118
2025-10-02,Thursday,20.0,120
2025-10-02,Thursday,21.0,106
2025-10-02,Thursday,22.0,115
2025-10-02,Thursday,23.0,74
2025-10-03,Friday,,450
2025-10-03,Friday,0.0,58
2025-10-03,Friday,1.0,42
2025-10-03,Friday,2.0,21
2025-10-03,Friday,3.0,5
2025-10-03,Friday,4.0,14
2025-10-03,Friday,5.0,18
2025-10-03,Friday,6.0,35
2025-10-03,Friday,7.0,118
2025-10-03,Friday,8.0,162
2025-10-03,Friday,9.0,208
2025-10-03,Friday,10.0,260
2025-10-03,Friday,11.0,161
2025-10-03,Friday,12.0,108
2025-10-03,Friday,13.0,126
2025-10-03,Friday,14.0,166
2025-10-03,Friday,15.0,139
2025-10-03,Friday,16.0,111
2025-10-03,Friday,17.0,86
2025-10-03,Friday,18.0,86
2025-10-03,Friday,19.0,110
2025-10-03,Friday,20.0,95
2025-10-03,Friday,21.0,101
2025-10-03,Friday,22.0,115
2025-10-03,Friday,23.0,79
2025-10-04,Saturday,,353
2025-10-04,Saturday,0.0,76
2025-10-04,Saturday,1.0,45
2025-10-04,Saturday,2.0,45
2025-10-04,Saturday,3.0,36
2025-10-04,Saturday,4.0,23
2025-10-04,Saturday,5.0,35
2025-10-04,Saturday,6.0,38
2025-10-04,Saturday,7.0,69
2025-10-04,Saturday,8.0,89
2025-10-04,Saturday,9.0,120
2025-10-04,Saturday,10.0,131
2025-10-04,Saturday,11.0,157
2025-10-04,Saturday,12.0,157
2025-10-04,Saturday,13.0,178
2025-10-04,Saturday,14.0,197
2025-10-04,Saturday,15.0,192
2025-10-04,Saturday,16.0,202
2025-10-04,Saturday,17.0,223
2025-10-04,Saturday,18.0,194
2025-10-04,Saturday,19.0,218
2025-10-04,Saturday,20.0,201
2025-10-04,Saturday,21.0,185
2025-10-04,Saturday,22.0,179
2025-10-04,Saturday,23.0,147
2025-10-05,Sunday,,285
2025-10-05,Sunday,0.0,121
2025-10-05,Sunday,1.0,96
2025-10-05,Sunday,2.0,76
2025-10-05,Sunday,3.0,63
2025-10-05,Sunday,4.0,37
2025-10-05,Sunday,5.0,26
2025-10-05,Sunday,6.0,52
2025-10-05,Sunday,7.0,65
2025-10-05,Sunday,8.0,81
2025-10-05,Sunday,9.0,81
2025-10-05,Sunday,10.0,84
2025-10-05,Sunday,11.0,98
2025-10-05,Sunday,12.0,111
2025-10-05,Sunday,13.0,144
2025-10-05,Sunday,14.0,150
2025-10-05,Sunday,15.0,147
2025-10-05,Sunday,16.0,139
2025-10-05,Sunday,17.0,108
2025-10-05,Sunday,18.0,111
2025-10-05,Sunday,19.0,131
2025-10-05,Sunday,20.0,123
2025-10-05,Sunday,21.0,101
2025-10-05,Sunday,22.0,77
2025-10-05,Sunday,23.0,58
2025-10-06,Monday,,206
2025-10-06,Monday,0.0,45
2025-10-06,Monday,1.0,30
2025-10-06,Monday,2.0,29
2025-10-06,Monday,3.0,13
2025-10-06,Monday,4.0,15
2025-10-06,Monday,5.0,32
2025-10-06,Monday,6.0,52
2025-10-06,Monday,7.0,110
2025-10-06,Monday,8.0,128
2025-10-06,Monday,9.0,162
2025-10-06,Monday,10.0,189
2025-10-06,Monday,11.0,178
2025-10-06,Monday,12.0,166
2025-10-06,Monday,13.0,179
2025-10-06,Monday,14.0,174
2025-10-06,Monday,15.0,204
2025-10-06,Monday,16.0,196
2025-10-06,Monday,17.0,148
2025-10-06,Monday,18.0,134
2025-10-06,Monday,19.0,126
2025-10-06,Monday,20.0,101
2025-10-06,Monday,21.0,79
2025-10-06,Monday,22.0,116
2025-10-06,Monday,23.0,67
2025-10-07,Tuesday,,194
2025-10-07,Tuesday,0.0,55
2025-10-07,Tuesday,1.0,50
2025-10-07,Tuesday,2.0,23
2025-10-07,Tuesday,3.0,12
2025-10-07,Tuesday,4.0,7
2025-10-07,Tuesday,5.0,24
2025-10-07,Tuesday,6.0,32
2025-10-07,Tuesday,7.0,99
2025-10-07,Tuesday,8.0,146
2025-10-07,Tuesday,9.0,187
2025-10-07,Tuesday,10.0,164
2025-10-07,Tuesday,11.0,184
2025-10-07,Tuesday,12.0,168
2025-10-07,Tuesday,13.0,174
2025-10-07,Tuesday,14.0,182
2025-10-07,Tuesday,15.0,168
2025-10-07,Tuesday,16.0,164
2025-10-07,Tuesday,17.0,134
2025-10-07,Tuesday,18.0,128
2025-10-07,Tuesday,19.0,119
2025-10-07,Tuesday,20.0,85
2025-10-07,Tuesday,21.0,77
2025-10-07,Tuesday,22.0,76
2025-10-07,Tuesday,23.0,43
2025-10-08,Wednesday,,219
2025-10-08,Wednesday,0.0,45
2025-10-08,Wednesday,1.0,40
2025-10-08,Wednesday,2.0,18
2025-10-08,Wednesday,3.0,16
2025-10-08,Wednesday,4.0,19
2025-10-08,Wednesday,5.0,23
2025-10-08,Wednesday,6.0,47
2025-10-08,Wednesday,7.0,104
2025-10-08,Wednesday,8.0,151
2025-10-08,Wednesday,9.0,193
2025-10-08,Wednesday,10.0,180
2025-10-08,Wednesday,11.0,155
2025-10-08,Wednesday,12.0,169
2025-10-08,Wednesday,13.0,199
2025-10-08,Wednesday,14.0,190
2025-10-08,Wednesday,15.0,168
2025-10-08,Wednesday,16.0,146
2025-10-08,Wednesday,17.0,130
2025-10-08,Wednesday,18.0,137
2025-10-08,Wednesday,19.0,122
2025-10-08,Wednesday,20.0,100
2025-10-08,Wednesday,21.0,104
2025-10-08,Wednesday,22.0,93
2025-10-08,Wednesday,23.0,63
2025-10-09,Thursday,,241
2025-10-09,Thursday,0.0,52
2025-10-09,Thursday,1.0,45
2025-10-09,Thursday,2.0,32
2025-10-09,Thursday,3.0,10
2025-10-09,Thursday,4.0,13
2025-10-09,Thursday,5.0,29
2025-10-09,Thursday,6.0,39
2025-10-09,Thursday,7.0,111
2025-10-09,Thursday,8.0,147
2025-10-09,Thursday,9.0,193
2025-10-09,Thursday,10.0,171
2025-10-09,Thursday,11.0,166
2025-10-09,Thursday,12.0,162
2025-10-09,Thursday,13.0,192
2025-10-09,Thursday,14.0,185
2025-10-09,Thursday,15.0,212
2025-10-09,Thursday,16.0,164
2025-10-09,Thursday,17.0,142
2025-10-09,Thursday,18.0,135
2025-10-09,Thursday,19.0,132
2025-10-09,Thursday,20.0,116
2025-10-09,Thursday,21.0,93
2025-10-09,Thursday,22.0,88
2025-10-09,Thursday,23.0,70
2025-10-10,Friday,,314
2025-10-10,Friday,0.0,52
2025-10-10,Friday,1.0,30
2025-10-10,Friday,2.0,25
2025-10-10,Friday,3.0,11
2025-10-10,Friday,4.0,15
2025-10-10,Friday,5.0,26
2025-10-10,Friday,6.0,41
2025-10-10,Friday,7.0,121
2025-10-10,Friday,8.0,152
2025-10-10,Friday,9.0,198
2025-10-10,Friday,10.0,196
2025-10-10,Friday,11.0,228
2025-10-10,Friday,12.0,211
2025-10-10,Friday,13.0,199
2025-10-10,Friday,14.0,205
2025-10-10,Friday,15.0,176
2025-10-10,Friday,16.0,182
2025-10-10,Friday,17.0,172
2025-10-10,Friday,18.0,167
2025-10-10,Friday,19.0,195
2025-10-10,Friday,20.0,192
2025-10-10,Friday,21.0,159
2025-10-10,Friday,22.0,151
2025-10-10,Friday,23.0,111
2025-10-11,Saturday,,276
2025-10-11,Saturday,0.0,104
2025-10-11,Saturday,1.0,80
2025-10-11,Saturday,2.0,60
2025-10-11,Saturday,3.0,37
2025-10-11,Saturday,4.0,35
2025-10-11,Saturday,5.0,35
2025-10-11,Saturday,6.0,48
2025-10-11,Saturday,7.0,89
2025-10-11,Saturday,8.0,90
2025-10-11,Saturday,9.0,121
2025-10-11,Saturday,10.0,131
2025-10-11,Saturday,11.0,160
2025-10-11,Saturday,12.0,165
2025-10-11,Saturday,13.0,163
2025-10-11,Saturday,14.0,171
2025-10-11,Saturday,15.0,187
2025-10-11,Saturday,16.0,197
2025-10-11,Saturday,17.0,175
2025-10-11,Saturday,18.0,199
2025-10-11,Saturday,19.0,226
2025-10-11,Saturday,20.0,215
2025-10-11,Saturday,21.0,195
2025-10-11,Saturday,22.0,180
2025-10-11,Saturday,23.0,171
2025-10-12,Sunday,,181
2025-10-12,Sunday,0.0,115
2025-10-12,Sunday,1.0,107
2025-10-12,Sunday,2.0,84
2025-10-12,Sunday,3.0,67
2025-10-12,Sunday,4.0,32
2025-10-12,Sunday,5.0,40
2025-10-12,Sunday,6.0,42
2025-10-12,Sunday,7.0,71
2025-10-12,Sunday,8.0,67
2025-10-12,Sunday,9.0,73
2025-10-12,Sunday,10.0,84
2025-10-12,Sunday,11.0,109
2025-10-12,Sunday,12.0,107
2025-10-12,Sunday,13.0,126
2025-10-12,Sunday,14.0,153
2025-10-12,Sunday,15.0,148
2025-10-12,Sunday,16.0,110
2025-10-12,Sunday,17.0,137
2025-10-12,Sunday,18.0,124
2025-10-12,Sunday,19.0,123
2025-10-12,Sunday,20.0,108
2025-10-12,Sunday,21.0,104
2025-10-12,Sunday,22.0,86
2025-10-12,Sunday,23.0,68
2025-10-13,Monday,,218
2025-10-13,Monday,0.0,43
2025-10-13,Monday,1.0,40
2025-10-13,Monday,2.0,19
2025-10-13,Monday,3.0,10
2025-10-13,Monday,4.0,15
2025-10-13,Monday,5.0,31
2025-10-13,Monday,6.0,43
2025-10-13,Monday,7.0,93
2025-10-13,Monday,8.0,124
2025-10-13,Monday,9.0,189
2025-10-13,Monday,10.0,180
2025-10-13,Monday,11.0,179
2025-10-13,Monday,12.0,150
2025-10-13,Monday,13.0,183
2025-10-13,Monday,14.0,191
2025-10-13,Monday,15.0,179
2025-10-13,Monday,16.0,169
2025-10-13,Monday,17.0,126
2025-10-13,Monday,18.0,135
2025-10-13,Monday,19.0,102
2025-10-13,Monday,20.0,94
2025-10-13,Monday,21.0,74
2025-10-13,Monday,22.0,100
2025-10-13,Monday,23.0,68
2025-10-14,Tuesday,,182
2025-10-14,Tuesday,0.0,43
2025-10-14,Tuesday,1.0,49
2025-10-14,Tuesday,2.0,38
2025-10-14,Tuesday,3.0,12
2025-10-14,Tuesday,4.0,16
2025-10-14,Tuesday,5.0,19
2025-10-14,Tuesday,6.0,46
2025-10-14,Tuesday,7.0,97
2025-10-14,Tuesday,8.0,138
2025-10-14,Tuesday,9.0,205
2025-10-14,Tuesday,10.0,185
2025-10-14,Tuesday,11.0,171
2025-10-14,Tuesday,12.0,161
2025-10-14,Tuesday,13.0,187
2025-10-14,Tuesday,14.0,180
2025-10-14,Tuesday,15.0,165
2025-10-14,Tuesday,16.0,157
2025-10-14,Tuesday,17.0,142
2025-10-14,Tuesday,18.0,117
2025-10-14,Tuesday,19.0,109
2025-10-14,Tuesday,20.0,94
2025-10-14,Tuesday,21.0,68
2025-10-14,Tuesday,22.0,82
2025-10-14,Tuesday,23.0,46
2025-10-15,Wednesday,,168
2025-10-15,Wednesday,0.0,43
2025-10-15,Wednesday,1.0,23
2025-10-15,Wednesday,2.0,18
2025-10-15,Wednesday,3.0,7
2025-10-15,Wednesday,4.0,10
2025-10-15,Wednesday,5.0,24
2025-10-15,Wednesday,6.0,44
2025-10-15,Wednesday,7.0,102
2025-10-15,Wednesday,8.0,164
2025-10-15,Wednesday,9.0,188
2025-10-15,Wednesday,10.0,171
2025-10-15,Wednesday,11.0,190
2025-10-15,Wednesday,12.0,179
2025-10-15,Wednesday,13.0,194
2025-10-15,Wednesday,14.0,193
2025-10-15,Wednesday,15.0,194
2025-10-15,Wednesday,16.0,171
2025-10-15,Wednesday,17.0,138
2025-10-15,Wednesday,18.0,144
2025-10-15,Wednesday,19.0,122
2025-10-15,Wednesday,20.0,115
2025-10-15,Wednesday,21.0,87
2025-10-15,Wednesday,22.0,116
2025-10-15,Wednesday,23.0,59
2025-10-16,Thursday,,237
2025-10-16,Thursday,0.0,49
2025-10-16,Thursday,1.0,40
2025-10-16,Thursday,2.0,20
2025-10-16,Thursday,3.0,13
2025-10-16,Thursday,4.0,12
2025-10-16,Thursday,5.0,18
2025-10-16,Thursday,6.0,44
2025-10-16,Thursday,7.0,99
2025-10-16,Thursday,8.0,138
2025-10-16,Thursday,9.0,193
2025-10-16,Thursday,10.0,196
2025-10-16,Thursday,11.0,154
2025-10-16,Thursday,12.0,162
2025-10-16,Thursday,13.0,215
2025-10-16,Thursday,14.0,226
2025-10-16,Thursday,15.0,219
2025-10-16,Thursday,16.0,158
2025-10-16,Thursday,17.0,144
2025-10-16,Thursday,18.0,162
2025-10-16,Thursday,19.0,120
2025-10-16,Thursday,20.0,108
2025-10-16,Thursday,21.0,88
2025-10-16,Thursday,22.0,90
2025-10-16,Thursday,23.0,60
2025-10-17,Friday,,289
2025-10-17,Friday,0.0,39
2025-10-17,Friday,1.0,39
2025-10-17,Friday,2.0,18
2025-10-17,Friday,3.0,9
2025-10-17,Friday,4.0,11
2025-10-17,Friday,5.0,30
2025-10-17,Friday,6.0,50
2025-10-17,Friday,7.0,98
2025-10-17,Friday,8.0,166
2025-10-17,Friday,9.0,200
2025-10-17,Friday,10.0,202
2025-10-17,Friday,11.0,197
2025-10-17,Friday,12.0,185
2025-10-17,Friday,13.0,202
2025-10-17,Friday,14.0,223
2025-10-17,Friday,15.0,165
2025-10-17,Friday,16.0,150
2025-10-17,Friday,17.0,142
2025-10-17,Friday,18.0,191
2025-10-17,Friday,19.0,201
2025-10-17,Friday,20.0,165
2025-10-17,Friday,21.0,157
2025-10-17,Friday,22.0,147
2025-10-17,Friday,23.0,116
2025-10-18,Saturday,,211
2025-10-18,Saturday,0.0,127
2025-10-18,Saturday,1.0,85
2025-10-18,Saturday,2.0,54
2025-10-18,Saturday,3.0,41
2025-10-18,Saturday,4.0,26
2025-10-18,Saturday,5.0,24
2025-10-18,Saturday,6.0,56
2025-10-18,Saturday,7.0,70
2025-10-18,Saturday,8.0,101
2025-10-18,Saturday,9.0,125
2025-10-18,Saturday,10.0,129
2025-10-18,Saturday,11.0,170
2025-10-18,Saturday,12.0,168
2025-10-18,Saturday,13.0,172
2025-10-18,Saturday,14.0,189
2025-10-18,Saturday,15.0,201
2025-10-18,Saturday,16.0,197
2025-10-18,Saturday,17.0,188
2025-10-18,Saturday,18.0,192
2025-10-18,Saturday,19.0,226
2025-10-18,Saturday,20.0,210
2025-10-18,Saturday,21.0,204
2025-10-18,Saturday,22.0,204
2025-10-18,Saturday,23.0,166
2025-10-19,Sunday,,281
2025-10-19,Sunday,0.0,125
2025-10-19,Sunday,1.0,115
2025-10-19,Sunday,2.0,92
2025-10-19,Sunday,3.0,54
2025-10-19,Sunday,4.0,38
2025-10-19,Sunday,5.0,28
2025-10-19,Sunday,6.0,52
2025-10-19,Sunday,7.0,71
2025-10-19,Sunday,8.0,75
2025-10-19,Sunday,9.0,82
2025-10-19,Sunday,10.0,102
2025-10-19,Sunday,11.0,108
2025-10-19,Sunday,12.0,128
2025-10-19,Sunday,13.0,136
2025-10-19,Sunday,14.0,153
2025-10-19,Sunday,15.0,152
2025-10-19,Sunday,16.0,133
2025-10-19,Sunday,17.0,110
2025-10-19,Sunday,18.0,130
2025-10-19,Sunday,19.0,138
2025-10-19,Sunday,20.0,128
2025-10-19,Sunday,21.0,114
2025-10-19,Sunday,22.0,78
2025-10-19,Sunday,23.0,79
2025-10-20,Monday,,296
2025-10-20,Monday,0.0,60
2025-10-20,Monday,1.0,44
2025-10-20,Monday,2.0,32
2025-10-20,Monday,3.0,12
2025-10-20,Monday,4.0,22
2025-10-20,Monday,5.0,24
2025-10-20,Monday,6.0,52
2025-10-20,Monday,7.0,92
2025-10-20,Monday,8.0,113
2025-10-20,Monday,9.0,180
2025-10-20,Monday,10.0,177
2025-10-20,Monday,11.0,200
2025-10-20,Monday,12.0,160
2025-10-20,Monday,13.0,158
2025-10-20,Monday,14.0,215
2025-10-20,Monday,15.0,187
2025-10-20,Monday,16.0,156
2025-10-20,Monday,17.0,147
2025-10-20,Monday,18.0,164
2025-10-20,Monday,19.0,123
2025-10-20,Monday,20.0,116
2025-10-20,Monday,21.0,93
2025-10-20,Monday,22.0,107
2025-10-20,Monday,23.0,49
2025-10-21,Tuesday,,235
2025-10-21,Tuesday,0.0,56
2025-10-21,Tuesday,1.0,40
2025-10-21,Tuesday,2.0,22
2025-10-21,Tuesday,3.0,13
2025-10-21,Tuesday,4.0,12
2025-10-21,Tuesday,5.0,31
2025-10-21,Tuesday,6.0,50
2025-10-21,Tuesday,7.0,103
2025-10-21,Tuesday,8.0,142
2025-10-21,Tuesday,9.0,208
2025-10-21,Tuesday,10.0,200
2025-10-21,Tuesday,11.0,204
2025-10-21,Tuesday,12.0,188
2025-10-21,Tuesday,13.0,191
2025-10-21,Tuesday,14.0,218
2025-10-21,Tuesday,15.0,193
2025-10-21,Tuesday,16.0,181
2025-10-21,Tuesday,17.0,145
2025-10-21,Tuesday,18.0,146
2025-10-21,Tuesday,19.0,123
2025-10-21,Tuesday,20.0,98
2025-10-21,Tuesday,21.0,83
2025-10-21,Tuesday,22.0,79
2025-10-21,Tuesday,23.0,41
2025-10-22,Wednesday,,340
2025-10-22,Wednesday,0.0,30
2025-10-22,Wednesday,1.0,27
2025-10-22,Wednesday,2.0,24
2025-10-22,Wednesday,3.0,11
2025-10-22,Wednesday,4.0,14
2025-10-22,Wednesday,5.0,24
2025-10-22,Wednesday,6.0,34
2025-10-22,Wednesday,7.0,113
2025-10-22,Wednesday,8.0,144
2025-10-22,Wednesday,9.0,210
2025-10-22,Wednesday,10.0,160
2025-10-22,Wednesday,11.0,186
2025-10-22,Wednesday,12.0,181
2025-10-22,Wednesday,13.0,220
2025-10-22,Wednesday,14.0,215
2025-10-22,Wednesday,15.0,200
2025-10-22,Wednesday,16.0,144
2025-10-22,Wednesday,17.0,141
2025-10-22,Wednesday,18.0,136
2025-10-22,Wednesday,19.0,148
2025-10-22,Wednesday,20.0,114
2025-10-22,Wednesday,21.0,80
2025-10-22,Wednesday,22.0,108
2025-10-22,Wednesday,23.0,60
2025-10-23,Thursday,,338
2025-10-23,Thursday,0.0,45
2025-10-23,Thursday,1.0,44
2025-10-23,Thursday,2.0,17
2025-10-23,Thursday,3.0,8
2025-10-23,Thursday,4.0,11
2025-10-23,Thursday,5.0,24
2025-10-23,Thursday,6.0,33
2025-10-23,Thursday,7.0,103
2025-10-23,Thursday,8.0,143
2025-10-23,Thursday,9.0,192
2025-10-23,Thursday,10.0,193
2025-10-23,Thursday,11.0,191
2025-10-23,Thursday,12.0,200
2025-10-23,Thursday,13.0,184
2025-10-23,Thursday,14.0,191
2025-10-23,Thursday,15.0,203
2025-10-23,Thursday,16.0,158
2025-10-23,Thursday,17.0,139
2025-10-23,Thursday,18.0,148
2025-10-23,Thursday,19.0,161
2025-10-23,Thursday,20.0,136
2025-10-23,Thursday,21.0,98
2025-10-23,Thursday,22.0,97
2025-10-23,Thursday,23.0,62
2025-10-24,Friday,,310
2025-10-24,Friday,0.0,55
2025-10-24,Friday,1.0,43
2025-10-24,Friday,2.0,27
2025-10-24,Friday,3.0,16
2025-10-24,Friday,4.0,14
2025-10-24,Friday,5.0,27
2025-10-24,Friday,6.0,51
2025-10-24,Friday,7.0,116
2025-10-24,Friday,8.0,176
2025-10-24,Friday,9.0,221
2025-10-24,Friday,10.0,196
2025-10-24,Friday,11.0,229
2025-10-24,Friday,12.0,186
2025-10-24,Friday,13.0,207
2025-10-24,Friday,14.0,225
2025-10-24,Friday,15.0,154
2025-10-24,Friday,16.0,188
2025-10-24,Friday,17.0,172
2025-10-24,Friday,18.0,192
2025-10-24,Friday,19.0,209
2025-10-24,Friday,20.0,148
2025-10-24,Friday,21.0,154
2025-10-24,Friday,22.0,156
2025-10-24,Friday,23.0,115
2025-10-25,Saturday,,312
2025-10-25,Saturday,0.0,107
2025-10-25,Saturday,1.0,93
2025-10-25,Saturday,2.0,56
2025-10-25,Saturday,3.0,30
2025-10-25,Saturday,4.0,31
2025-10-25,Saturday,5.0,36
2025-10-25,Saturday,6.0,42
2025-10-25,Saturday,7.0,87
2025-10-25,Saturday,8.0,111
2025-10-25,Saturday,9.0,126
2025-10-25,Saturday,10.0,153
2025-10-25,Saturday,11.0,185
2025-10-25,Saturday,12.0,169
2025-10-25,Saturday,13.0,172
2025-10-25,Saturday,14.0,219
2025-10-25,Saturday,15.0,216
2025-10-25,Saturday,16.0,217
2025-10-25,Saturday,17.0,222
2025-10-25,Saturday,18.0,208
2025-10-25,Saturday,19.0,230
2025-10-25,Saturday,20.0,214
2025-10-25,Saturday,21.0,185
2025-10-25,Saturday,22.0,193
2025-10-25,Saturday,23.0,159
2025-10-26,Sunday,,340
2025-10-26,Sunday,0.0,143
2025-10-26,Sunday,1.0,124
2025-10-26,Sunday,2.0,59
2025-10-26,Sunday,3.0,38
2025-10-26,Sunday,4.0,29
2025-10-26,Sunday,5.0,31
2025-10-26,Sunday,6.0,45
2025-10-26,Sunday,7.0,75
2025-10-26,Sunday,8.0,61
2025-10-26,Sunday,9.0,88
2025-10-26,Sunday,10.0,78
2025-10-26,Sunday,11.0,116
2025-10-26,Sunday,12.0,123
2025-10-26,Sunday,13.0,130
2025-10-26,Sunday,14.0,126
2025-10-26,Sunday,15.0,144
2025-10-26,Sunday,16.0,139
2025-10-26,Sunday,17.0,116
2025-10-26,Sunday,18.0,141
2025-10-26,Sunday,19.0,123
2025-10-26,Sunday,20.0,122
2025-10-26,Sunday,21.0,99
2025-10-26,Sunday,22.0,95
2025-10-26,Sunday,23.0,61
2025-10-27,Monday,,262
2025-10-27,Monday,0.0,35
2025-10-27,Monday,1.0,38
2025-10-27,Monday,2.0,24
2025-10-27,Monday,3.0,14
2025-10-27,Monday,4.0,19
2025-10-27,Monday,5.0,30
2025-10-27,Monday,6.0,43
2025-10-27,Monday,7.0,117
2025-10-27,Monday,8.0,154
2025-10-27,Monday,9.0,163
2025-10-27,Monday,10.0,172
2025-10-27,Monday,11.0,169
2025-10-27,Monday,12.0,170
2025-10-27,Monday,13.0,173
2025-10-27,Monday,14.0,173
2025-10-27,Monday,15.0,198
2025-10-27,Monday,16.0,156
2025-10-27,Monday,17.0,128
2025-10-27,Monday,18.0,149
2025-10-27,Monday,19.0,172
2025-10-27,Monday,20.0,104
2025-10-27,Monday,21.0,91
2025-10-27,Monday,22.0,100
2025-10-27,Monday,23.0,85
2025-10-28,Tuesday,,292
2025-10-28,Tuesday,0.0,53
2025-10-28,Tuesday,1.0,45
2025-10-28,Tuesday,2.0,25
2025-10-28,Tuesday,3.0,10
2025-10-28,Tuesday,4.0,12
2025-10-28,Tuesday,5.0,27
2025-10-28,Tuesday,6.0,46
2025-10-28,Tuesday,7.0,95
2025-10-28,Tuesday,8.0,147
2025-10-28,Tuesday,9.0,177
2025-10-28,Tuesday,10.0,181
2025-10-28,Tuesday,11.0,212
2025-10-28,Tuesday,12.0,151
2025-10-28,Tuesday,13.0,159
2025-10-28,Tuesday,14.0,179
2025-10-28,Tuesday,15.0,169
2025-10-28,Tuesday,16.0,128
2025-10-28,Tuesday,17.0,117
2025-10-28,Tuesday,18.0,137
2025-10-28,Tuesday,19.0,120
2025-10-28,Tuesday,20.0,99
2025-10-28,Tuesday,21.0,109
2025-10-28,Tuesday,22.0,124
2025-10-28,Tuesday,23.0,53
2025-10-29,Wednesday,,324
2025-10-29,Wednesday,0.0,50
2025-10-29,Wednesday,1.0,32
2025-10-29,Wednesday,2.0,20
2025-10-29,Wednesday,3.0,20
2025-10-29,Wednesday,4.0,18
2025-10-29,Wednesday,5.0,30
2025-10-29,Wednesday,6.0,46
2025-10-29,Wednesday,7.0,99
2025-10-29,Wednesday,8.0,192
2025-10-29,Wednesday,9.0,164
2025-10-29,Wednesday,10.0,191
2025-10-29,Wednesday,11.0,196
2025-10-29,Wednesday,12.0,188
2025-10-29,Wednesday,13.0,214
2025-10-29,Wednesday,14.0,197
2025-10-29,Wednesday,15.0,192
2025-10-29,Wednesday,16.0,165
2025-10-29,Wednesday,17.0,124
2025-10-29,Wednesday,18.0,86
2025-10-29,Wednesday,19.0,105
2025-10-29,Wednesday,20.0,85
2025-10-29,Wednesday,21.0,96
2025-10-29,Wednesday,22.0,109
2025-10-29,Wednesday,23.0,93
2025-10-30,Thursday,,358
2025-10-30,Thursday,0.0,53
2025-10-30,Thursday,1.0,42
2025-10-30,Thursday,2.0,32
2025-10-30,Thursday,3.0,11
2025-10-30,Thursday,4.0,10
2025-10-30,Thursday,5.0,32
2025-10-30,Thursday,6.0,58
2025-10-30,Thursday,7.0,108
2025-10-30,Thursday,8.0,129
2025-10-30,Thursday,9.0,161
2025-10-30,Thursday,10.0,232
2025-10-30,Thursday,11.0,185
2025-10-30,Thursday,12.0,186
2025-10-30,Thursday,13.0,187
2025-10-30,Thursday,14.0,196
2025-10-30,Thursday,15.0,178
2025-10-30,Thursday,16.0,179
2025-10-30,Thursday,17.0,129
2025-10-30,Thursday,18.0,154
2025-10-30,Thursday,19.0,149
2025-10-30,Thursday,20.0,153
2025-10-30,Thursday,21.0,134
2025-10-30,Thursday,22.0,133
2025-10-30,Thursday,23.0,85
2025-10-31,Friday,,299
2025-10-31,Friday,0.0,79
2025-10-31,Friday,1.0,64
2025-10-31,Friday,2.0,34
2025-10-31,Friday,3.0,18
2025-10-31,Friday,4.0,18
2025-10-31,Friday,5.0,28
2025-10-31,Friday,6.0,57
2025-10-31,Friday,7.0,91
2025-10-31,Friday,8.0,136
2025-10-31,Friday,9.0,167
2025-10-31,Friday,10.0,193
2025-10-31,Friday,11.0,211
2025-10-31,Friday,12.0,198
2025-10-31,Friday,13.0,182
2025-10-31,Friday,14.0,190
2025-10-31,Friday,15.0,176
2025-10-31,Friday,16.0,137
2025-10-31,Friday,17.0,93
2025-10-31,Friday,18.0,95
2025-10-31,Friday,19.0,76
2025-10-31,Friday,20.0,72
2025-10-31,Friday,21.0,72
2025-10-31,Friday,22.0,127
2025-10-31,Friday,23.0,122
2025-11-01,Saturday,,498
2025-11-01,Saturday,0.0,121
2025-11-01,Saturday,1.0,85
2025-11-01,Saturday,2.0,70
2025-11-01,Saturday,3.0,55
2025-11-01,Saturday,4.0,63
2025-11-01,Saturday,5.0,49
2025-11-01,Saturday,6.0,76
2025-11-01,Saturday,7.0,101
2025-11-01,Saturday,8.0,114
2025-11-01,Saturday,9.0,155
2025-11-01,Saturday,10.0,170
2025-11-01,Saturday,11.0,177
2025-11-01,Saturday,12.0,171
2025-11-01,Saturday,13.0,189
2025-11-01,Saturday,14.0,179
2025-11-01,Saturday,15.0,191
2025-11-01,Saturday,16.0,180
2025-11-01,Saturday,17.0,183
2025-11-01,Saturday,18.0,181
2025-11-01,Saturday,19.0,211
2025-11-01,Saturday,20.0,185
2025-11-01,Saturday,21.0,175
2025-11-01,Saturday,22.0,175
2025-11-01,Saturday,23.0,156
2025-11-02,Sunday,,227
2025-11-02,Sunday,0.0,116
2025-11-02,Sunday,1.0,81
2025-11-02,Sunday,2.0,77
2025-11-02,Sunday,3.0,39
2025-11-02,Sunday,4.0,44
2025-11-02,Sunday,5.0,33
2025-11-02,Sunday,6.0,50
2025-11-02,Sunday,7.0,75
2025-11-02,Sunday,8.0,69
2025-11-02,Sunday,9.0,70
2025-11-02,Sunday,10.0,79
2025-11-02,Sunday,11.0,93
2025-11-02,Sunday,12.0,133
2025-11-02,Sunday,13.0,134
2025-11-02,Sunday,14.0,166
2025-11-02,Sunday,15.0,142
2025-11-02,Sunday,16.0,120
2025-11-02,Sunday,17.0,118
2025-11-02,Sunday,18.0,128
2025-11-02,Sunday,19.0,137
2025-11-02,Sunday,20.0,118
2025-11-02,Sunday,21.0,113
2025-11-02,Sunday,22.0,91
2025-11-02,Sunday,23.0,61
2025-11-03,Monday,,232
2025-11-03,Monday,0.0,47
2025-11-03,Monday,1.0,33
2025-11-03,Monday,2.0,28
2025-11-03,Monday,3.0,20
2025-11-03,Monday,4.0,17
2025-11-03,Monday,5.0,32
2025-11-03,Monday,6.0,46
2025-11-03,Monday,7.0,98
2025-11-03,Monday,8.0,151
2025-11-03,Monday,9.0,172
2025-11-03,Monday,10.0,179
2025-11-03,Monday,11.0,177
2025-11-03,Monday,12.0,185
2025-11-03,Monday,13.0,213
2025-11-03,Monday,14.0,190
2025-11-03,Monday,15.0,171
2025-11-03,Monday,16.0,164
2025-11-03,Monday,17.0,119
2025-11-03,Monday,18.0,121
2025-11-03,Monday,19.0,129
2025-11-03,Monday,20.0,89
2025-11-03,Monday,21.0,75
2025-11-03,Monday,22.0,87
2025-11-03,Monday,23.0,52
2025-11-04,Tuesday,,183
2025-11-04,Tuesday,0.0,40
2025-11-04,Tuesday,1.0,33
2025-11-04,Tuesday,2.0,19
2025-11-04,Tuesday,3.0,2
2025-11-04,Tuesday,4.0,16
2025-11-04,Tuesday,5.0,31
2025-11-04,Tuesday,6.0,38
2025-11-04,Tuesday,7.0,106
2025-11-04,Tuesday,8.0,152
2025-11-04,Tuesday,9.0,196
2025-11-04,Tuesday,10.0,162
2025-11-04,Tuesday,11.0,168
2025-11-04,Tuesday,12.0,168
2025-11-04,Tuesday,13.0,176
2025-11-04,Tuesday,14.0,193
2025-11-04,Tuesday,15.0,209
2025-11-04,Tuesday,16.0,179
2025-11-04,Tuesday,17.0,167
2025-11-04,Tuesday,18.0,131
2025-11-04,Tuesday,19.0,140
2025-11-04,Tuesday,20.0,89
2025-11-04,Tuesday,21.0,83
2025-11-04,Tuesday,22.0,90
2025-11-04,Tuesday,23.0,47
2025-11-05,Wednesday,,192
2025-11-05,Wednesday,0.0,46
2025-11-05,Wednesday,1.0,29
2025-11-05,Wednesday,2.0,15
2025-11-05,Wednesday,3.0,5
2025-11-05,Wednesday,4.0,15
2025-11-05,Wednesday,5.0,26
2025-11-05,Wednesday,6.0,56
2025-11-05,Wednesday,7.0,101
2025-11-05,Wednesday,8.0,126
2025-11-05,Wednesday,9.0,207
2025-11-05,Wednesday,10.0,166
2025-11-05,Wednesday,11.0,189
2025-11-05,Wednesday,12.0,174
2025-11-05,Wednesday,13.0,204
2025-11-05,Wednesday,14.0,189
2025-11-05,Wednesday,15.0,219
2025-11-05,Wednesday,16.0,138
2025-11-05,Wednesday,17.0,118
2025-11-05,Wednesday,18.0,150
2025-11-05,Wednesday,19.0,119
2025-11-05,Wednesday,20.0,106
2025-11-05,Wednesday,21.0,85
2025-11-05,Wednesday,22.0,73
2025-11-05,Wednesday,23.0,38
2025-11-06,Thursday,,180
2025-11-06,Thursday,0.0,44
2025-11-06,Thursday,1.0,37
2025-11-06,Thursday,2.0,23
2025-11-06,Thursday,3.0,16
2025-11-06,Thursday,4.0,13
2025-11-06,Thursday,5.0,31
2025-11-06,Thursday,6.0,39
2025-11-06,Thursday,7.0,113
2025-11-06,Thursday,8.0,160
2025-11-06,Thursday,9.0,144
2025-11-06,Thursday,10.0,166
2025-11-06,Thursday,11.0,175
2025-11-06,Thursday,12.0,145
2025-11-06,Thursday,13.0,178
2025-11-06,Thursday,14.0,202
2025-11-06,Thursday,15.0,185
2025-11-06,Thursday,16.0,161
2025-11-06,Thursday,17.0,150
2025-11-06,Thursday,18.0,150
2025-11-06,Thursday,19.0,144
2025-11-06,Thursday,20.0,116
2025-11-06,Thursday,21.0,95
2025-11-06,Thursday,22.0,92
2025-11-06,Thursday,23.0,67
2025-11-07,Friday,,275
2025-11-07,Friday,0.0,57
2025-11-07,Friday,1.0,36
2025-11-07,Friday,2.0,14
2025-11-07,Friday,3.0,14
2025-11-07,Friday,4.0,17
2025-11-07,Friday,5.0,28
2025-11-07,Friday,6.0,48
2025-11-07,Friday,7.0,123
2025-11-07,Friday,8.0,151
2025-11-07,Friday,9.0,163
2025-11-07,Friday,10.0,175
2025-11-07,Friday,11.0,221
2025-11-07,Friday,12.0,193
2025-11-07,Friday,13.0,211
2025-11-07,Friday,14.0,194
2025-11-07,Friday,15.0,167
2025-11-07,Friday,16.0,162
2025-11-07,Friday,17.0,163
2025-11-07,Friday,18.0,201
2025-11-07,Friday,19.0,203
2025-11-07,Friday,20.0,151
2025-11-07,Friday,21.0,151
2025-11-07,Friday,22.0,162
2025-11-07,Friday,23.0,128
2025-11-08,Saturday,,248
2025-11-08,Saturday,0.0,120
2025-11-08,Saturday,1.0,84
2025-11-08,Saturday,2.0,63
2025-11-08,Saturday,3.0,39
2025-11-08,Saturday,4.0,23
2025-11-08,Saturday,5.0,32
2025-11-08,Saturday,6.0,41
2025-11-08,Saturday,7.0,102
2025-11-08,Saturday,8.0,82
2025-11-08,Saturday,9.0,121
2025-11-08,Saturday,10.0,137
2025-11-08,Saturday,11.0,186
2025-11-08,Saturday,12.0,167
2025-11-08,Saturday,13.0,182
2025-11-08,Saturday,14.0,186
2025-11-08,Saturday,15.0,181
2025-11-08,Saturday,16.0,187
2025-11-08,Saturday,17.0,204
2025-11-08,Saturday,18.0,218
2025-11-08,Saturday,19.0,252
2025-11-08,Saturday,20.0,215
2025-11-08,Saturday,21.0,209
2025-11-08,Saturday,22.0,171
2025-11-08,Saturday,23.0,138
2025-11-09,Sunday,,258
2025-11-09,Sunday,0.0,115
2025-11-09,Sunday,1.0,95
2025-11-09,Sunday,2.0,74
2025-11-09,Sunday,3.0,49
2025-11-09,Sunday,4.0,42
2025-11-09,Sunday,5.0,34
2025-11-09,Sunday,6.0,48
2025-11-09,Sunday,7.0,71
2025-11-09,Sunday,8.0,58
2025-11-09,Sunday,9.0,83
2025-11-09,Sunday,10.0,81
2025-11-09,Sunday,11.0,110
2025-11-09,Sunday,12.0,123
2025-11-09,Sunday,13.0,131
2025-11-09,Sunday,14.0,127
2025-11-09,Sunday,15.0,130
2025-11-09,Sunday,16.0,116
2025-11-09,Sunday,17.0,109
2025-11-09,Sunday,18.0,138
2025-11-09,Sunday,19.0,123
2025-11-09,Sunday,20.0,134
2025-11-09,Sunday,21.0,109
2025-11-09,Sunday,22.0,84
2025-11-09,Sunday,23.0,78
2025-11-10,Monday,,264
2025-11-10,Monday,0.0,68
2025-11-10,Monday,1.0,34
2025-11-10,Monday,2.0,19
2025-11-10,Monday,3.0,13
2025-11-10,Monday,4.0,15
2025-11-10,Monday,5.0,35
2025-11-10,Monday,6.0,56
2025-11-10,Monday,7.0,110
2025-11-10,Monday,8.0,140
2025-11-10,Monday,9.0,184
2025-11-10,Monday,10.0,179
2025-11-10,Monday,11.0,168
2025-11-10,Monday,12.0,179
2025-11-10,Monday,13.0,177
2025-11-10,Monday,14.0,210
2025-11-10,Monday,15.0,165
2025-11-10,Monday,16.0,149
2025-11-10,Monday,17.0,123
2025-11-10,Monday,18.0,124
2025-11-10,Monday,19.0,130
2025-11-10,Monday,20.0,76
2025-11-10,Monday,21.0,73
2025-11-10,Monday,22.0,84
2025-11-10,Monday,23.0,74
2025-11-11,Tuesday,,249
2025-11-11,Tuesday,0.0,51
2025-11-11,Tuesday,1.0,27
2025-11-11,Tuesday,2.0,14
2025-11-11,Tuesday,3.0,5
2025-11-11,Tuesday,4.0,13
2025-11-11,Tuesday,5.0,22
2025-11-11,Tuesday,6.0,31
2025-11-11,Tuesday,7.0,107
2025-11-11,Tuesday,8.0,138
2025-11-11,Tuesday,9.0,200
2025-11-11,Tuesday,10.0,192
2025-11-11,Tuesday,11.0,181
2025-11-11,Tuesday,12.0,168
2025-11-11,Tuesday,13.0,207
2025-11-11,Tuesday,14.0,202
2025-11-11,Tuesday,15.0,194
2025-11-11,Tuesday,16.0,185
2025-11-11,Tuesday,17.0,136
2025-11-11,Tuesday,18.0,167
2025-11-11,Tuesday,19.0,112
2025-11-11,Tuesday,20.0,82
2025-11-11,Tuesday,21.0,77
2025-11-11,Tuesday,22.0,78
2025-11-11,Tuesday,23.0,54
2025-11-12,Wednesday,,227
2025-11-12,Wednesday,0.0,41
2025-11-12,Wednesday,1.0,33
2025-11-12,Wednesday,2.0,22
2025-11-12,Wednesday,3.0,12
2025-11-12,Wednesday,4.0,17
2025-11-12,Wednesday,5.0,33
2025-11-12,Wednesday,6.0,42
2025-11-12,Wednesday,7.0,109
2025-11-12,Wednesday,8.0,156
2025-11-12,Wednesday,9.0,194
2025-11-12,Wednesday,10.0,175
2025-11-12,Wednesday,11.0,175
2025-11-12,Wednesday,12.0,162
2025-11-12,Wednesday,13.0,200
2025-11-12,Wednesday,14.0,192
2025-11-12,Wednesday,15.0,184
2025-11-12,Wednesday,16.0,156
2025-11-12,Wednesday,17.0,152
2025-11-12,Wednesday,18.0,145
2025-11-12,Wednesday,19.0,105
2025-11-12,Wednesday,20.0,102
2025-11-12,Wednesday,21.0,100
2025-11-12,Wednesday,22.0,104
2025-11-12,Wednesday,23.0,76
2025-11-13,Thursday,,262
2025-11-13,Thursday,0.0,44
2025-11-13,Thursday,1.0,41
2025-11-13,Thursday,2.0,22
2025-11-13,Thursday,3.0,10
2025-11-13,Thursday,4.0,12
2025-11-13,Thursday,5.0,39
2025-11-13,Thursday,6.0,45
2025-11-13,Thursday,7.0,112
2025-11-13,Thursday,8.0,133
2025-11-13,Thursday,9.0,205
2025-11-13,Thursday,10.0,189
2025-11-13,Thursday,11.0,187
2025-11-13,Thursday,12.0,186
2025-11-13,Thursday,13.0,200
2025-11-13,Thursday,14.0,212
2025-11-13,Thursday,15.0,183
2025-11-13,Thursday,16.0,149
2025-11-13,Thursday,17.0,139
2025-11-13,Thursday,18.0,148
2025-11-13,Thursday,19.0,138
2025-11-13,Thursday,20.0,128
2025-11-13,Thursday,21.0,100
2025-11-13,Thursday,22.0,106
2025-11-13,Thursday,23.0,92
2025-11-14,Friday,,307
2025-11-14,Friday,0.0,56
2025-11-14,Friday,1.0,35
2025-11-14,Friday,2.0,14
2025-11-14,Friday,3.0,20
2025-11-14,Friday,4.0,21
2025-11-14,Friday,5.0,25
2025-11-14,Friday,6.0,42
2025-11-14,Friday,7.0,110
2025-11-14,Friday,8.0,155
2025-11-14,Friday,9.0,207
2025-11-14,Friday,10.0,188
2025-11-14,Friday,11.0,247
2025-11-14,Friday,12.0,226
2025-11-14,Friday,13.0,215
2025-11-14,Friday,14.0,181
2025-11-14,Friday,15.0,127
2025-11-14,Friday,16.0,118
2025-11-14,Friday,17.0,129
2025-11-14,Friday,18.0,181
2025-11-14,Friday,19.0,215
2025-11-14,Friday,20.0,171
2025-11-14,Friday,21.0,144
2025-11-14,Friday,22.0,147
2025-11-14,Friday,23.0,116
2025-11-15,Saturday,,283
2025-11-15,Saturday,0.0,112
2025-11-15,Saturday,1.0,95
2025-11-15,Saturday,2.0,63
2025-11-15,Saturday,3.0,49
2025-11-15,Saturday,4.0,23
2025-11-15,Saturday,5.0,31
2025-11-15,Saturday,6.0,41
2025-11-15,Saturday,7.0,81
2025-11-15,Saturday,8.0,90
2025-11-15,Saturday,9.0,148
2025-11-15,Saturday,10.0,165
2025-11-15,Saturday,11.0,193
2025-11-15,Saturday,12.0,183
2025-11-15,Saturday,13.0,180
2025-11-15,Saturday,14.0,177
2025-11-15,Saturday,15.0,195
2025-11-15,Saturday,16.0,203
2025-11-15,Saturday,17.0,201
2025-11-15,Saturday,18.0,220
2025-11-15,Saturday,19.0,237
2025-11-15,Saturday,20.0,227
2025-11-15,Saturday,21.0,183
2025-11-15,Saturday,22.0,175
2025-11-15,Saturday,23.0,169
2025-11-16,Sunday,,261
2025-11-16,Sunday,0.0,137
2025-11-16,Sunday,1.0,84
2025-11-16,Sunday,2.0,90
2025-11-16,Sunday,3.0,47
2025-11-16,Sunday,4.0,45
2025-11-16,Sunday,5.0,34
2025-11-16,Sunday,6.0,62
2025-11-16,Sunday,7.0,67
2025-11-16,Sunday,8.0,55
2025-11-16,Sunday,9.0,64
2025-11-16,Sunday,10.0,75
2025-11-16,Sunday,11.0,92
2025-11-16,Sunday,12.0,121
2025-11-16,Sunday,13.0,142
2025-11-16,Sunday,14.0,134
2025-11-16,Sunday,15.0,157
2025-11-16,Sunday,16.0,142
2025-11-16,Sunday,17.0,137
2025-11-16,Sunday,18.0,136
2025-11-16,Sunday,19.0,124
2025-11-16,Sunday,20.0,103
2025-11-16,Sunday,21.0,105
2025-11-16,Sunday,22.0,93
2025-11-16,Sunday,23.0,65
2025-11-17,Monday,,218
2025-11-17,Monday,0.0,40
2025-11-17,Monday,1.0,29
2025-11-17,Monday,2.0,30
2025-11-17,Monday,3.0,12
2025-11-17,Monday,4.0,13
2025-11-17,Monday,5.0,33
2025-11-17,Monday,6.0,47
2025-11-17,Monday,7.0,102
2025-11-17,Monday,8.0,141
2025-11-17,Monday,9.0,185
2025-11-17,Monday,10.0,173
2025-11-17,Monday,11.0,191
2025-11-17,Monday,12.0,183
2025-11-17,Monday,13.0,161
2025-11-17,Monday,14.0,196
2025-11-17,Monday,15.0,178
2025-11-17,Monday,16.0,149
2025-11-17,Monday,17.0,120
2025-11-17,Monday,18.0,125
2025-11-17,Monday,19.0,124
2025-11-17,Monday,20.0,90
2025-11-17,Monday,21.0,93
2025-11-17,Monday,22.0,80
2025-11-17,Monday,23.0,41
2025-11-18,Tuesday,,248
2025-11-18,Tuesday,0.0,45
2025-11-18,Tuesday,1.0,32
2025-11-18,Tuesday,2.0,22
2025-11-18,Tuesday,3.0,6
2025-11-18,Tuesday,4.0,9
2025-11-18,Tuesday,5.0,23
2025-11-18,Tuesday,6.0,35
2025-11-18,Tuesday,7.0,106
2025-11-18,Tuesday,8.0,163
2025-11-18,Tuesday,9.0,185
2025-11-18,Tuesday,10.0,177
2025-11-18,Tuesday,11.0,199
2025-11-18,Tuesday,12.0,188
2025-11-18,Tuesday,13.0,168
2025-11-18,Tuesday,14.0,217
2025-11-18,Tuesday,15.0,197
2025-11-18,Tuesday,16.0,160
2025-11-18,Tuesday,17.0,121
2025-11-18,Tuesday,18.0,128
2025-11-18,Tuesday,19.0,132
2025-11-18,Tuesday,20.0,99
2025-11-18,Tuesday,21.0,90
2025-11-18,Tuesday,22.0,83
2025-11-18,Tuesday,23.0,43
2025-11-19,Wednesday,,229
2025-11-19,Wednesday,0.0,43
2025-11-19,Wednesday,1.0,29
2025-11-19,Wednesday,2.0,20
2025-11-19,Wednesday,3.0,11
2025-11-19,Wednesday,4.0,15
2025-11-19,Wednesday,5.0,14
2025-11-19,Wednesday,6.0,58
2025-11-19,Wednesday,7.0,115
2025-11-19,Wednesday,8.0,135
2025-11-19,Wednesday,9.0,205
2025-11-19,Wednesday,10.0,177
2025-11-19,Wednesday,11.0,164
2025-11-19,Wednesday,12.0,188
2025-11-19,Wednesday,13.0,211
2025-11-19,Wednesday,14.0,205
2025-11-19,Wednesday,15.0,193
2025-11-19,Wednesday,16.0,169
2025-11-19,Wednesday,17.0,137
2025-11-19,Wednesday,18.0,126
2025-11-19,Wednesday,19.0,112
2025-11-19,Wednesday,20.0,88
2025-11-19,Wednesday,21.0,91
2025-11-19,Wednesday,22.0,77
2025-11-19,Wednesday,23.0,68
2025-11-20,Thursday,,245
2025-11-20,Thursday,0.0,49
2025-11-20,Thursday,1.0,31
2025-11-20,Thursday,2.0,15
2025-11-20,Thursday,3.0,8
2025-11-20,Thursday,4.0,19
2025-11-20,Thursday,5.0,17
2025-11-20,Thursday,6.0,42
2025-11-20,Thursday,7.0,85
2025-11-20,Thursday,8.0,110
2025-11-20,Thursday,9.0,176
2025-11-20,Thursday,10.0,168
2025-11-20,Thursday,11.0,168
2025-11-20,Thursday,12.0,163
2025-11-20,Thursday,13.0,173
2025-11-20,Thursday,14.0,206
2025-11-20,Thursday,15.0,182
2025-11-20,Thursday,16.0,157
2025-11-20,Thursday,17.0,143
2025-11-20,Thursday,18.0,182
2025-11-20,Thursday,19.0,148
2025-11-20,Thursday,20.0,107
2025-11-20,Thursday,21.0,100
2025-11-20,Thursday,22.0,85
2025-11-20,Thursday,23.0,80
2025-11-21,Friday,,344
2025-11-21,Friday,0.0,60
2025-11-21,Friday,1.0,43
2025-11-21,Friday,2.0,18
2025-11-21,Friday,3.0,8
2025-11-21,Friday,4.0,18
2025-11-21,Friday,5.0,18
2025-11-21,Friday,6.0,37
2025-11-21,Friday,7.0,104
2025-11-21,Friday,8.0,146
2025-11-21,Friday,9.0,213
2025-11-21,Friday,10.0,188
2025-11-21,Friday,11.0,211
2025-11-21,Friday,12.0,186
2025-11-21,Friday,13.0,216
2025-11-21,Friday,14.0,208
2025-11-21,Friday,15.0,129
2025-11-21,Friday,16.0,147
2025-11-21,Friday,17.0,156
2025-11-21,Friday,18.0,202
2025-11-21,Friday,19.0,198
2025-11-21,Friday,20.0,161
2025-11-21,Friday,21.0,177
2025-11-21,Friday,22.0,129
2025-11-21,Friday,23.0,124
2025-11-22,Saturday,,272
2025-11-22,Saturday,0.0,117
2025-11-22,Saturday,1.0,83
2025-11-22,Saturday,2.0,63
2025-11-22,Saturday,3.0,44
2025-11-22,Saturday,4.0,30
2025-11-22,Saturday,5.0,33
2025-11-22,Saturday,6.0,46
2025-11-22,Saturday,7.0,88
2025-11-22,Saturday,8.0,119
2025-11-22,Saturday,9.0,131
2025-11-22,Saturday,10.0,152
2025-11-22,Saturday,11.0,182
2025-11-22,Saturday,12.0,167
2025-11-22,Saturday,13.0,179
2025-11-22,Saturday,14.0,178
2025-11-22,Saturday,15.0,163
2025-11-22,Saturday,16.0,189
2025-11-22,Saturday,17.0,207
2025-11-22,Saturday,18.0,222
2025-11-22,Saturday,19.0,244
2025-11-22,Saturday,20.0,225
2025-11-22,Saturday,21.0,194
2025-11-22,Saturday,22.0,174
2025-11-22,Saturday,23.0,190
2025-11-23,Sunday,,278
2025-11-23,Sunday,0.0,141
2025-11-23,Sunday,1.0,115
2025-11-23,Sunday,2.0,85
2025-11-23,Sunday,3.0,55
2025-11-23,Sunday,4.0,41
2025-11-23,Sunday,5.0,45
2025-11-23,Sunday,6.0,49
2025-11-23,Sunday,7.0,69
2025-11-23,Sunday,8.0,65
2025-11-23,Sunday,9.0,82
2025-11-23,Sunday,10.0,84
2025-11-23,Sunday,11.0,110
2025-11-23,Sunday,12.0,99
2025-11-23,Sunday,13.0,140
2025-11-23,Sunday,14.0,139
2025-11-23,Sunday,15.0,149
2025-11-23,Sunday,16.0,137
2025-11-23,Sunday,17.0,109
2025-11-23,Sunday,18.0,129
2025-11-23,Sunday,19.0,117
2025-11-23,Sunday,20.0,107
2025-11-23,Sunday,21.0,112
2025-11-23,Sunday,22.0,98
2025-11-23,Sunday,23.0,66
2025-11-24,Monday,,204
2025-11-24,Monday,0.0,40
2025-11-24,Monday,1.0,33
2025-11-24,Monday,2.0,19
2025-11-24,Monday,3.0,19
2025-11-24,Monday,4.0,16
2025-11-24,Monday,5.0,31
2025-11-24,Monday,6.0,37
2025-11-24,Monday,7.0,113
2025-11-24,Monday,8.0,144
2025-11-24,Monday,9.0,193
2025-11-24,Monday,10.0,179
2025-11-24,Monday,11.0,188
2025-11-24,Monday,12.0,170
2025-11-24,Monday,13.0,189
2025-11-24,Monday,14.0,196
2025-11-24,Monday,15.0,198
2025-11-24,Monday,16.0,134
2025-11-24,Monday,17.0,136
2025-11-24,Monday,18.0,121
2025-11-24,Monday,19.0,112
2025-11-24,Monday,20.0,96
2025-11-24,Monday,21.0,81
2025-11-24,Monday,22.0,101
2025-11-24,Monday,23.0,51
2025-11-25,Tuesday,,198
2025-11-25,Tuesday,0.0,49
2025-11-25,Tuesday,1.0,30
2025-11-25,Tuesday,2.0,14
2025-11-25,Tuesday,3.0,7
2025-11-25,Tuesday,4.0,12
2025-11-25,Tuesday,5.0,26
2025-11-25,Tuesday,6.0,34
2025-11-25,Tuesday,7.0,109
2025-11-25,Tuesday,8.0,133
2025-11-25,Tuesday,9.0,179
2025-11-25,Tuesday,10.0,180
2025-11-25,Tuesday,11.0,163
2025-11-25,Tuesday,12.0,186
2025-11-25,Tuesday,13.0,192
2025-11-25,Tuesday,14.0,183
2025-11-25,Tuesday,15.0,157
2025-11-25,Tuesday,16.0,151
2025-11-25,Tuesday,17.0,124
2025-11-25,Tuesday,18.0,140
2025-11-25,Tuesday,19.0,123
2025-11-25,Tuesday,20.0,84
2025-11-25,Tuesday,21.0,78
2025-11-25,Tuesday,22.0,77
2025-11-25,Tuesday,23.0,49
2025-11-26,Wednesday,,230
2025-11-26,Wednesday,0.0,44
2025-11-26,Wednesday,1.0,28
2025-11-26,Wednesday,2.0,14
2025-11-26,Wednesday,3.0,13
2025-11-26,Wednesday,4.0,11
2025-11-26,Wednesday,5.0,24
2025-11-26,Wednesday,6.0,42
2025-11-26,Wednesday,7.0,115
2025-11-26,Wednesday,8.0,147
2025-11-26,Wednesday,9.0,203
2025-11-26,Wednesday,10.0,173
2025-11-26,Wednesday,11.0,180
2025-11-26,Wednesday,12.0,189
2025-11-26,Wednesday,13.0,184
2025-11-26,Wednesday,14.0,207
2025-11-26,Wednesday,15.0,212
2025-11-26,Wednesday,16.0,187
2025-11-26,Wednesday,17.0,146
2025-11-26,Wednesday,18.0,150
2025-11-26,Wednesday,19.0,127
2025-11-26,Wednesday,20.0,126
2025-11-26,Wednesday,21.0,112
2025-11-26,Wednesday,22.0,83
2025-11-26,Wednesday,23.0,63
2025-11-27,Thursday,,266
2025-11-27,Thursday,0.0,51
2025-11-27,Thursday,1.0,45
2025-11-27,Thursday,2.0,15
2025-11-27,Thursday,3.0,15
2025-11-27,Thursday,4.0,17
2025-11-27,Thursday,5.0,28
2025-11-27,Thursday,6.0,36
2025-11-27,Thursday,7.0,113
2025-11-27,Thursday,8.0,145
2025-11-27,Thursday,9.0,189
2025-11-27,Thursday,10.0,194
2025-11-27,Thursday,11.0,205
2025-11-27,Thursday,12.0,187
2025-11-27,Thursday,13.0,222
2025-11-27,Thursday,14.0,200
2025-11-27,Thursday,15.0,194
2025-11-27,Thursday,16.0,191
2025-11-27,Thursday,17.0,155
2025-11-27,Thursday,18.0,159
2025-11-27,Thursday,19.0,160
2025-11-27,Thursday,20.0,118
2025-11-27,Thursday,21.0,107
2025-11-27,Thursday,22.0,124
2025-11-27,Thursday,23.0,78
2025-11-28,Friday,,348
2025-11-28,Friday,0.0,67
2025-11-28,Friday,1.0,42
2025-11-28,Friday,2.0,23
2025-11-28,Friday,3.0,8
2025-11-28,Friday,4.0,17
2025-11-28,Friday,5.0,24
2025-11-28,Friday,6.0,53
2025-11-28,Friday,7.0,113
2025-11-28,Friday,8.0,170
2025-11-28,Friday,9.0,209
2025-11-28,Friday,10.0,233
2025-11-28,Friday,11.0,255
2025-11-28,Friday,12.0,230
2025-11-28,Friday,13.0,198
2025-11-28,Friday,14.0,208
2025-11-28,Friday,15.0,158
2025-11-28,Friday,16.0,160
2025-11-28,Friday,17.0,137
2025-11-28,Friday,18.0,181
2025-11-28,Friday,19.0,195
2025-11-28,Friday,20.0,191
2025-11-28,Friday,21.0,162
2025-11-28,Friday,22.0,153
2025-11-28,Friday,23.0,121
2025-11-29,Saturday,,284
2025-11-29,Saturday,0.0,112
2025-11-29,Saturday,1.0,89
2025-11-29,Saturday,2.0,68
2025-11-29,Saturday,3.0,27
2025-11-29,Saturday,4.0,27
2025-11-29,Saturday,5.0,26
2025-11-29,Saturday,6.0,44
2025-11-29,Saturday,7.0,80
2025-11-29,Saturday,8.0,112
2025-11-29,Saturday,9.0,145
2025-11-29,Saturday,10.0,148
2025-11-29,Saturday,11.0,172
2025-11-29,Saturday,12.0,185
2025-11-29,Saturday,13.0,193
2025-11-29,Saturday,14.0,190
2025-11-29,Saturday,15.0,208
2025-11-29,Saturday,16.0,187
2025-11-29,Saturday,17.0,193
2025-11-29,Saturday,18.0,244
2025-11-29,Saturday,19.0,261
2025-11-29,Saturday,20.0,213
2025-11-29,Saturday,21.0,223
2025-11-29,Saturday,22.0,186
2025-11-29,Saturday,23.0,174
2025-11-30,Sunday,,307
2025-11-30,Sunday,0.0,142
2025-11-30,Sunday,1.0,114
2025-11-30,Sunday,2.0,99
2025-11-30,Sunday,3.0,66
2025-11-30,Sunday,4.0,43
2025-11-30,Sunday,5.0,33
2025-11-30,Sunday,6.0,40
2025-11-30,Sunday,7.0,83
2025-11-30,Sunday,8.0,70
2025-11-30,Sunday,9.0,94
2025-11-30,Sunday,10.0,92
2025-11-30,Sunday,11.0,109
2025-11-30,Sunday,12.0,136
2025-11-30,Sunday,13.0,129
2025-11-30,Sunday,14.0,133
2025-11-30,Sunday,15.0,149
2025-11-30,Sunday,16.0,129
2025-11-30,Sunday,17.0,121
2025-11-30,Sunday,18.0,149
2025-11-30,Sunday,19.0,158
2025-11-30,Sunday,20.0,126
2025-11-30,Sunday,21.0,118
2025-11-30,Sunday,22.0,86
2025-11-30,Sunday,23.0,78
2025-12-01,Monday,,201
2025-12-01,Monday,0.0,51
2025-12-01,Monday,1.0,26
2025-12-01,Monday,2.0,20
2025-12-01,Monday,3.0,19
2025-12-01,Monday,4.0,17
2025-12-01,Monday,5.0,27
2025-12-01,Monday,6.0,54
2025-12-01,Monday,7.0,106
2025-12-01,Monday,8.0,145
2025-12-01,Monday,9.0,205
2025-12-01,Monday,10.0,172
2025-12-01,Monday,11.0,186
2025-12-01,Monday,12.0,202
2025-12-01,Monday,13.0,201
2025-12-01,Monday,14.0,220
2025-12-01,Monday,15.0,177
2025-12-01,Monday,16.0,170
2025-12-01,Monday,17.0,165
2025-12-01,Monday,18.0,151
2025-12-01,Monday,19.0,131
2025-12-01,Monday,20.0,90
2025-12-01,Monday,21.0,87
2025-12-01,Monday,22.0,89
2025-12-01,Monday,23.0,64
2025-12-02,Tuesday,,203
2025-12-02,Tuesday,0.0,47
2025-12-02,Tuesday,1.0,25
2025-12-02,Tuesday,2.0,23
2025-12-02,Tuesday,3.0,9
2025-12-02,Tuesday,4.0,10
2025-12-02,Tuesday,5.0,21
2025-12-02,Tuesday,6.0,50
2025-12-02,Tuesday,7.0,107
2025-12-02,Tuesday,8.0,166
2025-12-02,Tuesday,9.0,191
2025-12-02,Tuesday,10.0,203
2025-12-02,Tuesday,11.0,208
2025-12-02,Tuesday,12.0,168
2025-12-02,Tuesday,13.0,195
2025-12-02,Tuesday,14.0,196
2025-12-02,Tuesday,15.0,192
2025-12-02,Tuesday,16.0,171
2025-12-02,Tuesday,17.0,131
2025-12-02,Tuesday,18.0,137
2025-12-02,Tuesday,19.0,131
2025-12-02,Tuesday,20.0,93
2025-12-02,Tuesday,21.0,79
2025-12-02,Tuesday,22.0,72
2025-12-02,Tuesday,23.0,50
2025-12-03,Wednesday,,288
2025-12-03,Wednesday,0.0,47
2025-12-03,Wednesday,1.0,36
2025-12-03,Wednesday,2.0,19
2025-12-03,Wednesday,3.0,11
2025-12-03,Wednesday,4.0,13
2025-12-03,Wednesday,5.0,26
2025-12-03,Wednesday,6.0,46
2025-12-03,Wednesday,7.0,105
2025-12-03,Wednesday,8.0,165
2025-12-03,Wednesday,9.0,193
2025-12-03,Wednesday,10.0,205
2025-12-03,Wednesday,11.0,195
2025-12-03,Wednesday,12.0,202
2025-12-03,Wednesday,13.0,226
2025-12-03,Wednesday,14.0,210
2025-12-03,Wednesday,15.0,192
2025-12-03,Wednesday,16.0,177
2025-12-03,Wednesday,17.0,157
2025-12-03,Wednesday,18.0,132
2025-12-03,Wednesday,19.0,134
2025-12-03,Wednesday,20.0,115
2025-12-03,Wednesday,21.0,104
2025-12-03,Wednesday,22.0,98
2025-12-03,Wednesday,23.0,75
2025-12-04,Thursday,,286
2025-12-04,Thursday,0.0,65
2025-12-04,Thursday,1.0,46
2025-12-04,Thursday,2.0,27
2025-12-04,Thursday,3.0,23
2025-12-04,Thursday,4.0,12
2025-12-04,Thursday,5.0,22
2025-12-04,Thursday,6.0,40
2025-12-04,Thursday,7.0,107
2025-12-04,Thursday,8.0,167
2025-12-04,Thursday,9.0,171
2025-12-04,Thursday,10.0,186
2025-12-04,Thursday,11.0,210
2025-12-04,Thursday,12.0,177
2025-12-04,Thursday,13.0,227
2025-12-04,Thursday,14.0,228
2025-12-04,Thursday,15.0,205
2025-12-04,Thursday,16.0,177
2025-12-04,Thursday,17.0,166
2025-12-04,Thursday,18.0,159
2025-12-04,Thursday,19.0,148
2025-12-04,Thursday,20.0,114
2025-12-04,Thursday,21.0,120
2025-12-04,Thursday,22.0,106
2025-12-04,Thursday,23.0,72
2025-12-05,Friday,,344
2025-12-05,Friday,0.0,59
2025-12-05,Friday,1.0,44
2025-12-05,Friday,2.0,25
2025-12-05,Friday,3.0,13
2025-12-05,Friday,4.0,13
2025-12-05,Friday,5.0,31
2025-12-05,Friday,6.0,56
2025-12-05,Friday,7.0,127
2025-12-05,Friday,8.0,159
2025-12-05,Friday,9.0,195
2025-12-05,Friday,10.0,210
2025-12-05,Friday,11.0,217
2025-12-05,Friday,12.0,243
2025-12-05,Friday,13.0,228
2025-12-05,Friday,14.0,199
2025-12-05,Friday,15.0,174
2025-12-05,Friday,16.0,166
2025-12-05,Friday,17.0,156
2025-12-05,Friday,18.0,205
2025-12-05,Friday,19.0,187
2025-12-05,Friday,20.0,175
2025-12-05,Friday,21.0,140
2025-12-05,Friday,22.0,157
2025-12-05,Friday,23.0,134
2025-12-06,Saturday,,446
2025-12-06,Saturday,0.0,121
2025-12-06,Saturday,1.0,93
2025-12-06,Saturday,2.0,68
2025-12-06,Saturday,3.0,40
2025-12-06,Saturday,4.0,31
2025-12-06,Saturday,5.0,44
2025-12-06,Saturday,6.0,54
2025-12-06,Saturday,7.0,90
2025-12-06,Saturday,8.0,99
2025-12-06,Saturday,9.0,152
2025-12-06,Saturday,10.0,154
2025-12-06,Saturday,11.0,158
2025-12-06,Saturday,12.0,165
2025-12-06,Saturday,13.0,191
2025-12-06,Saturday,14.0,183
2025-12-06,Saturday,15.0,209
2025-12-06,Saturday,16.0,167
2025-12-06,Saturday,17.0,210
2025-12-06,Saturday,18.0,208
2025-12-06,Saturday,19.0,250
2025-12-06,Saturday,20.0,258
2025-12-06,Saturday,21.0,210
2025-12-06,Saturday,22.0,186
2025-12-06,Saturday,23.0,161
2025-12-07,Sunday,,302
2025-12-07,Sunday,0.0,126
2025-12-07,Sunday,1.0,105
2025-12-07,Sunday,2.0,87
2025-12-07,Sunday,3.0,60
2025-12-07,Sunday,4.0,42
2025-12-07,Sunday,5.0,35
2025-12-07,Sunday,6.0,39
2025-12-07,Sunday,7.0,62
2025-12-07,Sunday,8.0,78
2025-12-07,Sunday,9.0,93
2025-12-07,Sunday,10.0,110
2025-12-07,Sunday,11.0,135
2025-12-07,Sunday,12.0,163
2025-12-07,Sunday,13.0,124
2025-12-07,Sunday,14.0,155
2025-12-07,Sunday,15.0,169
2025-12-07,Sunday,16.0,120
2025-12-07,Sunday,17.0,134
2025-12-07,Sunday,18.0,140
2025-12-07,Sunday,19.0,122
2025-12-07,Sunday,20.0,114
2025-12-07,Sunday,21.0,106
2025-12-07,Sunday,22.0,99
2025-12-07,Sunday,23.0,79
2025-12-08,Monday,,196
2025-12-08,Monday,0.0,59
2025-12-08,Monday,1.0,38
2025-12-08,Monday,2.0,24
2025-12-08,Monday,3.0,14
2025-12-08,Monday,4.0,28
2025-12-08,Monday,5.0,29
2025-12-08,Monday,6.0,48
2025-12-08,Monday,7.0,98
2025-12-08,Monday,8.0,140
2025-12-08,Monday,9.0,178
2025-12-08,Monday,10.0,186
2025-12-08,Monday,11.0,168
2025-12-08,Monday,12.0,189
2025-12-08,Monday,13.0,214
2025-12-08,Monday,14.0,221
2025-12-08,Monday,15.0,178
2025-12-08,Monday,16.0,187
2025-12-08,Monday,17.0,138
2025-12-08,Monday,18.0,149
2025-12-08,Monday,19.0,136
2025-12-08,Monday,20.0,97
2025-12-08,Monday,21.0,96
2025-12-08,Monday,22.0,83
2025-12-08,Monday,23.0,51
2025-12-09,Tuesday,,244
2025-12-09,Tuesday,0.0,52
2025-12-09,Tuesday,1.0,35
2025-12-09,Tuesday,2.0,25
2025-12-09,Tuesday,3.0,15
2025-12-09,Tuesday,4.0,13
2025-12-09,Tuesday,5.0,32
2025-12-09,Tuesday,6.0,51
2025-12-09,Tuesday,7.0,93
2025-12-09,Tuesday,8.0,144
2025-12-09,Tuesday,9.0,200
2025-12-09,Tuesday,10.0,188
2025-12-09,Tuesday,11.0,212
2025-12-09,Tuesday,12.0,211
2025-12-09,Tuesday,13.0,189
2025-12-09,Tuesday,14.0,183
2025-12-09,Tuesday,15.0,178
2025-12-09,Tuesday,16.0,147
2025-12-09,Tuesday,17.0,134
2025-12-09,Tuesday,18.0,129
2025-12-09,Tuesday,19.0,125
2025-12-09,Tuesday,20.0,108
2025-12-09,Tuesday,21.0,81
2025-12-09,Tuesday,22.0,70
2025-12-09,Tuesday,23.0,49
2025-12-10,Wednesday,,220
2025-12-10,Wednesday,0.0,30
2025-12-10,Wednesday,1.0,30
2025-12-10,Wednesday,2.0,19
2025-12-10,Wednesday,3.0,18
2025-12-10,Wednesday,4.0,15
2025-12-10,Wednesday,5.0,32
2025-12-10,Wednesday,6.0,51
2025-12-10,Wednesday,7.0,137
2025-12-10,Wednesday,8.0,161
2025-12-10,Wednesday,9.0,192
2025-12-10,Wednesday,10.0,216
2025-12-10,Wednesday,11.0,218
2025-12-10,Wednesday,12.0,222
2025-12-10,Wednesday,13.0,208
2025-12-10,Wednesday,14.0,225
2025-12-10,Wednesday,15.0,213
2025-12-10,Wednesday,16.0,197
2025-12-10,Wednesday,17.0,157
2025-12-10,Wednesday,18.0,143
2025-12-10,Wednesday,19.0,146
2025-12-10,Wednesday,20.0,108
2025-12-10,Wednesday,21.0,95
2025-12-10,Wednesday,22.0,84
2025-12-10,Wednesday,23.0,67
2025-12-11,Thursday,,296
2025-12-11,Thursday,0.0,57
2025-12-11,Thursday,1.0,46
2025-12-11,Thursday,2.0,24
2025-12-11,Thursday,3.0,18
2025-12-11,Thursday,4.0,18
2025-12-11,Thursday,5.0,21
2025-12-11,Thursday,6.0,36
2025-12-11,Thursday,7.0,131
2025-12-11,Thursday,8.0,154
2025-12-11,Thursday,9.0,196
2025-12-11,Thursday,10.0,205
2025-12-11,Thursday,11.0,224
2025-12-11,Thursday,12.0,235
2025-12-11,Thursday,13.0,228
2025-12-11,Thursday,14.0,232
2025-12-11,Thursday,15.0,191
2025-12-11,Thursday,16.0,195
2025-12-11,Thursday,17.0,164
2025-12-11,Thursday,18.0,166
2025-12-11,Thursday,19.0,159
2025-12-11,Thursday,20.0,141
2025-12-11,Thursday,21.0,114
2025-12-11,Thursday,22.0,109
2025-12-11,Thursday,23.0,91
2025-12-12,Friday,,449
2025-12-12,Friday,0.0,62
2025-12-12,Friday,1.0,49
2025-12-12,Friday,2.0,37
2025-12-12,Friday,3.0,21
2025-12-12,Friday,4.0,23
2025-12-12,Friday,5.0,35
2025-12-12,Friday,6.0,50
2025-12-12,Friday,7.0,109
2025-12-12,Friday,8.0,170
2025-12-12,Friday,9.0,186
2025-12-12,Friday,10.0,224
2025-12-12,Friday,11.0,234
2025-12-12,Friday,12.0,203
2025-12-12,Friday,13.0,218
2025-12-12,Friday,14.0,177
2025-12-12,Friday,15.0,149
2025-12-12,Friday,16.0,158
2025-12-12,Friday,17.0,189
2025-12-12,Friday,18.0,198
2025-12-12,Friday,19.0,233
2025-12-12,Friday,20.0,184
2025-12-12,Friday,21.0,195
2025-12-12,Friday,22.0,181
2025-12-12,Friday,23.0,164
2025-12-13,Saturday,,507
2025-12-13,Saturday,0.0,137
2025-12-13,Saturday,1.0,98
2025-12-13,Saturday,2.0,92
2025-12-13,Saturday,3.0,57
2025-12-13,Saturday,4.0,44
2025-12-13,Saturday,5.0,51
2025-12-13,Saturday,6.0,58
2025-12-13,Saturday,7.0,90
2025-12-13,Saturday,8.0,125
2025-12-13,Saturday,9.0,153
2025-12-13,Saturday,10.0,168
2025-12-13,Saturday,11.0,199
2025-12-13,Saturday,12.0,204
2025-12-13,Saturday,13.0,178
2025-12-13,Saturday,14.0,193
2025-12-13,Saturday,15.0,216
2025-12-13,Saturday,16.0,173
2025-12-13,Saturday,17.0,191
2025-12-13,Saturday,18.0,200
2025-12-13,Saturday,19.0,233
2025-12-13,Saturday,20.0,225
2025-12-13,Saturday,21.0,220
2025-12-13,Saturday,22.0,209
2025-12-13,Saturday,23.0,190
2025-12-14,Sunday,,460
2025-12-14,Sunday,0.0,120
2025-12-14,Sunday,1.0,106
2025-12-14,Sunday,2.0,91
2025-12-14,Sunday,3.0,83
2025-12-14,Sunday,4.0,44
2025-12-14,Sunday,5.0,48
2025-12-14,Sunday,6.0,49
2025-12-14,Sunday,7.0,62
2025-12-14,Sunday,8.0,84
2025-12-14,Sunday,9.0,88
2025-12-14,Sunday,10.0,107
2025-12-14,Sunday,11.0,114
2025-12-14,Sunday,12.0,126
2025-12-14,Sunday,13.0,153
2025-12-14,Sunday,14.0,156
2025-12-14,Sunday,15.0,151
2025-12-14,Sunday,16.0,146
2025-12-14,Sunday,17.0,157
2025-12-14,Sunday,18.0,148
2025-12-14,Sunday,19.0,135
2025-12-14,Sunday,20.0,127
2025-12-14,Sunday,21.0,103
2025-12-14,Sunday,22.0,88
2025-12-14,Sunday,23.0,84
2025-12-15,Monday,,284
2025-12-15,Monday,0.0,61
2025-12-15,Monday,1.0,40
2025-12-15,Monday,2.0,25
2025-12-15,Monday,3.0,20
2025-12-15,Monday,4.0,15
2025-12-15,Monday,5.0,31
2025-12-15,Monday,6.0,54
2025-12-15,Monday,7.0,115
2025-12-15,Monday,8.0,145
2025-12-15,Monday,9.0,194
2025-12-15,Monday,10.0,191
2025-12-15,Monday,11.0,167
2025-12-15,Monday,12.0,172
2025-12-15,Monday,13.0,190
2025-12-15,Monday,14.0,185
2025-12-15,Monday,15.0,157
2025-12-15,Monday,16.0,182
2025-12-15,Monday,17.0,131
2025-12-15,Monday,18.0,132
2025-12-15,Monday,19.0,123
2025-12-15,Monday,20.0,112
2025-12-15,Monday,21.0,91
2025-12-15,Monday,22.0,100
2025-12-15,Monday,23.0,51
2025-12-16,Tuesday,,282
2025-12-16,Tuesday,0.0,50
2025-12-16,Tuesday,1.0,31
2025-12-16,Tuesday,2.0,15
2025-12-16,Tuesday,3.0,18
2025-12-16,Tuesday,4.0,15
2025-12-16,Tuesday,5.0,22
2025-12-16,Tuesday,6.0,38
2025-12-16,Tuesday,7.0,115
2025-12-16,Tuesday,8.0,154
2025-12-16,Tuesday,9.0,206
2025-12-16,Tuesday,10.0,199
2025-12-16,Tuesday,11.0,207
2025-12-16,Tuesday,12.0,199
2025-12-16,Tuesday,13.0,205
2025-12-16,Tuesday,14.0,179
2025-12-16,Tuesday,15.0,177
2025-12-16,Tuesday,16.0,166
2025-12-16,Tuesday,17.0,134
2025-12-16,Tuesday,18.0,150
2025-12-16,Tuesday,19.0,160
2025-12-16,Tuesday,20.0,100
2025-12-16,Tuesday,21.0,103
2025-12-16,Tuesday,22.0,118
2025-12-16,Tuesday,23.0,53
2025-12-17,Wednesday,,245
2025-12-17,Wednesday,0.0,61
2025-12-17,Wednesday,1.0,41
2025-12-17,Wednesday,2.0,29
2025-12-17,Wednesday,3.0,14
2025-12-17,Wednesday,4.0,16
2025-12-17,Wednesday,5.0,36
2025-12-17,Wednesday,6.0,49
2025-12-17,Wednesday,7.0,112
2025-12-17,Wednesday,8.0,151
2025-12-17,Wednesday,9.0,193
2025-12-17,Wednesday,10.0,233
2025-12-17,Wednesday,11.0,224
2025-12-17,Wednesday,12.0,207
2025-12-17,Wednesday,13.0,209
2025-12-17,Wednesday,14.0,208
2025-12-17,Wednesday,15.0,188
2025-12-17,Wednesday,16.0,188
2025-12-17,Wednesday,17.0,162
2025-12-17,Wednesday,18.0,169
2025-12-17,Wednesday,19.0,168
2025-12-17,Wednesday,20.0,119
2025-12-17,Wednesday,21.0,98
2025-12-17,Wednesday,22.0,107
2025-12-17,Wednesday,23.0,88
2025-12-18,Thursday,,294
2025-12-18,Thursday,0.0,67
2025-12-18,Thursday,1.0,42
2025-12-18,Thursday,2.0,18
2025-12-18,Thursday,3.0,20
2025-12-18,Thursday,4.0,15
2025-12-18,Thursday,5.0,21
2025-12-18,Thursday,6.0,51
2025-12-18,Thursday,7.0,124
2025-12-18,Thursday,8.0,149
2025-12-18,Thursday,9.0,192
2025-12-18,Thursday,10.0,190
2025-12-18,Thursday,11.0,211
2025-12-18,Thursday,12.0,201
2025-12-18,Thursday,13.0,223
2025-12-18,Thursday,14.0,214
2025-12-18,Thursday,15.0,198
2025-12-18,Thursday,16.0,184
2025-12-18,Thursday,17.0,170
2025-12-18,Thursday,18.0,165
2025-12-18,Thursday,19.0,175
2025-12-18,Thursday,20.0,143
2025-12-18,Thursday,21.0,107
2025-12-18,Thursday,22.0,120
2025-12-18,Thursday,23.0,104
2025-12-19,Friday,,379
2025-12-19,Friday,0.0,74
2025-12-19,Friday,1.0,54
2025-12-19,Friday,2.0,30
2025-12-19,Friday,3.0,22
2025-12-19,Friday,4.0,22
2025-12-19,Friday,5.0,26
2025-12-19,Friday,6.0,54
2025-12-19,Friday,7.0,139
2025-12-19,Friday,8.0,172
2025-12-19,Friday,9.0,202
2025-12-19,Friday,10.0,213
2025-12-19,Friday,11.0,204
2025-12-19,Friday,12.0,202
2025-12-19,Friday,13.0,197
2025-12-19,Friday,14.0,230
2025-12-19,Friday,15.0,230
2025-12-19,Friday,16.0,192
2025-12-19,Friday,17.0,191
2025-12-19,Friday,18.0,237
2025-12-19,Friday,19.0,224
2025-12-19,Friday,20.0,210
2025-12-19,Friday,21.0,195
2025-12-19,Friday,22.0,200
2025-12-19,Friday,23.0,152
2025-12-20,Saturday,,485
2025-12-20,Saturday,0.0,136
2025-12-20,Saturday,1.0,110
2025-12-20,Saturday,2.0,91
2025-12-20,Saturday,3.0,62
2025-12-20,Saturday,4.0,39
2025-12-20,Saturday,5.0,53
2025-12-20,Saturday,6.0,63
2025-12-20,Saturday,7.0,105
2025-12-20,Saturday,8.0,137
2025-12-20,Saturday,9.0,157
2025-12-20,Saturday,10.0,172
2025-12-20,Saturday,11.0,199
2025-12-20,Saturday,12.0,193
2025-12-20,Saturday,13.0,186
2025-12-20,Saturday,14.0,230
2025-12-20,Saturday,15.0,216
2025-12-20,Saturday,16.0,196
2025-12-20,Saturday,17.0,210
2025-12-20,Saturday,18.0,229
2025-12-20,Saturday,19.0,226
2025-12-20,Saturday,20.0,224
2025-12-20,Saturday,21.0,194
2025-12-20,Saturday,22.0,215
2025-12-20,Saturday,23.0,167
2025-12-21,Sunday,,419
2025-12-21,Sunday,0.0,161
2025-12-21,Sunday,1.0,111
2025-12-21,Sunday,2.0,79
2025-12-21,Sunday,3.0,60
2025-12-21,Sunday,4.0,52
2025-12-21,Sunday,5.0,31
2025-12-21,Sunday,6.0,52
2025-12-21,Sunday,7.0,83
2025-12-21,Sunday,8.0,87
2025-12-21,Sunday,9.0,80
2025-12-21,Sunday,10.0,104
2025-12-21,Sunday,11.0,131
2025-12-21,Sunday,12.0,165
2025-12-21,Sunday,13.0,135
2025-12-21,Sunday,14.0,140
2025-12-21,Sunday,15.0,148
2025-12-21,Sunday,16.0,119
2025-12-21,Sunday,17.0,122
2025-12-21,Sunday,18.0,156
2025-12-21,Sunday,19.0,156
2025-12-21,Sunday,20.0,139
2025-12-21,Sunday,21.0,126
2025-12-21,Sunday,22.0,125
2025-12-21,Sunday,23.0,116
2025-12-22,Monday,,375
2025-12-22,Monday,0.0,97
2025-12-22,Monday,1.0,69
2025-12-22,Monday,2.0,43
2025-12-22,Monday,3.0,31
2025-12-22,Monday,4.0,26
2025-12-22,Monday,5.0,33
2025-12-22,Monday,6.0,53
2025-12-22,Monday,7.0,111
2025-12-22,Monday,8.0,160
2025-12-22,Monday,9.0,188
2025-12-22,Monday,10.0,186
2025-12-22,Monday,11.0,180
2025-12-22,Monday,12.0,162
2025-12-22,Monday,13.0,131
2025-12-22,Monday,14.0,144
2025-12-22,Monday,15.0,170
2025-12-22,Monday,16.0,154
2025-12-22,Monday,17.0,135
2025-12-22,Monday,18.0,174
2025-12-22,Monday,19.0,163
2025-12-22,Monday,20.0,143
2025-12-22,Monday,21.0,124
2025-12-22,Monday,22.0,106
2025-12-22,Monday,23.0,105
2025-12-23,Tuesday,,466
2025-12-23,Tuesday,0.0,82
2025-12-23,Tuesday,1.0,50
2025-12-23,Tuesday,2.0,29
2025-12-23,Tuesday,3.0,17
2025-12-23,Tuesday,4.0,18
2025-12-23,Tuesday,5.0,29
2025-12-23,Tuesday,6.0,41
2025-12-23,Tuesday,7.0,101
2025-12-23,Tuesday,8.0,141
2025-12-23,Tuesday,9.0,166
2025-12-23,Tuesday,10.0,189
2025-12-23,Tuesday,11.0,163
2025-12-23,Tuesday,12.0,147
2025-12-23,Tuesday,13.0,131
2025-12-23,Tuesday,14.0,118
2025-12-23,Tuesday,15.0,132
2025-12-23,Tuesday,16.0,117
2025-12-23,Tuesday,17.0,114
2025-12-23,Tuesday,18.0,132
2025-12-23,Tuesday,19.0,146
2025-12-23,Tuesday,20.0,154
2025-12-23,Tuesday,21.0,129
2025-12-23,Tuesday,22.0,126
2025-12-23,Tuesday,23.0,114
2025-12-24,Wednesday,,273
2025-12-24,Wednesday,0.0,67
2025-12-24,Wednesday,1.0,49
2025-12-24,Wednesday,2.0,33
2025-12-24,Wednesday,3.0,23
2025-12-24,Wednesday,4.0,27
2025-12-24,Wednesday,5.0,31
2025-12-24,Wednesday,6.0,46
2025-12-24,Wednesday,7.0,95
2025-12-24,Wednesday,8.0,125
2025-12-24,Wednesday,9.0,129
2025-12-24,Wednesday,10.0,136
2025-12-24,Wednesday,11.0,144
2025-12-24,Wednesday,12.0,137
2025-12-24,Wednesday,13.0,97
2025-12-24,Wednesday,14.0,130
2025-12-24,Wednesday,15.0,139
2025-12-24,Wednesday,16.0,138
2025-12-24,Wednesday,17.0,118
2025-12-24,Wednesday,18.0,104
2025-12-24,Wednesday,19.0,111
2025-12-24,Wednesday,20.0,78
2025-12-24,Wednesday,21.0,72
2025-12-24,Wednesday,22.0,53
2025-12-24,Wednesday,23.0,45
2025-12-25,Thursday,,237
2025-12-25,Thursday,0.0,38
2025-12-25,Thursday,1.0,20
2025-12-25,Thursday,2.0,9
2025-12-25,Thursday,3.0,5
2025-12-25,Thursday,4.0,7
2025-12-25,Thursday,5.0,6
2025-12-25,Thursday,6.0,12
2025-12-25,Thursday,7.0,23
2025-12-25,Thursday,8.0,10
2025-12-25,Thursday,9.0,19
2025-12-25,Thursday,10.0,21
2025-12-25,Thursday,11.0,26
2025-12-25,Thursday,12.0,36
2025-12-25,Thursday,13.0,48
2025-12-25,Thursday,14.0,48
2025-12-25,Thursday,15.0,34
2025-12-25,Thursday,16.0,44
2025-12-25,Thursday,17.0,54
2025-12-25,Thursday,18.0,76
2025-12-25,Thursday,19.0,95
2025-12-25,Thursday,20.0,96
2025-12-25,Thursday,21.0,89
2025-12-25,Thursday,22.0,61
2025-12-25,Thursday,23.0,49
2025-12-26,Friday,,248
2025-12-26,Friday,0.0,47
2025-12-26,Friday,1.0,50
2025-12-26,Friday,2.0,37
2025-12-26,Friday,3.0,33
2025-12-26,Friday,4.0,32
2025-12-26,Friday,5.0,34
2025-12-26,Friday,6.0,23
2025-12-26,Friday,7.0,51
2025-12-26,Friday,8.0,36
2025-12-26,Friday,9.0,53
2025-12-26,Friday,10.0,62
2025-12-26,Friday,11.0,82
2025-12-26,Friday,12.0,92
2025-12-26,Friday,13.0,134
2025-12-26,Friday,14.0,133
2025-12-26,Friday,15.0,122
2025-12-26,Friday,16.0,134
2025-12-26,Friday,17.0,129
2025-12-26,Friday,18.0,175
2025-12-26,Friday,19.0,185
2025-12-26,Friday,20.0,182
2025-12-26,Friday,21.0,141
2025-12-26,Friday,22.0,152
2025-12-26,Friday,23.0,133
2025-12-27,Saturday,,515
2025-12-27,Saturday,0.0,123
2025-12-27,Saturday,1.0,100
2025-12-27,Saturday,2.0,83
2025-12-27,Saturday,3.0,57
2025-12-27,Saturday,4.0,43
2025-12-27,Saturday,5.0,28
2025-12-27,Saturday,6.0,27
2025-12-27,Saturday,7.0,42
2025-12-27,Saturday,8.0,73
2025-12-27,Saturday,9.0,106
2025-12-27,Saturday,10.0,119
2025-12-27,Saturday,11.0,131
2025-12-27,Saturday,12.0,113
2025-12-27,Saturday,13.0,144
2025-12-27,Saturday,14.0,155
2025-12-27,Saturday,15.0,172
2025-12-27,Saturday,16.0,161
2025-12-27,Saturday,17.0,163
2025-12-27,Saturday,18.0,168
2025-12-27,Saturday,19.0,184
2025-12-27,Saturday,20.0,192
2025-12-27,Saturday,21.0,160
2025-12-27,Saturday,22.0,144
2025-12-27,Saturday,23.0,130
2025-12-28,Sunday,,321
2025-12-28,Sunday,0.0,81
2025-12-28,Sunday,1.0,60
2025-12-28,Sunday,2.0,61
2025-12-28,Sunday,3.0,41
2025-12-28,Sunday,4.0,36
2025-12-28,Sunday,5.0,26
2025-12-28,Sunday,6.0,27
2025-12-28,Sunday,7.0,47
2025-12-28,Sunday,8.0,54
2025-12-28,Sunday,9.0,76
2025-12-28,Sunday,10.0,79
2025-12-28,Sunday,11.0,84
2025-12-28,Sunday,12.0,93
2025-12-28,Sunday,13.0,107
2025-12-28,Sunday,14.0,114
2025-12-28,Sunday,15.0,138
2025-12-28,Sunday,16.0,136
2025-12-28,Sunday,17.0,136
2025-12-28,Sunday,18.0,137
2025-12-28,Sunday,19.0,165
2025-12-28,Sunday,20.0,144
2025-12-28,Sunday,21.0,135
2025-12-28,Sunday,22.0,122
2025-12-28,Sunday,23.0,92
2025-12-29,Monday,,268
2025-12-29,Monday,0.0,58
2025-12-29,Monday,1.0,47
2025-12-29,Monday,2.0,35
2025-12-29,Monday,3.0,23
2025-12-29,Monday,4.0,18
2025-12-29,Monday,5.0,34
2025-12-29,Monday,6.0,34
2025-12-29,Monday,7.0,78
2025-12-29,Monday,8.0,105
2025-12-29,Monday,9.0,108
2025-12-29,Monday,10.0,123
2025-12-29,Monday,11.0,168
2025-12-29,Monday,12.0,138
2025-12-29,Monday,13.0,129
2025-12-29,Monday,14.0,146
2025-12-29,Monday,15.0,148
2025-12-29,Monday,16.0,124
2025-12-29,Monday,17.0,133
2025-12-29,Monday,18.0,142
2025-12-29,Monday,19.0,168
2025-12-29,Monday,20.0,130
2025-12-29,Monday,21.0,104
2025-12-29,Monday,22.0,103
2025-12-29,Monday,23.0,83
2025-12-30,Tuesday,,283
2025-12-30,Tuesday,0.0,66
2025-12-30,Tuesday,1.0,37
2025-12-30,Tuesday,2.0,23
2025-12-30,Tuesday,3.0,17
2025-12-30,Tuesday,4.0,18
2025-12-30,Tuesday,5.0,17
2025-12-30,Tuesday,6.0,33
2025-12-30,Tuesday,7.0,68
2025-12-30,Tuesday,8.0,93
2025-12-30,Tuesday,9.0,122
2025-12-30,Tuesday,10.0,122
2025-12-30,Tuesday,11.0,158
2025-12-30,Tuesday,12.0,132
2025-12-30,Tuesday,13.0,149
2025-12-30,Tuesday,14.0,168
2025-12-30,Tuesday,15.0,166
2025-12-30,Tuesday,16.0,142
2025-12-30,Tuesday,17.0,145
2025-12-30,Tuesday,18.0,116
2025-12-30,Tuesday,19.0,95
2025-12-30,Tuesday,20.0,104
2025-12-30,Tuesday,21.0,104
2025-12-30,Tuesday,22.0,77
2025-12-30,Tuesday,23.0,69
2025-12-31,Wednesday,,210
2025-12-31,Wednesday,0.0,30
2025-12-31,Wednesday,1.0,24
2025-12-31,Wednesday,2.0,25
2025-12-31,Wednesday,3.0,19
2025-12-31,Wednesday,4.0,27
2025-12-31,Wednesday,5.0,18
2025-12-31,Wednesday,6.0,39
2025-12-31,Wednesday,7.0,79
2025-12-31,Wednesday,8.0,112
2025-12-31,Wednesday,9.0,128
2025-12-31,Wednesday,10.0,134
2025-12-31,Wednesday,11.0,151
2025-12-31,Wednesday,12.0,169
2025-12-31,Wednesday,13.0,146
2025-12-31,Wednesday,14.0,163
2025-12-31,Wednesday,15.0,183
2025-12-31,Wednesday,16.0,156
2025-12-31,Wednesday,17.0,153
2025-12-31,Wednesday,18.0,158
2025-12-31,Wednesday,19.0,192
2025-12-31,Wednesday,20.0,204
2025-12-31,Wednesday,21.0,184
2025-12-31,Wednesday,22.0,107
2025-12-31,Wednesday,23.0,84
2026-01-01,Thursday,,296
2026-01-01,Thursday,0.0,124
2026-01-01,Thursday,1.0,112
2026-01-01,Thursday,2.0,100
2026-01-01,Thursday,3.0,81
2026-01-01,Thursday,4.0,71
2026-01-01,Thursday,5.0,56
2026-01-01,Thursday,6.0,47
2026-01-01,Thursday,7.0,65
2026-01-01,Thursday,8.0,46
2026-01-01,Thursday,9.0,48
2026-01-01,Thursday,10.0,59
2026-01-01,Thursday,11.0,73
2026-01-01,Thursday,12.0,74
2026-01-01,Thursday,13.0,108
2026-01-01,Thursday,14.0,112
2026-01-01,Thursday,15.0,110
2026-01-01,Thursday,16.0,133
2026-01-01,Thursday,17.0,104
2026-01-01,Thursday,18.0,114
2026-01-01,Thursday,19.0,110
2026-01-01,Thursday,20.0,113
2026-01-01,Thursday,21.0,118
2026-01-01,Thursday,22.0,85
2026-01-01,Thursday,23.0,84
2026-01-02,Friday,,319
2026-01-02,Friday,0.0,73
2026-01-02,Friday,1.0,56
2026-01-02,Friday,2.0,48
2026-01-02,Friday,3.0,24
2026-01-02,Friday,4.0,28
2026-01-02,Friday,5.0,26
2026-01-02,Friday,6.0,43
2026-01-02,Friday,7.0,85
2026-01-02,Friday,8.0,106
2026-01-02,Friday,9.0,125
2026-01-02,Friday,10.0,135
2026-01-02,Friday,11.0,157
2026-01-02,Friday,12.0,135
2026-01-02,Friday,13.0,152
2026-01-02,Friday,14.0,170
2026-01-02,Friday,15.0,174
2026-01-02,Friday,16.0,149
2026-01-02,Friday,17.0,150
2026-01-02,Friday,18.0,146
2026-01-02,Friday,19.0,153
2026-01-02,Friday,20.0,116
2026-01-02,Friday,21.0,117
2026-01-02,Friday,22.0,110
2026-01-02,Friday,23.0,93
2026-01-03,Saturday,,403
2026-01-03,Saturday,0.0,67
2026-01-03,Saturday,1.0,60
2026-01-03,Saturday,2.0,44
2026-01-03,Saturday,3.0,23
2026-01-03,Saturday,4.0,14
2026-01-03,Saturday,5.0,32
2026-01-03,Saturday,6.0,35
2026-01-03,Saturday,7.0,62
2026-01-03,Saturday,8.0,85
2026-01-03,Saturday,9.0,96
2026-01-03,Saturday,10.0,115
2026-01-03,Saturday,11.0,119
2026-01-03,Saturday,12.0,121
2026-01-03,Saturday,13.0,100
2026-01-03,Saturday,14.0,114
2026-01-03,Saturday,15.0,140
2026-01-03,Saturday,16.0,119
2026-01-03,Saturday,17.0,118
2026-01-03,Saturday,18.0,118
2026-01-03,Saturday,19.0,100
2026-01-03,Saturday,20.0,99
2026-01-03,Saturday,21.0,102
2026-01-03,Saturday,22.0,97
2026-01-03,Saturday,23.0,71
2026-01-04,Sunday,,144
2026-01-04,Sunday,0.0,34
2026-01-04,Sunday,1.0,30
2026-01-04,Sunday,2.0,29
2026-01-04,Sunday,3.0,14
2026-01-04,Sunday,4.0,14
2026-01-04,Sunday,5.0,13
2026-01-04,Sunday,6.0,23
2026-01-04,Sunday,7.0,17
2026-01-04,Sunday,8.0,43
2026-01-04,Sunday,9.0,38
2026-01-04,Sunday,10.0,43
2026-01-04,Sunday,11.0,45
2026-01-04,Sunday,12.0,39
2026-01-04,Sunday,13.0,50
2026-01-04,Sunday,14.0,42
2026-01-04,Sunday,15.0,33
2026-01-04,Sunday,16.0,35
2026-01-04,Sunday,17.0,40
2026-01-04,Sunday,18.0,46
2026-01-04,Sunday,19.0,49
2026-01-04,Sunday,20.0,49
2026-01-04,Sunday,21.0,37
2026-01-04,Sunday,22.0,46
2026-01-04,Sunday,23.0,31
2026-01-05,Monday,,195
2026-01-05,Monday,0.0,24
2026-01-05,Monday,1.0,16
2026-01-05,Monday,2.0,14
2026-01-05,Monday,3.0,8
2026-01-05,Monday,4.0,15
2026-01-05,Monday,5.0,5
2026-01-05,Monday,6.0,23
2026-01-05,Monday,7.0,32
2026-01-05,Monday,8.0,32
2026-01-05,Monday,9.0,46
2026-01-05,Monday,10.0,58
2026-01-05,Monday,11.0,88
2026-01-05,Monday,12.0,93
2026-01-05,Monday,13.0,107
2026-01-05,Monday,14.0,114
2026-01-05,Monday,15.0,101
2026-01-05,Monday,16.0,80
2026-01-05,Monday,17.0,61
2026-01-05,Monday,18.0,54
2026-01-05,Monday,19.0,40
2026-01-05,Monday,20.0,57
2026-01-05,Monday,21.0,43
2026-01-05,Monday,22.0,43
2026-01-05,Monday,23.0,28
2026-01-06,Tuesday,,240
2026-01-06,Tuesday,0.0,20
2026-01-06,Tuesday,1.0,14
2026-01-06,Tuesday,2.0,11
2026-01-06,Tuesday,3.0,9
2026-01-06,Tuesday,4.0,13
2026-01-06,Tuesday,5.0,17
2026-01-06,Tuesday,6.0,23
2026-01-06,Tuesday,7.0,46
2026-01-06,Tuesday,8.0,75
2026-01-06,Tuesday,9.0,109
2026-01-06,Tuesday,10.0,127
2026-01-06,Tuesday,11.0,155
2026-01-06,Tuesday,12.0,122
2026-01-06,Tuesday,13.0,121
2026-01-06,Tuesday,14.0,162
2026-01-06,Tuesday,15.0,179
2026-01-06,Tuesday,16.0,118
2026-01-06,Tuesday,17.0,130
2026-01-06,Tuesday,18.0,117
2026-01-06,Tuesday,19.0,98
2026-01-06,Tuesday,20.0,84
2026-01-06,Tuesday,21.0,71
2026-01-06,Tuesday,22.0,70
2026-01-06,Tuesday,23.0,50
2026-01-07,Wednesday,,240
2026-01-07,Wednesday,0.0,37
2026-01-07,Wednesday,1.0,28
2026-01-07,Wednesday,2.0,14
2026-01-07,Wednesday,3.0,11
2026-01-07,Wednesday,4.0,21
2026-01-07,Wednesday,5.0,23
2026-01-07,Wednesday,6.0,40
2026-01-07,Wednesday,7.0,95
2026-01-07,Wednesday,8.0,126
2026-01-07,Wednesday,9.0,176
2026-01-07,Wednesday,10.0,164
2026-01-07,Wednesday,11.0,175
2026-01-07,Wednesday,12.0,181
2026-01-07,Wednesday,13.0,193
2026-01-07,Wednesday,14.0,198
2026-01-07,Wednesday,15.0,181
2026-01-07,Wednesday,16.0,169
2026-01-07,Wednesday,17.0,141
2026-01-07,Wednesday,18.0,113
2026-01-07,Wednesday,19.0,121
2026-01-07,Wednesday,20.0,86
2026-01-07,Wednesday,21.0,106
2026-01-07,Wednesday,22.0,93
2026-01-07,Wednesday,23.0,59
2026-01-08,Thursday,,214
2026-01-08,Thursday,0.0,38
2026-01-08,Thursday,1.0,28
2026-01-08,Thursday,2.0,20
2026-01-08,Thursday,3.0,17
2026-01-08,Thursday,4.0,16
2026-01-08,Thursday,5.0,16
2026-01-08,Thursday,6.0,48
2026-01-08,Thursday,7.0,111
2026-01-08,Thursday,8.0,130
2026-01-08,Thursday,9.0,176
2026-01-08,Thursday,10.0,156
2026-01-08,Thursday,11.0,145
2026-01-08,Thursday,12.0,187
2026-01-08,Thursday,13.0,192
2026-01-08,Thursday,14.0,210
2026-01-08,Thursday,15.0,187
2026-01-08,Thursday,16.0,175
2026-01-08,Thursday,17.0,122
2026-01-08,Thursday,18.0,127
2026-01-08,Thursday,19.0,137
2026-01-08,Thursday,20.0,121
2026-01-08,Thursday,21.0,89
2026-01-08,Thursday,22.0,92
2026-01-08,Thursday,23.0,64
2026-01-09,Friday,,320
2026-01-09,Friday,0.0,66
2026-01-09,Friday,1.0,49
2026-01-09,Friday,2.0,17
2026-01-09,Friday,3.0,15
2026-01-09,Friday,4.0,12
2026-01-09,Friday,5.0,25
2026-01-09,Friday,6.0,47
2026-01-09,Friday,7.0,109
2026-01-09,Friday,8.0,150
2026-01-09,Friday,9.0,203
2026-01-09,Friday,10.0,176
2026-01-09,Friday,11.0,214
2026-01-09,Friday,12.0,180
2026-01-09,Friday,13.0,201
2026-01-09,Friday,14.0,209
2026-01-09,Friday,15.0,183
2026-01-09,Friday,16.0,162
2026-01-09,Friday,17.0,151
2026-01-09,Friday,18.0,183
2026-01-09,Friday,19.0,160
2026-01-09,Friday,20.0,127
2026-01-09,Friday,21.0,137
2026-01-09,Friday,22.0,133
2026-01-09,Friday,23.0,121
2026-01-10,Saturday,,207
2026-01-10,Saturday,0.0,83
2026-01-10,Saturday,1.0,54
2026-01-10,Saturday,2.0,44
2026-01-10,Saturday,3.0,24
2026-01-10,Saturday,4.0,19
2026-01-10,Saturday,5.0,18
2026-01-10,Saturday,6.0,52
2026-01-10,Saturday,7.0,60
2026-01-10,Saturday,8.0,110
2026-01-10,Saturday,9.0,123
2026-01-10,Saturday,10.0,106
2026-01-10,Saturday,11.0,155
2026-01-10,Saturday,12.0,132
2026-01-10,Saturday,13.0,163
2026-01-10,Saturday,14.0,171
2026-01-10,Saturday,15.0,152
2026-01-10,Saturday,16.0,161
2026-01-10,Saturday,17.0,171
2026-01-10,Saturday,18.0,177
2026-01-10,Saturday,19.0,211
2026-01-10,Saturday,20.0,192
2026-01-10,Saturday,21.0,151
2026-01-10,Saturday,22.0,169
2026-01-10,Saturday,23.0,129
2026-01-11,Sunday,,170
2026-01-11,Sunday,0.0,119
2026-01-11,Sunday,1.0,93
2026-01-11,Sunday,2.0,67
2026-01-11,Sunday,3.0,40
2026-01-11,Sunday,4.0,32
2026-01-11,Sunday,5.0,33
2026-01-11,Sunday,6.0,43
2026-01-11,Sunday,7.0,63
2026-01-11,Sunday,8.0,60
2026-01-11,Sunday,9.0,59
2026-01-11,Sunday,10.0,78
2026-01-11,Sunday,11.0,75
2026-01-11,Sunday,12.0,98
2026-01-11,Sunday,13.0,135
2026-01-11,Sunday,14.0,123
2026-01-11,Sunday,15.0,121
2026-01-11,Sunday,16.0,138
2026-01-11,Sunday,17.0,114
2026-01-11,Sunday,18.0,123
2026-01-11,Sunday,19.0,117
2026-01-11,Sunday,20.0,84
2026-01-11,Sunday,21.0,102
2026-01-11,Sunday,22.0,67
2026-01-11,Sunday,23.0,67
2026-01-12,Monday,,155
2026-01-12,Monday,0.0,41
2026-01-12,Monday,1.0,18
2026-01-12,Monday,2.0,16
2026-01-12,Monday,3.0,10
2026-01-12,Monday,4.0,14
2026-01-12,Monday,5.0,30
2026-01-12,Monday,6.0,52
2026-01-12,Monday,7.0,109
2026-01-12,Monday,8.0,154
2026-01-12,Monday,9.0,197
2026-01-12,Monday,10.0,164
2026-01-12,Monday,11.0,176
2026-01-12,Monday,12.0,140
2026-01-12,Monday,13.0,185
2026-01-12,Monday,14.0,204
2026-01-12,Monday,15.0,196
2026-01-12,Monday,16.0,154
2026-01-12,Monday,17.0,131
2026-01-12,Monday,18.0,116
2026-01-12,Monday,19.0,129
2026-01-12,Monday,20.0,86
2026-01-12,Monday,21.0,93
2026-01-12,Monday,22.0,64
2026-01-12,Monday,23.0,51
2026-01-13,Tuesday,,165
2026-01-13,Tuesday,0.0,40
2026-01-13,Tuesday,1.0,33
2026-01-13,Tuesday,2.0,18
2026-01-13,Tuesday,3.0,12
2026-01-13,Tuesday,4.0,11
2026-01-13,Tuesday,5.0,21
2026-01-13,Tuesday,6.0,38
2026-01-13,Tuesday,7.0,107
2026-01-13,Tuesday,8.0,142
2026-01-13,Tuesday,9.0,174
2026-01-13,Tuesday,10.0,157
2026-01-13,Tuesday,11.0,164
2026-01-13,Tuesday,12.0,166
2026-01-13,Tuesday,13.0,196
2026-01-13,Tuesday,14.0,200
2026-01-13,Tuesday,15.0,180
2026-01-13,Tuesday,16.0,164
2026-01-13,Tuesday,17.0,137
2026-01-13,Tuesday,18.0,119
2026-01-13,Tuesday,19.0,116
2026-01-13,Tuesday,20.0,79
2026-01-13,Tuesday,21.0,72
2026-01-13,Tuesday,22.0,68
2026-01-13,Tuesday,23.0,50
2026-01-14,Wednesday,,272
2026-01-14,Wednesday,0.0,46
2026-01-14,Wednesday,1.0,31
2026-01-14,Wednesday,2.0,13
2026-01-14,Wednesday,3.0,8
2026-01-14,Wednesday,4.0,15
2026-01-14,Wednesday,5.0,21
2026-01-14,Wednesday,6.0,45
2026-01-14,Wednesday,7.0,101
2026-01-14,Wednesday,8.0,135
2026-01-14,Wednesday,9.0,209
2026-01-14,Wednesday,10.0,158
2026-01-14,Wednesday,11.0,167
2026-01-14,Wednesday,12.0,149
2026-01-14,Wednesday,13.0,199
2026-01-14,Wednesday,14.0,203
2026-01-14,Wednesday,15.0,183
2026-01-14,Wednesday,16.0,184
2026-01-14,Wednesday,17.0,146
2026-01-14,Wednesday,18.0,132
2026-01-14,Wednesday,19.0,119
2026-01-14,Wednesday,20.0,115
2026-01-14,Wednesday,21.0,99
2026-01-14,Wednesday,22.0,94
2026-01-14,Wednesday,23.0,62
2026-01-15,Thursday,,207
2026-01-15,Thursday,0.0,41
2026-01-15,Thursday,1.0,22
2026-01-15,Thursday,2.0,24
2026-01-15,Thursday,3.0,13
2026-01-15,Thursday,4.0,15
2026-01-15,Thursday,5.0,20
2026-01-15,Thursday,6.0,39
2026-01-15,Thursday,7.0,109
2026-01-15,Thursday,8.0,165
2026-01-15,Thursday,9.0,193
2026-01-15,Thursday,10.0,179
2026-01-15,Thursday,11.0,189
2026-01-15,Thursday,12.0,196
2026-01-15,Thursday,13.0,183
2026-01-15,Thursday,14.0,203
2026-01-15,Thursday,15.0,192
2026-01-15,Thursday,16.0,167
2026-01-15,Thursday,17.0,134
2026-01-15,Thursday,18.0,145
2026-01-15,Thursday,19.0,134
2026-01-15,Thursday,20.0,131
2026-01-15,Thursday,21.0,94
2026-01-15,Thursday,22.0,72
2026-01-15,Thursday,23.0,52
2026-01-16,Friday,,201
2026-01-16,Friday,0.0,44
2026-01-16,Friday,1.0,24
2026-01-16,Friday,2.0,27
2026-01-16,Friday,3.0,5
2026-01-16,Friday,4.0,9
2026-01-16,Friday,5.0,23
2026-01-16,Friday,6.0,37
2026-01-16,Friday,7.0,116
2026-01-16,Friday,8.0,158
2026-01-16,Friday,9.0,182
2026-01-16,Friday,10.0,184
2026-01-16,Friday,11.0,190
2026-01-16,Friday,12.0,194
2026-01-16,Friday,13.0,177
2026-01-16,Friday,14.0,223
2026-01-16,Friday,15.0,177
2026-01-16,Friday,16.0,180
2026-01-16,Friday,17.0,138
2026-01-16,Friday,18.0,176
2026-01-16,Friday,19.0,185
2026-01-16,Friday,20.0,140
2026-01-16,Friday,21.0,126
2026-01-16,Friday,22.0,147
2026-01-16,Friday,23.0,109
2026-01-17,Saturday,,129
2026-01-17,Saturday,0.0,83
2026-01-17,Saturday,1.0,64
2026-01-17,Saturday,2.0,48
2026-01-17,Saturday,3.0,25
2026-01-17,Saturday,4.0,18
2026-01-17,Saturday,5.0,31
2026-01-17,Saturday,6.0,48
2026-01-17,Saturday,7.0,80
2026-01-17,Saturday,8.0,80
2026-01-17,Saturday,9.0,134
2026-01-17,Saturday,10.0,136
2026-01-17,Saturday,11.0,155
2026-01-17,Saturday,12.0,164
2026-01-17,Saturday,13.0,183
2026-01-17,Saturday,14.0,176
2026-01-17,Saturday,15.0,176
2026-01-17,Saturday,16.0,173
2026-01-17,Saturday,17.0,188
2026-01-17,Saturday,18.0,210
2026-01-17,Saturday,19.0,187
2026-01-17,Saturday,20.0,181
2026-01-17,Saturday,21.0,181
2026-01-17,Saturday,22.0,164
2026-01-17,Saturday,23.0,134
2026-01-18,Sunday,,189
2026-01-18,Sunday,0.0,127
2026-01-18,Sunday,1.0,114
2026-01-18,Sunday,2.0,71
2026-01-18,Sunday,3.0,49
2026-01-18,Sunday,4.0,31
2026-01-18,Sunday,5.0,31
2026-01-18,Sunday,6.0,36
2026-01-18,Sunday,7.0,75
2026-01-18,Sunday,8.0,44
2026-01-18,Sunday,9.0,61
2026-01-18,Sunday,10.0,78
2026-01-18,Sunday,11.0,92
2026-01-18,Sunday,12.0,123
2026-01-18,Sunday,13.0,110
2026-01-18,Sunday,14.0,117
2026-01-18,Sunday,15.0,120
2026-01-18,Sunday,16.0,103
2026-01-18,Sunday,17.0,119
2026-01-18,Sunday,18.0,115
2026-01-18,Sunday,19.0,111
2026-01-18,Sunday,20.0,92
2026-01-18,Sunday,21.0,83
2026-01-18,Sunday,22.0,79
2026-01-18,Sunday,23.0,74
2026-01-19,Monday,,182
2026-01-19,Monday,0.0,45
2026-01-19,Monday,1.0,36
2026-01-19,Monday,2.0,20
2026-01-19,Monday,3.0,9
2026-01-19,Monday,4.0,20
2026-01-19,Monday,5.0,24
2026-01-19,Monday,6.0,56
2026-01-19,Monday,7.0,117
2026-01-19,Monday,8.0,122
2026-01-19,Monday,9.0,181
2026-01-19,Monday,10.0,172
2026-01-19,Monday,11.0,154
2026-01-19,Monday,12.0,158
2026-01-19,Monday,13.0,154
2026-01-19,Monday,14.0,205
2026-01-19,Monday,15.0,207
2026-01-19,Monday,16.0,160
2026-01-19,Monday,17.0,105
2026-01-19,Monday,18.0,131
2026-01-19,Monday,19.0,117
2026-01-19,Monday,20.0,98
2026-01-19,Monday,21.0,65
2026-01-19,Monday,22.0,77
2026-01-19,Monday,23.0,49
2026-01-20,Tuesday,,181
2026-01-20,Tuesday,0.0,47
2026-01-20,Tuesday,1.0,27
2026-01-20,Tuesday,2.0,18
2026-01-20,Tuesday,3.0,11
2026-01-20,Tuesday,4.0,21
2026-01-20,Tuesday,5.0,26
2026-01-20,Tuesday,6.0,47
2026-01-20,Tuesday,7.0,109
2026-01-20,Tuesday,8.0,139
2026-01-20,Tuesday,9.0,183
2026-01-20,Tuesday,10.0,175
2026-01-20,Tuesday,11.0,164
2026-01-20,Tuesday,12.0,165
2026-01-20,Tuesday,13.0,188
2026-01-20,Tuesday,14.0,198
2026-01-20,Tuesday,15.0,178
2026-01-20,Tuesday,16.0,160
2026-01-20,Tuesday,17.0,141
2026-01-20,Tuesday,18.0,131
2026-01-20,Tuesday,19.0,135
2026-01-20,Tuesday,20.0,94
2026-01-20,Tuesday,21.0,94
2026-01-20,Tuesday,22.0,80
2026-01-20,Tuesday,23.0,59
2026-01-21,Wednesday,,202
2026-01-21,Wednesday,0.0,51
2026-01-21,Wednesday,1.0,33
2026-01-21,Wednesday,2.0,12
2026-01-21,Wednesday,3.0,10
2026-01-21,Wednesday,4.0,11
2026-01-21,Wednesday,5.0,21
2026-01-21,Wednesday,6.0,38
2026-01-21,Wednesday,7.0,128
2026-01-21,Wednesday,8.0,156
2026-01-21,Wednesday,9.0,220
2026-01-21,Wednesday,10.0,163
2026-01-21,Wednesday,11.0,166
2026-01-21,Wednesday,12.0,178
2026-01-21,Wednesday,13.0,205
2026-01-21,Wednesday,14.0,241
2026-01-21,Wednesday,15.0,201
2026-01-21,Wednesday,16.0,190
2026-01-21,Wednesday,17.0,132
2026-01-21,Wednesday,18.0,113
2026-01-21,Wednesday,19.0,118
2026-01-21,Wednesday,20.0,106
2026-01-21,Wednesday,21.0,80
2026-01-21,Wednesday,22.0,71
2026-01-21,Wednesday,23.0,51
2026-01-22,Thursday,,267
2026-01-22,Thursday,0.0,38
2026-01-22,Thursday,1.0,21
2026-01-22,Thursday,2.0,22
2026-01-22,Thursday,3.0,10
2026-01-22,Thursday,4.0,10
2026-01-22,Thursday,5.0,31
2026-01-22,Thursday,6.0,44
2026-01-22,Thursday,7.0,108
2026-01-22,Thursday,8.0,158
2026-01-22,Thursday,9.0,187
2026-01-22,Thursday,10.0,198
2026-01-22,Thursday,11.0,192
2026-01-22,Thursday,12.0,180
2026-01-22,Thursday,13.0,198
2026-01-22,Thursday,14.0,238
2026-01-22,Thursday,15.0,231
2026-01-22,Thursday,16.0,179
2026-01-22,Thursday,17.0,156
2026-01-22,Thursday,18.0,128
2026-01-22,Thursday,19.0,146
2026-01-22,Thursday,20.0,111
2026-01-22,Thursday,21.0,79
2026-01-22,Thursday,22.0,88
2026-01-22,Thursday,23.0,53
2026-01-23,Friday,,284
2026-01-23,Friday,0.0,47
2026-01-23,Friday,1.0,28
2026-01-23,Friday,2.0,25
2026-01-23,Friday,3.0,10
2026-01-23,Friday,4.0,14
2026-01-23,Friday,5.0,21
2026-01-23,Friday,6.0,44
2026-01-23,Friday,7.0,114
2026-01-23,Friday,8.0,164
2026-01-23,Friday,9.0,183
2026-01-23,Friday,10.0,205
2026-01-23,Friday,11.0,183
2026-01-23,Friday,12.0,223
2026-01-23,Friday,13.0,201
2026-01-23,Friday,14.0,207
2026-01-23,Friday,15.0,206
2026-01-23,Friday,16.0,182
2026-01-23,Friday,17.0,188
2026-01-23,Friday,18.0,185
2026-01-23,Friday,19.0,182
2026-01-23,Friday,20.0,151
2026-01-23,Friday,21.0,145
2026-01-23,Friday,22.0,136
2026-01-23,Friday,23.0,99
2026-01-24,Saturday,,215
2026-01-24,Saturday,0.0,91
2026-01-24,Saturday,1.0,81
2026-01-24,Saturday,2.0,46
2026-01-24,Saturday,3.0,34
2026-01-24,Saturday,4.0,28
2026-01-24,Saturday,5.0,30
2026-01-24,Saturday,6.0,49
2026-01-24,Saturday,7.0,75
2026-01-24,Saturday,8.0,95
2026-01-24,Saturday,9.0,114
2026-01-24,Saturday,10.0,160
2026-01-24,Saturday,11.0,174
2026-01-24,Saturday,12.0,156
2026-01-24,Saturday,13.0,180
2026-01-24,Saturday,14.0,176
2026-01-24,Saturday,15.0,201
2026-01-24,Saturday,16.0,163
2026-01-24,Saturday,17.0,179
2026-01-24,Saturday,18.0,208
2026-01-24,Saturday,19.0,216
2026-01-24,Saturday,20.0,180
2026-01-24,Saturday,21.0,188
2026-01-24,Saturday,22.0,181
2026-01-24,Saturday,23.0,148
2026-01-25,Sunday,,241
2026-01-25,Sunday,0.0,124
2026-01-25,Sunday,1.0,112
2026-01-25,Sunday,2.0,88
2026-01-25,Sunday,3.0,46
2026-01-25,Sunday,4.0,40
2026-01-25,Sunday,5.0,36
2026-01-25,Sunday,6.0,48
2026-01-25,Sunday,7.0,72
2026-01-25,Sunday,8.0,50
2026-01-25,Sunday,9.0,81
2026-01-25,Sunday,10.0,79
2026-01-25,Sunday,11.0,104
2026-01-25,Sunday,12.0,103
2026-01-25,Sunday,13.0,135
2026-01-25,Sunday,14.0,146
2026-01-25,Sunday,15.0,133
2026-01-25,Sunday,16.0,125
2026-01-25,Sunday,17.0,122
2026-01-25,Sunday,18.0,100
2026-01-25,Sunday,19.0,119
2026-01-25,Sunday,20.0,112
2026-01-25,Sunday,21.0,91
2026-01-25,Sunday,22.0,80
2026-01-25,Sunday,23.0,57
2026-01-26,Monday,,248
2026-01-26,Monday,0.0,52
2026-01-26,Monday,1.0,33
2026-01-26,Monday,2.0,16
2026-01-26,Monday,3.0,15
2026-01-26,Monday,4.0,21
2026-01-26,Monday,5.0,27
2026-01-26,Monday,6.0,50
2026-01-26,Monday,7.0,121
2026-01-26,Monday,8.0,157
2026-01-26,Monday,9.0,186
2026-01-26,Monday,10.0,186
2026-01-26,Monday,11.0,174
2026-01-26,Monday,12.0,143
2026-01-26,Monday,13.0,176
2026-01-26,Monday,14.0,181
2026-01-26,Monday,15.0,181
2026-01-26,Monday,16.0,159
2026-01-26,Monday,17.0,133
2026-01-26,Monday,18.0,115
2026-01-26,Monday,19.0,98
2026-01-26,Monday,20.0,73
2026-01-26,Monday,21.0,80
2026-01-26,Monday,22.0,101
2026-01-26,Monday,23.0,73
2026-01-27,Tuesday,,188
2026-01-27,Tuesday,0.0,47
2026-01-27,Tuesday,1.0,29
2026-01-27,Tuesday,2.0,23
2026-01-27,Tuesday,3.0,17
2026-01-27,Tuesday,4.0,8
2026-01-27,Tuesday,5.0,30
2026-01-27,Tuesday,6.0,43
2026-01-27,Tuesday,7.0,124
2026-01-27,Tuesday,8.0,157
2026-01-27,Tuesday,9.0,166
2026-01-27,Tuesday,10.0,169
2026-01-27,Tuesday,11.0,171
2026-01-27,Tuesday,12.0,156
2026-01-27,Tuesday,13.0,173
2026-01-27,Tuesday,14.0,190
2026-01-27,Tuesday,15.0,183
2026-01-27,Tuesday,16.0,157
2026-01-27,Tuesday,17.0,145
2026-01-27,Tuesday,18.0,128
2026-01-27,Tuesday,19.0,121
2026-01-27,Tuesday,20.0,100
2026-01-27,Tuesday,21.0,76
2026-01-27,Tuesday,22.0,87
2026-01-27,Tuesday,23.0,63
2026-01-28,Wednesday,,210
2026-01-28,Wednesday,0.0,42
2026-01-28,Wednesday,1.0,40
2026-01-28,Wednesday,2.0,20
2026-01-28,Wednesday,3.0,14
2026-01-28,Wednesday,4.0,14
2026-01-28,Wednesday,5.0,19
2026-01-28,Wednesday,6.0,57
2026-01-28,Wednesday,7.0,126
2026-01-28,Wednesday,8.0,139
2026-01-28,Wednesday,9.0,172
2026-01-28,Wednesday,10.0,168
2026-01-28,Wednesday,11.0,174
2026-01-28,Wednesday,12.0,182
2026-01-28,Wednesday,13.0,172
2026-01-28,Wednesday,14.0,179
2026-01-28,Wednesday,15.0,186
2026-01-28,Wednesday,16.0,181
2026-01-28,Wednesday,17.0,132
2026-01-28,Wednesday,18.0,127
2026-01-28,Wednesday,19.0,145
2026-01-28,Wednesday,20.0,117
2026-01-28,Wednesday,21.0,95
2026-01-28,Wednesday,22.0,107
2026-01-28,Wednesday,23.0,78
2026-01-29,Thursday,,234
2026-01-29,Thursday,0.0,61
2026-01-29,Thursday,1.0,47
2026-01-29,Thursday,2.0,30
2026-01-29,Thursday,3.0,15
2026-01-29,Thursday,4.0,17
2026-01-29,Thursday,5.0,20
2026-01-29,Thursday,6.0,43
2026-01-29,Thursday,7.0,114
2026-01-29,Thursday,8.0,163
2026-01-29,Thursday,9.0,191
2026-01-29,Thursday,10.0,164
2026-01-29,Thursday,11.0,173
2026-01-29,Thursday,12.0,183
2026-01-29,Thursday,13.0,178
2026-01-29,Thursday,14.0,228
2026-01-29,Thursday,15.0,205
2026-01-29,Thursday,16.0,198
2026-01-29,Thursday,17.0,150
2026-01-29,Thursday,18.0,133
2026-01-29,Thursday,19.0,134
2026-01-29,Thursday,20.0,105
2026-01-29,Thursday,21.0,95
2026-01-29,Thursday,22.0,102
2026-01-29,Thursday,23.0,67
2026-01-30,Friday,,388
2026-01-30,Friday,0.0,57
2026-01-30,Friday,1.0,45
2026-01-30,Friday,2.0,16
2026-01-30,Friday,3.0,17
2026-01-30,Friday,4.0,15
2026-01-30,Friday,5.0,21
2026-01-30,Friday,6.0,42
2026-01-30,Friday,7.0,112
2026-01-30,Friday,8.0,157
2026-01-30,Friday,9.0,199
2026-01-30,Friday,10.0,211
2026-01-30,Friday,11.0,188
2026-01-30,Friday,12.0,219
2026-01-30,Friday,13.0,205
2026-01-30,Friday,14.0,198
2026-01-30,Friday,15.0,170
2026-01-30,Friday,16.0,162
2026-01-30,Friday,17.0,178
2026-01-30,Friday,18.0,184
2026-01-30,Friday,19.0,197
2026-01-30,Friday,20.0,155
2026-01-30,Friday,21.0,150
2026-01-30,Friday,22.0,142
2026-01-30,Friday,23.0,102
2026-01-31,Saturday,,358
2026-01-31,Saturday,0.0,108
2026-01-31,Saturday,1.0,95
2026-01-31,Saturday,2.0,63
2026-01-31,Saturday,3.0,35
2026-01-31,Saturday,4.0,28
2026-01-31,Saturday,5.0,34
2026-01-31,Saturday,6.0,54
2026-01-31,Saturday,7.0,67
2026-01-31,Saturday,8.0,105
2026-01-31,Saturday,9.0,142
2026-01-31,Saturday,10.0,166
2026-01-31,Saturday,11.0,183
2026-01-31,Saturday,12.0,180
2026-01-31,Saturday,13.0,178
2026-01-31,Saturday,14.0,177
2026-01-31,Saturday,15.0,184
2026-01-31,Saturday,16.0,184
2026-01-31,Saturday,17.0,209
2026-01-31,Saturday,18.0,223
2026-01-31,Saturday,19.0,203
2026-01-31,Saturday,20.0,214
2026-01-31,Saturday,21.0,191
2026-01-31,Saturday,22.0,203
2026-01-31,Saturday,23.0,160
2026-02-01,Sunday,,368
2026-02-01,Sunday,0.0,158
2026-02-01,Sunday,1.0,103
2026-02-01,Sunday,2.0,92
2026-02-01,Sunday,3.0,71
2026-02-01,Sunday,4.0,54
2026-02-01,Sunday,5.0,40
2026-02-01,Sunday,6.0,44
2026-02-01,Sunday,7.0,56
2026-02-01,Sunday,8.0,67
2026-02-01,Sunday,9.0,84
2026-02-01,Sunday,10.0,90
2026-02-01,Sunday,11.0,111
2026-02-01,Sunday,12.0,109
2026-02-01,Sunday,13.0,129
2026-02-01,Sunday,14.0,147
2026-02-01,Sunday,15.0,120
2026-02-01,Sunday,16.0,168
2026-02-01,Sunday,17.0,153
2026-02-01,Sunday,18.0,164
2026-02-01,Sunday,19.0,162
2026-02-01,Sunday,20.0,123
2026-02-01,Sunday,21.0,109
2026-02-01,Sunday,22.0,101
2026-02-01,Sunday,23.0,86
2026-02-02,Monday,,323
2026-02-02,Monday,0.0,45
2026-02-02,Monday,1.0,45
2026-02-02,Monday,2.0,32
2026-02-02,Monday,3.0,20
2026-02-02,Monday,4.0,24
2026-02-02,Monday,5.0,27
2026-02-02,Monday,6.0,55
2026-02-02,Monday,7.0,87
2026-02-02,Monday,8.0,118
2026-02-02,Monday,9.0,196
2026-02-02,Monday,10.0,151
2026-02-02,Monday,11.0,162
2026-02-02,Monday,12.0,165
2026-02-02,Monday,13.0,178
2026-02-02,Monday,14.0,184
2026-02-02,Monday,15.0,156
2026-02-02,Monday,16.0,160
2026-02-02,Monday,17.0,117
2026-02-02,Monday,18.0,126
2026-02-02,Monday,19.0,116
2026-02-02,Monday,20.0,93
2026-02-02,Monday,21.0,94
2026-02-02,Monday,22.0,103
2026-02-02,Monday,23.0,65
2026-02-03,Tuesday,,199
2026-02-03,Tuesday,0.0,47
2026-02-03,Tuesday,1.0,33
2026-02-03,Tuesday,2.0,25
2026-02-03,Tuesday,3.0,10
2026-02-03,Tuesday,4.0,14
2026-02-03,Tuesday,5.0,27
2026-02-03,Tuesday,6.0,47
2026-02-03,Tuesday,7.0,98
2026-02-03,Tuesday,8.0,139
2026-02-03,Tuesday,9.0,179
2026-02-03,Tuesday,10.0,187
2026-02-03,Tuesday,11.0,188
2026-02-03,Tuesday,12.0,174
2026-02-03,Tuesday,13.0,187
2026-02-03,Tuesday,14.0,182
2026-02-03,Tuesday,15.0,193
2026-02-03,Tuesday,16.0,150
2026-02-03,Tuesday,17.0,140
2026-02-03,Tuesday,18.0,128
2026-02-03,Tuesday,19.0,114
2026-02-03,Tuesday,20.0,79
2026-02-03,Tuesday,21.0,75
2026-02-03,Tuesday,22.0,87
2026-02-03,Tuesday,23.0,76
2026-02-04,Wednesday,,168
2026-02-04,Wednesday,0.0,49
2026-02-04,Wednesday,1.0,33
2026-02-04,Wednesday,2.0,15
2026-02-04,Wednesday,3.0,9
2026-02-04,Wednesday,4.0,8
2026-02-04,Wednesday,5.0,20
2026-02-04,Wednesday,6.0,39
2026-02-04,Wednesday,7.0,124
2026-02-04,Wednesday,8.0,155
2026-02-04,Wednesday,9.0,196
2026-02-04,Wednesday,10.0,165
2026-02-04,Wednesday,11.0,164
2026-02-04,Wednesday,12.0,147
2026-02-04,Wednesday,13.0,185
2026-02-04,Wednesday,14.0,200
2026-02-04,Wednesday,15.0,199
2026-02-04,Wednesday,16.0,181
2026-02-04,Wednesday,17.0,188
2026-02-04,Wednesday,18.0,141
2026-02-04,Wednesday,19.0,106
2026-02-04,Wednesday,20.0,108
2026-02-04,Wednesday,21.0,110
2026-02-04,Wednesday,22.0,92
2026-02-04,Wednesday,23.0,65
2026-02-05,Thursday,,258
2026-02-05,Thursday,0.0,63
2026-02-05,Thursday,1.0,53
2026-02-05,Thursday,2.0,27
2026-02-05,Thursday,3.0,10
2026-02-05,Thursday,4.0,14
2026-02-05,Thursday,5.0,21
2026-02-05,Thursday,6.0,37
2026-02-05,Thursday,7.0,117
2026-02-05,Thursday,8.0,167
2026-02-05,Thursday,9.0,188
2026-02-05,Thursday,10.0,182
2026-02-05,Thursday,11.0,210
2026-02-05,Thursday,12.0,200
2026-02-05,Thursday,13.0,217
2026-02-05,Thursday,14.0,191
2026-02-05,Thursday,15.0,223
2026-02-05,Thursday,16.0,166
2026-02-05,Thursday,17.0,158
2026-02-05,Thursday,18.0,139
2026-02-05,Thursday,19.0,120
2026-02-05,Thursday,20.0,120
2026-02-05,Thursday,21.0,101
2026-02-05,Thursday,22.0,108
2026-02-05,Thursday,23.0,92
2026-02-06,Friday,,344
2026-02-06,Friday,0.0,51
2026-02-06,Friday,1.0,31
2026-02-06,Friday,2.0,26
2026-02-06,Friday,3.0,11
2026-02-06,Friday,4.0,13
2026-02-06,Friday,5.0,22
2026-02-06,Friday,6.0,47
2026-02-06,Friday,7.0,132
2026-02-06,Friday,8.0,158
2026-02-06,Friday,9.0,222
2026-02-06,Friday,10.0,184
2026-02-06,Friday,11.0,226
2026-02-06,Friday,12.0,197
2026-02-06,Friday,13.0,246
2026-02-06,Friday,14.0,195
2026-02-06,Friday,15.0,176
2026-02-06,Friday,16.0,180
2026-02-06,Friday,17.0,151
2026-02-06,Friday,18.0,209
2026-02-06,Friday,19.0,201
2026-02-06,Friday,20.0,167
2026-02-06,Friday,21.0,150
2026-02-06,Friday,22.0,156
2026-02-06,Friday,23.0,122
2026-02-07,Saturday,,247
2026-02-07,Saturday,0.0,107
2026-02-07,Saturday,1.0,104
2026-02-07,Saturday,2.0,58
2026-02-07,Saturday,3.0,47
2026-02-07,Saturday,4.0,28
2026-02-07,Saturday,5.0,33
2026-02-07,Saturday,6.0,44
2026-02-07,Saturday,7.0,93
2026-02-07,Saturday,8.0,108
2026-02-07,Saturday,9.0,123
2026-02-07,Saturday,10.0,131
2026-02-07,Saturday,11.0,168
2026-02-07,Saturday,12.0,164
2026-02-07,Saturday,13.0,181
2026-02-07,Saturday,14.0,174
2026-02-07,Saturday,15.0,177
2026-02-07,Saturday,16.0,178
2026-02-07,Saturday,17.0,168
2026-02-07,Saturday,18.0,191
2026-02-07,Saturday,19.0,212
2026-02-07,Saturday,20.0,193
2026-02-07,Saturday,21.0,177
2026-02-07,Saturday,22.0,184
2026-02-07,Saturday,23.0,145
2026-02-08,Sunday,,161
2026-02-08,Sunday,0.0,137
2026-02-08,Sunday,1.0,107
2026-02-08,Sunday,2.0,97
2026-02-08,Sunday,3.0,48
2026-02-08,Sunday,4.0,42
2026-02-08,Sunday,5.0,37
2026-02-08,Sunday,6.0,49
2026-02-08,Sunday,7.0,76
2026-02-08,Sunday,8.0,56
2026-02-08,Sunday,9.0,79
2026-02-08,Sunday,10.0,74
2026-02-08,Sunday,11.0,100
2026-02-08,Sunday,12.0,95
2026-02-08,Sunday,13.0,136
2026-02-08,Sunday,14.0,135
2026-02-08,Sunday,15.0,141
2026-02-08,Sunday,16.0,141
2026-02-08,Sunday,17.0,142
2026-02-08,Sunday,18.0,144
2026-02-08,Sunday,19.0,131
2026-02-08,Sunday,20.0,126
2026-02-08,Sunday,21.0,125
2026-02-08,Sunday,22.0,93
2026-02-08,Sunday,23.0,93
2026-02-09,Monday,,205
2026-02-09,Monday,0.0,62
2026-02-09,Monday,1.0,48
2026-02-09,Monday,2.0,30
2026-02-09,Monday,3.0,12
2026-02-09,Monday,4.0,19
2026-02-09,Monday,5.0,28
2026-02-09,Monday,6.0,51
2026-02-09,Monday,7.0,116
2026-02-09,Monday,8.0,136
2026-02-09,Monday,9.0,152
2026-02-09,Monday,10.0,141
2026-02-09,Monday,11.0,156
2026-02-09,Monday,12.0,155
2026-02-09,Monday,13.0,163
2026-02-09,Monday,14.0,185
2026-02-09,Monday,15.0,163
2026-02-09,Monday,16.0,190
2026-02-09,Monday,17.0,116
2026-02-09,Monday,18.0,124
2026-02-09,Monday,19.0,104
2026-02-09,Monday,20.0,109
2026-02-09,Monday,21.0,78
2026-02-09,Monday,22.0,87
2026-02-09,Monday,23.0,70
2026-02-10,Tuesday,,233
2026-02-10,Tuesday,0.0,49
2026-02-10,Tuesday,1.0,35
2026-02-10,Tuesday,2.0,23
2026-02-10,Tuesday,3.0,5
2026-02-10,Tuesday,4.0,10
2026-02-10,Tuesday,5.0,23
2026-02-10,Tuesday,6.0,46
2026-02-10,Tuesday,7.0,113
2026-02-10,Tuesday,8.0,140
2026-02-10,Tuesday,9.0,176
2026-02-10,Tuesday,10.0,164
2026-02-10,Tuesday,11.0,193
2026-02-10,Tuesday,12.0,172
2026-02-10,Tuesday,13.0,159
2026-02-10,Tuesday,14.0,184
2026-02-10,Tuesday,15.0,166
2026-02-10,Tuesday,16.0,165
2026-02-10,Tuesday,17.0,148
2026-02-10,Tuesday,18.0,136
2026-02-10,Tuesday,19.0,136
2026-02-10,Tuesday,20.0,96
2026-02-10,Tuesday,21.0,83
2026-02-10,Tuesday,22.0,85
2026-02-10,Tuesday,23.0,55
2026-02-11,Wednesday,,215
2026-02-11,Wednesday,0.0,52
2026-02-11,Wednesday,1.0,33
2026-02-11,Wednesday,2.0,13
2026-02-11,Wednesday,3.0,10
2026-02-11,Wednesday,4.0,10
2026-02-11,Wednesday,5.0,23
2026-02-11,Wednesday,6.0,43
2026-02-11,Wednesday,7.0,102
2026-02-11,Wednesday,8.0,139
2026-02-11,Wednesday,9.0,189
2026-02-11,Wednesday,10.0,167
2026-02-11,Wednesday,11.0,169
2026-02-11,Wednesday,12.0,162
2026-02-11,Wednesday,13.0,188
2026-02-11,Wednesday,14.0,211
2026-02-11,Wednesday,15.0,166
2026-02-11,Wednesday,16.0,154
2026-02-11,Wednesday,17.0,165
2026-02-11,Wednesday,18.0,137
2026-02-11,Wednesday,19.0,127
2026-02-11,Wednesday,20.0,107
2026-02-11,Wednesday,21.0,85
2026-02-11,Wednesday,22.0,93
2026-02-11,Wednesday,23.0,75
2026-02-12,Thursday,,211
2026-02-12,Thursday,0.0,58
2026-02-12,Thursday,1.0,41
2026-02-12,Thursday,2.0,29
2026-02-12,Thursday,3.0,11
2026-02-12,Thursday,4.0,16
2026-02-12,Thursday,5.0,22
2026-02-12,Thursday,6.0,41
2026-02-12,Thursday,7.0,100
2026-02-12,Thursday,8.0,147
2026-02-12,Thursday,9.0,167
2026-02-12,Thursday,10.0,185
2026-02-12,Thursday,11.0,169
2026-02-12,Thursday,12.0,183
2026-02-12,Thursday,13.0,200
2026-02-12,Thursday,14.0,221
2026-02-12,Thursday,15.0,218
2026-02-12,Thursday,16.0,200
2026-02-12,Thursday,17.0,162
2026-02-12,Thursday,18.0,174
2026-02-12,Thursday,19.0,161
2026-02-12,Thursday,20.0,124
2026-02-12,Thursday,21.0,122
2026-02-12,Thursday,22.0,90
2026-02-12,Thursday,23.0,60
2026-02-13,Friday,,309
2026-02-13,Friday,0.0,54
2026-02-13,Friday,1.0,40
2026-02-13,Friday,2.0,23
2026-02-13,Friday,3.0,19
2026-02-13,Friday,4.0,15
2026-02-13,Friday,5.0,29
2026-02-13,Friday,6.0,40
2026-02-13,Friday,7.0,114
2026-02-13,Friday,8.0,147
2026-02-13,Friday,9.0,182
2026-02-13,Friday,10.0,183
2026-02-13,Friday,11.0,198
2026-02-13,Friday,12.0,188
2026-02-13,Friday,13.0,184
2026-02-13,Friday,14.0,202
2026-02-13,Friday,15.0,196
2026-02-13,Friday,16.0,198
2026-02-13,Friday,17.0,187
2026-02-13,Friday,18.0,176
2026-02-13,Friday,19.0,198
2026-02-13,Friday,20.0,155
2026-02-13,Friday,21.0,165
2026-02-13,Friday,22.0,166
2026-02-13,Friday,23.0,133
2026-02-14,Saturday,,288
2026-02-14,Saturday,0.0,106
2026-02-14,Saturday,1.0,86
2026-02-14,Saturday,2.0,48
2026-02-14,Saturday,3.0,31
2026-02-14,Saturday,4.0,28
2026-02-14,Saturday,5.0,30
2026-02-14,Saturday,6.0,55
2026-02-14,Saturday,7.0,80
2026-02-14,Saturday,8.0,101
2026-02-14,Saturday,9.0,139
2026-02-14,Saturday,10.0,145
2026-02-14,Saturday,11.0,155
2026-02-14,Saturday,12.0,161
2026-02-14,Saturday,13.0,176
2026-02-14,Saturday,14.0,182
2026-02-14,Saturday,15.0,202
2026-02-14,Saturday,16.0,196
2026-02-14,Saturday,17.0,190
2026-02-14,Saturday,18.0,223
2026-02-14,Saturday,19.0,239
2026-02-14,Saturday,20.0,238
2026-02-14,Saturday,21.0,198
2026-02-14,Saturday,22.0,211
2026-02-14,Saturday,23.0,163
2026-02-15,Sunday,,138
2026-02-15,Sunday,0.0,154
2026-02-15,Sunday,1.0,108
2026-02-15,Sunday,2.0,66
2026-02-15,Sunday,3.0,44
2026-02-15,Sunday,4.0,40
2026-02-15,Sunday,5.0,41
2026-02-15,Sunday,6.0,41
2026-02-15,Sunday,7.0,61
2026-02-15,Sunday,8.0,60
2026-02-15,Sunday,9.0,68
2026-02-15,Sunday,10.0,81
2026-02-15,Sunday,11.0,95
2026-02-15,Sunday,12.0,102
2026-02-15,Sunday,13.0,146
2026-02-15,Sunday,14.0,134
2026-02-15,Sunday,15.0,125
2026-02-15,Sunday,16.0,135
2026-02-15,Sunday,17.0,147
2026-02-15,Sunday,18.0,128
2026-02-15,Sunday,19.0,140
2026-02-15,Sunday,20.0,110
2026-02-15,Sunday,21.0,105
2026-02-15,Sunday,22.0,82
2026-02-15,Sunday,23.0,58
2026-02-16,Monday,,177
2026-02-16,Monday,0.0,56
2026-02-16,Monday,1.0,35
2026-02-16,Monday,2.0,21
2026-02-16,Monday,3.0,15
2026-02-16,Monday,4.0,10
2026-02-16,Monday,5.0,34
2026-02-16,Monday,6.0,49
2026-02-16,Monday,7.0,104
2026-02-16,Monday,8.0,150
2026-02-16,Monday,9.0,179
2026-02-16,Monday,10.0,192
2026-02-16,Monday,11.0,173
2026-02-16,Monday,12.0,169
2026-02-16,Monday,13.0,178
2026-02-16,Monday,14.0,191
2026-02-16,Monday,15.0,183
2026-02-16,Monday,16.0,156
2026-02-16,Monday,17.0,129
2026-02-16,Monday,18.0,99
2026-02-16,Monday,19.0,120
2026-02-16,Monday,20.0,75
2026-02-16,Monday,21.0,91
2026-02-16,Monday,22.0,108
2026-02-16,Monday,23.0,50
2026-02-17,Tuesday,,188
2026-02-17,Tuesday,0.0,49
2026-02-17,Tuesday,1.0,41
2026-02-17,Tuesday,2.0,31
2026-02-17,Tuesday,3.0,18
2026-02-17,Tuesday,4.0,7
2026-02-17,Tuesday,5.0,30
2026-02-17,Tuesday,6.0,37
2026-02-17,Tuesday,7.0,117
2026-02-17,Tuesday,8.0,161
2026-02-17,Tuesday,9.0,165
2026-02-17,Tuesday,10.0,151
2026-02-17,Tuesday,11.0,175
2026-02-17,Tuesday,12.0,156
2026-02-17,Tuesday,13.0,197
2026-02-17,Tuesday,14.0,188
2026-02-17,Tuesday,15.0,180
2026-02-17,Tuesday,16.0,162
2026-02-17,Tuesday,17.0,136
2026-02-17,Tuesday,18.0,130
2026-02-17,Tuesday,19.0,118
2026-02-17,Tuesday,20.0,91
2026-02-17,Tuesday,21.0,73
2026-02-17,Tuesday,22.0,80
2026-02-17,Tuesday,23.0,52
2026-02-18,Wednesday,,185
2026-02-18,Wednesday,0.0,57
2026-02-18,Wednesday,1.0,17
2026-02-18,Wednesday,2.0,12
2026-02-18,Wednesday,3.0,8
2026-02-18,Wednesday,4.0,16
2026-02-18,Wednesday,5.0,28
2026-02-18,Wednesday,6.0,41
2026-02-18,Wednesday,7.0,114
2026-02-18,Wednesday,8.0,153
2026-02-18,Wednesday,9.0,224
2026-02-18,Wednesday,10.0,174
2026-02-18,Wednesday,11.0,178
2026-02-18,Wednesday,12.0,183
2026-02-18,Wednesday,13.0,198
2026-02-18,Wednesday,14.0,197
2026-02-18,Wednesday,15.0,201
2026-02-18,Wednesday,16.0,188
2026-02-18,Wednesday,17.0,152
2026-02-18,Wednesday,18.0,155
2026-02-18,Wednesday,19.0,149
2026-02-18,Wednesday,20.0,101
2026-02-18,Wednesday,21.0,105
2026-02-18,Wednesday,22.0,93
2026-02-18,Wednesday,23.0,64
2026-02-19,Thursday,,194
2026-02-19,Thursday,0.0,34
2026-02-19,Thursday,1.0,27
2026-02-19,Thursday,2.0,24
2026-02-19,Thursday,3.0,8
2026-02-19,Thursday,4.0,8
2026-02-19,Thursday,5.0,31
2026-02-19,Thursday,6.0,37
2026-02-19,Thursday,7.0,111
2026-02-19,Thursday,8.0,169
2026-02-19,Thursday,9.0,190
2026-02-19,Thursday,10.0,180
2026-02-19,Thursday,11.0,209
2026-02-19,Thursday,12.0,188
2026-02-19,Thursday,13.0,175
2026-02-19,Thursday,14.0,222
2026-02-19,Thursday,15.0,200
2026-02-19,Thursday,16.0,179
2026-02-19,Thursday,17.0,147
2026-02-19,Thursday,18.0,146
2026-02-19,Thursday,19.0,130
2026-02-19,Thursday,20.0,114
2026-02-19,Thursday,21.0,105
2026-02-19,Thursday,22.0,91
2026-02-19,Thursday,23.0,63
2026-02-20,Friday,,293
2026-02-20,Friday,0.0,56
2026-02-20,Friday,1.0,53
2026-02-20,Friday,2.0,23
2026-02-20,Friday,3.0,15
2026-02-20,Friday,4.0,16
2026-02-20,Friday,5.0,24
2026-02-20,Friday,6.0,46
2026-02-20,Friday,7.0,112
2026-02-20,Friday,8.0,157
2026-02-20,Friday,9.0,202
2026-02-20,Friday,10.0,197
2026-02-20,Friday,11.0,210
2026-02-20,Friday,12.0,197
2026-02-20,Friday,13.0,187
2026-02-20,Friday,14.0,213
2026-02-20,Friday,15.0,166
2026-02-20,Friday,16.0,165
2026-02-20,Friday,17.0,165
2026-02-20,Friday,18.0,210
2026-02-20,Friday,19.0,216
2026-02-20,Friday,20.0,170
2026-02-20,Friday,21.0,174
2026-02-20,Friday,22.0,168
2026-02-20,Friday,23.0,119
2026-02-21,Saturday,,274
2026-02-21,Saturday,0.0,130
2026-02-21,Saturday,1.0,102
2026-02-21,Saturday,2.0,65
2026-02-21,Saturday,3.0,33
2026-02-21,Saturday,4.0,44
2026-02-21,Saturday,5.0,29
2026-02-21,Saturday,6.0,53
2026-02-21,Saturday,7.0,82
2026-02-21,Saturday,8.0,97
2026-02-21,Saturday,9.0,144
2026-02-21,Saturday,10.0,146
2026-02-21,Saturday,11.0,161
2026-02-21,Saturday,12.0,149
2026-02-21,Saturday,13.0,190
2026-02-21,Saturday,14.0,220
2026-02-21,Saturday,15.0,163
2026-02-21,Saturday,16.0,172
2026-02-21,Saturday,17.0,192
2026-02-21,Saturday,18.0,222
2026-02-21,Saturday,19.0,229
2026-02-21,Saturday,20.0,246
2026-02-21,Saturday,21.0,188
2026-02-21,Saturday,22.0,186
2026-02-21,Saturday,23.0,168
2026-02-22,Sunday,,272
2026-02-22,Sunday,0.0,146
2026-02-22,Sunday,1.0,110
2026-02-22,Sunday,2.0,84
2026-02-22,Sunday,3.0,71
2026-02-22,Sunday,4.0,42
2026-02-22,Sunday,5.0,44
2026-02-22,Sunday,6.0,39
2026-02-22,Sunday,7.0,60
2026-02-22,Sunday,8.0,56
2026-02-22,Sunday,9.0,58
2026-02-22,Sunday,10.0,78
2026-02-22,Sunday,11.0,89
2026-02-22,Sunday,12.0,96
2026-02-22,Sunday,13.0,112
2026-02-22,Sunday,14.0,157
2026-02-22,Sunday,15.0,143
2026-02-22,Sunday,16.0,123
2026-02-22,Sunday,17.0,94
2026-02-22,Sunday,18.0,100
2026-02-22,Sunday,19.0,111
2026-02-22,Sunday,20.0,137
2026-02-22,Sunday,21.0,106
2026-02-22,Sunday,22.0,86
2026-02-22,Sunday,23.0,73
2026-02-23,Monday,,270
2026-02-23,Monday,0.0,37
2026-02-23,Monday,1.0,31
2026-02-23,Monday,2.0,25
2026-02-23,Monday,3.0,7
2026-02-23,Monday,4.0,15
2026-02-23,Monday,5.0,29
2026-02-23,Monday,6.0,41
2026-02-23,Monday,7.0,102
2026-02-23,Monday,8.0,132
2026-02-23,Monday,9.0,189
2026-02-23,Monday,10.0,185
2026-02-23,Monday,11.0,150
2026-02-23,Monday,12.0,151
2026-02-23,Monday,13.0,186
2026-02-23,Monday,14.0,190
2026-02-23,Monday,15.0,184
2026-02-23,Monday,16.0,165
2026-02-23,Monday,17.0,134
2026-02-23,Monday,18.0,116
2026-02-23,Monday,19.0,100
2026-02-23,Monday,20.0,75
2026-02-23,Monday,21.0,70
2026-02-23,Monday,22.0,87
2026-02-23,Monday,23.0,58
2026-02-24,Tuesday,,222
2026-02-24,Tuesday,0.0,47
2026-02-24,Tuesday,1.0,22
2026-02-24,Tuesday,2.0,15
2026-02-24,Tuesday,3.0,11
2026-02-24,Tuesday,4.0,10
2026-02-24,Tuesday,5.0,27
2026-02-24,Tuesday,6.0,43
2026-02-24,Tuesday,7.0,100
2026-02-24,Tuesday,8.0,154
2026-02-24,Tuesday,9.0,194
2026-02-24,Tuesday,10.0,173
2026-02-24,Tuesday,11.0,180
2026-02-24,Tuesday,12.0,173
2026-02-24,Tuesday,13.0,181
2026-02-24,Tuesday,14.0,183
2026-02-24,Tuesday,15.0,160
2026-02-24,Tuesday,16.0,152
2026-02-24,Tuesday,17.0,112
2026-02-24,Tuesday,18.0,140
2026-02-24,Tuesday,19.0,112
2026-02-24,Tuesday,20.0,85
2026-02-24,Tuesday,21.0,76
2026-02-24,Tuesday,22.0,75
2026-02-24,Tuesday,23.0,38
2026-02-25,Wednesday,,210
2026-02-25,Wednesday,0.0,42
2026-02-25,Wednesday,1.0,28
2026-02-25,Wednesday,2.0,17
2026-02-25,Wednesday,3.0,7
2026-02-25,Wednesday,4.0,18
2026-02-25,Wednesday,5.0,27
2026-02-25,Wednesday,6.0,42
2026-02-25,Wednesday,7.0,117
2026-02-25,Wednesday,8.0,155
2026-02-25,Wednesday,9.0,200
2026-02-25,Wednesday,10.0,177
2026-02-25,Wednesday,11.0,198
2026-02-25,Wednesday,12.0,173
2026-02-25,Wednesday,13.0,189
2026-02-25,Wednesday,14.0,184
2026-02-25,Wednesday,15.0,198
2026-02-25,Wednesday,16.0,150
2026-02-25,Wednesday,17.0,167
2026-02-25,Wednesday,18.0,147
2026-02-25,Wednesday,19.0,130
2026-02-25,Wednesday,20.0,105
2026-02-25,Wednesday,21.0,98
2026-02-25,Wednesday,22.0,100
2026-02-25,Wednesday,23.0,63
2026-02-26,Thursday,,284
2026-02-26,Thursday,0.0,59
2026-02-26,Thursday,1.0,43
2026-02-26,Thursday,2.0,23
2026-02-26,Thursday,3.0,13
2026-02-26,Thursday,4.0,16
2026-02-26,Thursday,5.0,29
2026-02-26,Thursday,6.0,50
2026-02-26,Thursday,7.0,109
2026-02-26,Thursday,8.0,167
2026-02-26,Thursday,9.0,217
2026-02-26,Thursday,10.0,176
2026-02-26,Thursday,11.0,194
2026-02-26,Thursday,12.0,200
2026-02-26,Thursday,13.0,191
2026-02-26,Thursday,14.0,200
2026-02-26,Thursday,15.0,198
2026-02-26,Thursday,16.0,189
2026-02-26,Thursday,17.0,145
2026-02-26,Thursday,18.0,164
2026-02-26,Thursday,19.0,152
2026-02-26,Thursday,20.0,130
2026-02-26,Thursday,21.0,84
2026-02-26,Thursday,22.0,88
2026-02-26,Thursday,23.0,68
2026-02-27,Friday,,422
2026-02-27,Friday,0.0,70
2026-02-27,Friday,1.0,31
2026-02-27,Friday,2.0,28
2026-02-27,Friday,3.0,16
2026-02-27,Friday,4.0,16
2026-02-27,Friday,5.0,30
2026-02-27,Friday,6.0,46
2026-02-27,Friday,7.0,133
2026-02-27,Friday,8.0,163
2026-02-27,Friday,9.0,184
2026-02-27,Friday,10.0,226
2026-02-27,Friday,11.0,219
2026-02-27,Friday,12.0,191
2026-02-27,Friday,13.0,212
2026-02-27,Friday,14.0,178
2026-02-27,Friday,15.0,164
2026-02-27,Friday,16.0,174
2026-02-27,Friday,17.0,158
2026-02-27,Friday,18.0,168
2026-02-27,Friday,19.0,167
2026-02-27,Friday,20.0,211
2026-02-27,Friday,21.0,156
2026-02-27,Friday,22.0,173
2026-02-27,Friday,23.0,127
2026-02-28,Saturday,,465
2026-02-28,Saturday,0.0,118
2026-02-28,Saturday,1.0,75
2026-02-28,Saturday,2.0,67
2026-02-28,Saturday,3.0,43
2026-02-28,Saturday,4.0,29
2026-02-28,Saturday,5.0,30
2026-02-28,Saturday,6.0,60
2026-02-28,Saturday,7.0,78
2026-02-28,Saturday,8.0,94
2026-02-28,Saturday,9.0,107
2026-02-28,Saturday,10.0,139
2026-02-28,Saturday,11.0,170
2026-02-28,Saturday,12.0,168
2026-02-28,Saturday,13.0,182
2026-02-28,Saturday,14.0,187
2026-02-28,Saturday,15.0,186
2026-02-28,Saturday,16.0,193
2026-02-28,Saturday,17.0,195
2026-02-28,Saturday,18.0,208
2026-02-28,Saturday,19.0,254
2026-02-28,Saturday,20.0,222
2026-02-28,Saturday,21.0,222
2026-02-28,Saturday,22.0,181
2026-02-28,Saturday,23.0,171
2026-03-01,Sunday,,434
2026-03-01,Sunday,0.0,141
2026-03-01,Sunday,1.0,109
2026-03-01,Sunday,2.0,88
2026-03-01,Sunday,3.0,59
2026-03-01,Sunday,4.0,42
2026-03-01,Sunday,5.0,52
2026-03-01,Sunday,6.0,60
2026-03-01,Sunday,7.0,78
2026-03-01,Sunday,8.0,72
2026-03-01,Sunday,9.0,73
2026-03-01,Sunday,10.0,91
2026-03-01,Sunday,11.0,102
2026-03-01,Sunday,12.0,116
2026-03-01,Sunday,13.0,114
2026-03-01,Sunday,14.0,141
2026-03-01,Sunday,15.0,121
2026-03-01,Sunday,16.0,149
2026-03-01,Sunday,17.0,136
2026-03-01,Sunday,18.0,126
2026-03-01,Sunday,19.0,125
2026-03-01,Sunday,20.0,115
2026-03-01,Sunday,21.0,126
2026-03-01,Sunday,22.0,112
2026-03-01,Sunday,23.0,68
2026-03-02,Monday,,270
2026-03-02,Monday,0.0,52
2026-03-02,Monday,1.0,51
2026-03-02,Monday,2.0,27
2026-03-02,Monday,3.0,22
2026-03-02,Monday,4.0,14
2026-03-02,Monday,5.0,30
2026-03-02,Monday,6.0,41
2026-03-02,Monday,7.0,98
2026-03-02,Monday,8.0,150
2026-03-02,Monday,9.0,181
2026-03-02,Monday,10.0,149
2026-03-02,Monday,11.0,182
2026-03-02,Monday,12.0,159
2026-03-02,Monday,13.0,181
2026-03-02,Monday,14.0,178
2026-03-02,Monday,15.0,180
2026-03-02,Monday,16.0,165
2026-03-02,Monday,17.0,144
2026-03-02,Monday,18.0,148
2026-03-02,Monday,19.0,97
2026-03-02,Monday,20.0,94
2026-03-02,Monday,21.0,98
2026-03-02,Monday,22.0,100
2026-03-02,Monday,23.0,75
2026-03-03,Tuesday,,284
2026-03-03,Tuesday,0.0,45
2026-03-03,Tuesday,1.0,30
2026-03-03,Tuesday,2.0,22
2026-03-03,Tuesday,3.0,6
2026-03-03,Tuesday,4.0,14
2026-03-03,Tuesday,5.0,21
2026-03-03,Tuesday,6.0,32
2026-03-03,Tuesday,7.0,116
2026-03-03,Tuesday,8.0,138
2026-03-03,Tuesday,9.0,177
2026-03-03,Tuesday,10.0,154
2026-03-03,Tuesday,11.0,164
2026-03-03,Tuesday,12.0,154
2026-03-03,Tuesday,13.0,185
2026-03-03,Tuesday,14.0,191
2026-03-03,Tuesday,15.0,186
2026-03-03,Tuesday,16.0,145
2026-03-03,Tuesday,17.0,129
2026-03-03,Tuesday,18.0,138
2026-03-03,Tuesday,19.0,114
2026-03-03,Tuesday,20.0,104
2026-03-03,Tuesday,21.0,93
2026-03-03,Tuesday,22.0,82
2026-03-03,Tuesday,23.0,55
2026-03-04,Wednesday,,189
2026-03-04,Wednesday,0.0,35
2026-03-04,Wednesday,1.0,20
2026-03-04,Wednesday,2.0,9
2026-03-04,Wednesday,3.0,7
2026-03-04,Wednesday,4.0,14
2026-03-04,Wednesday,5.0,23
2026-03-04,Wednesday,6.0,46
2026-03-04,Wednesday,7.0,105
2026-03-04,Wednesday,8.0,171
2026-03-04,Wednesday,9.0,204
2026-03-04,Wednesday,10.0,173
2026-03-04,Wednesday,11.0,179
2026-03-04,Wednesday,12.0,173
2026-03-04,Wednesday,13.0,178
2026-03-04,Wednesday,14.0,203
2026-03-04,Wednesday,15.0,200
2026-03-04,Wednesday,16.0,176
2026-03-04,Wednesday,17.0,121
2026-03-04,Wednesday,18.0,134
2026-03-04,Wednesday,19.0,109
2026-03-04,Wednesday,20.0,110
2026-03-04,Wednesday,21.0,84
2026-03-04,Wednesday,22.0,87
2026-03-04,Wednesday,23.0,59
2026-03-05,Thursday,,159
2026-03-05,Thursday,0.0,43
2026-03-05,Thursday,1.0,37
2026-03-05,Thursday,2.0,24
2026-03-05,Thursday,3.0,13
2026-03-05,Thursday,4.0,14
2026-03-05,Thursday,5.0,28
2026-03-05,Thursday,6.0,41
2026-03-05,Thursday,7.0,137
2026-03-05,Thursday,8.0,167
2026-03-05,Thursday,9.0,207
2026-03-05,Thursday,10.0,161
2026-03-05,Thursday,11.0,162
2026-03-05,Thursday,12.0,203
2026-03-05,Thursday,13.0,187
2026-03-05,Thursday,14.0,213
2026-03-05,Thursday,15.0,193
2026-03-05,Thursday,16.0,175
2026-03-05,Thursday,17.0,167
2026-03-05,Thursday,18.0,148
2026-03-05,Thursday,19.0,109
2026-03-05,Thursday,20.0,121
2026-03-05,Thursday,21.0,128
2026-03-05,Thursday,22.0,85
2026-03-05,Thursday,23.0,72
2026-03-06,Friday,,396
2026-03-06,Friday,0.0,65
2026-03-06,Friday,1.0,34
2026-03-06,Friday,2.0,16
2026-03-06,Friday,3.0,15
2026-03-06,Friday,4.0,18
2026-03-06,Friday,5.0,22
2026-03-06,Friday,6.0,37
2026-03-06,Friday,7.0,124
2026-03-06,Friday,8.0,160
2026-03-06,Friday,9.0,206
2026-03-06,Friday,10.0,179
2026-03-06,Friday,11.0,197
2026-03-06,Friday,12.0,177
2026-03-06,Friday,13.0,213
2026-03-06,Friday,14.0,174
2026-03-06,Friday,15.0,150
2026-03-06,Friday,16.0,156
2026-03-06,Friday,17.0,150
2026-03-06,Friday,18.0,190
2026-03-06,Friday,19.0,183
2026-03-06,Friday,20.0,189
2026-03-06,Friday,21.0,172
2026-03-06,Friday,22.0,172
2026-03-06,Friday,23.0,148
2026-03-07,Saturday,,273
2026-03-07,Saturday,0.0,125
2026-03-07,Saturday,1.0,86
2026-03-07,Saturday,2.0,64
2026-03-07,Saturday,3.0,38
2026-03-07,Saturday,4.0,43
2026-03-07,Saturday,5.0,36
2026-03-07,Saturday,6.0,47
2026-03-07,Saturday,7.0,91
2026-03-07,Saturday,8.0,97
2026-03-07,Saturday,9.0,117
2026-03-07,Saturday,10.0,141
2026-03-07,Saturday,11.0,154
2026-03-07,Saturday,12.0,164
2026-03-07,Saturday,13.0,195
2026-03-07,Saturday,14.0,199
2026-03-07,Saturday,15.0,182
2026-03-07,Saturday,16.0,193
2026-03-07,Saturday,17.0,186
2026-03-07,Saturday,18.0,243
2026-03-07,Saturday,19.0,223
2026-03-07,Saturday,20.0,217
2026-03-07,Saturday,21.0,201
2026-03-07,Saturday,22.0,196
2026-03-07,Saturday,23.0,140
2026-03-08,Sunday,,212
2026-03-08,Sunday,0.0,138
2026-03-08,Sunday,1.0,109
2026-03-08,Sunday,2.0,102
2026-03-08,Sunday,3.0,65
2026-03-08,Sunday,4.0,48
2026-03-08,Sunday,5.0,33
2026-03-08,Sunday,6.0,42
2026-03-08,Sunday,7.0,70
2026-03-08,Sunday,8.0,53
2026-03-08,Sunday,9.0,74
2026-03-08,Sunday,10.0,100
2026-03-08,Sunday,11.0,107
2026-03-08,Sunday,12.0,113
2026-03-08,Sunday,13.0,129
2026-03-08,Sunday,14.0,149
2026-03-08,Sunday,15.0,138
2026-03-08,Sunday,16.0,139
2026-03-08,Sunday,17.0,147
2026-03-08,Sunday,18.0,133
2026-03-08,Sunday,19.0,140
2026-03-08,Sunday,20.0,115
2026-03-08,Sunday,21.0,114
2026-03-08,Sunday,22.0,94
2026-03-08,Sunday,23.0,72
2026-03-09,Monday,,116
2026-03-09,Monday,0.0,59
2026-03-09,Monday,1.0,37
2026-03-09,Monday,2.0,15
2026-03-09,Monday,3.0,14
2026-03-09,Monday,4.0,13
2026-03-09,Monday,5.0,26
2026-03-09,Monday,6.0,41
2026-03-09,Monday,7.0,100
2026-03-09,Monday,8.0,148
2026-03-09,Monday,9.0,197
2026-03-09,Monday,10.0,165
2026-03-09,Monday,11.0,162
2026-03-09,Monday,12.0,160
2026-03-09,Monday,13.0,190
2026-03-09,Monday,14.0,202
2026-03-09,Monday,15.0,189
2026-03-09,Monday,16.0,132
2026-03-09,Monday,17.0,163
2026-03-09,Monday,18.0,138
2026-03-09,Monday,19.0,115
2026-03-09,Monday,20.0,105
2026-03-09,Monday,21.0,88
2026-03-09,Monday,22.0,107
2026-03-09,Monday,23.0,68
2026-03-10,Tuesday,,314
2026-03-10,Tuesday,0.0,53
2026-03-10,Tuesday,1.0,38
2026-03-10,Tuesday,2.0,32
2026-03-10,Tuesday,3.0,8
2026-03-10,Tuesday,4.0,8
2026-03-10,Tuesday,5.0,27
2026-03-10,Tuesday,6.0,37
2026-03-10,Tuesday,7.0,101
2026-03-10,Tuesday,8.0,150
2026-03-10,Tuesday,9.0,155
2026-03-10,Tuesday,10.0,162
2026-03-10,Tuesday,11.0,169
2026-03-10,Tuesday,12.0,172
2026-03-10,Tuesday,13.0,162
2026-03-10,Tuesday,14.0,187
2026-03-10,Tuesday,15.0,183
2026-03-10,Tuesday,16.0,137
2026-03-10,Tuesday,17.0,127
2026-03-10,Tuesday,18.0,117
2026-03-10,Tuesday,19.0,114
2026-03-10,Tuesday,20.0,105
2026-03-10,Tuesday,21.0,100
2026-03-10,Tuesday,22.0,90
2026-03-10,Tuesday,23.0,63
2026-03-11,Wednesday,,251
2026-03-11,Wednesday,0.0,35
2026-03-11,Wednesday,1.0,25
2026-03-11,Wednesday,2.0,15
2026-03-11,Wednesday,3.0,10
2026-03-11,Wednesday,4.0,15
2026-03-11,Wednesday,5.0,18
2026-03-11,Wednesday,6.0,39
2026-03-11,Wednesday,7.0,124
2026-03-11,Wednesday,8.0,159
2026-03-11,Wednesday,9.0,208
2026-03-11,Wednesday,10.0,184
2026-03-11,Wednesday,11.0,196
2026-03-11,Wednesday,12.0,178
2026-03-11,Wednesday,13.0,195
2026-03-11,Wednesday,14.0,196
2026-03-11,Wednesday,15.0,189
2026-03-11,Wednesday,16.0,170
2026-03-11,Wednesday,17.0,147
2026-03-11,Wednesday,18.0,141
2026-03-11,Wednesday,19.0,127
2026-03-11,Wednesday,20.0,116
2026-03-11,Wednesday,21.0,101
2026-03-11,Wednesday,22.0,91
2026-03-11,Wednesday,23.0,60
2026-03-12,Thursday,,310
2026-03-12,Thursday,0.0,44
2026-03-12,Thursday,1.0,34
2026-03-12,Thursday,2.0,23
2026-03-12,Thursday,3.0,12
2026-03-12,Thursday,4.0,16
2026-03-12,Thursday,5.0,24
2026-03-12,Thursday,6.0,50
2026-03-12,Thursday,7.0,116
2026-03-12,Thursday,8.0,157
2026-03-12,Thursday,9.0,245
2026-03-12,Thursday,10.0,186
2026-03-12,Thursday,11.0,187
2026-03-12,Thursday,12.0,210
2026-03-12,Thursday,13.0,206
2026-03-12,Thursday,14.0,198
2026-03-12,Thursday,15.0,207
2026-03-12,Thursday,16.0,186
2026-03-12,Thursday,17.0,158
2026-03-12,Thursday,18.0,152
2026-03-12,Thursday,19.0,142
2026-03-12,Thursday,20.0,153
2026-03-12,Thursday,21.0,132
2026-03-12,Thursday,22.0,106
2026-03-12,Thursday,23.0,77
2026-03-13,Friday,,499
2026-03-13,Friday,0.0,49
2026-03-13,Friday,1.0,37
2026-03-13,Friday,2.0,19
2026-03-13,Friday,3.0,8
2026-03-13,Friday,4.0,19
2026-03-13,Friday,5.0,25
2026-03-13,Friday,6.0,48
2026-03-13,Friday,7.0,112
2026-03-13,Friday,8.0,162
2026-03-13,Friday,9.0,185
2026-03-13,Friday,10.0,231
2026-03-13,Friday,11.0,212
2026-03-13,Friday,12.0,225
2026-03-13,Friday,13.0,229
2026-03-13,Friday,14.0,159
2026-03-13,Friday,15.0,133
2026-03-13,Friday,16.0,147
2026-03-13,Friday,17.0,155
2026-03-13,Friday,18.0,175
2026-03-13,Friday,19.0,153
2026-03-13,Friday,20.0,178
2026-03-13,Friday,21.0,162
2026-03-13,Friday,22.0,166
2026-03-13,Friday,23.0,118
2026-03-14,Saturday,,430
2026-03-14,Saturday,0.0,116
2026-03-14,Saturday,1.0,90
2026-03-14,Saturday,2.0,64
2026-03-14,Saturday,3.0,45
2026-03-14,Saturday,4.0,36
2026-03-14,Saturday,5.0,33
2026-03-14,Saturday,6.0,45
2026-03-14,Saturday,7.0,85
2026-03-14,Saturday,8.0,105
2026-03-14,Saturday,9.0,159
2026-03-14,Saturday,10.0,182
2026-03-14,Saturday,11.0,152
2026-03-14,Saturday,12.0,134
2026-03-14,Saturday,13.0,137
2026-03-14,Saturday,14.0,170
2026-03-14,Saturday,15.0,173
2026-03-14,Saturday,16.0,186
2026-03-14,Saturday,17.0,205
2026-03-14,Saturday,18.0,227
2026-03-14,Saturday,19.0,227
2026-03-14,Saturday,20.0,206
2026-03-14,Saturday,21.0,185
2026-03-14,Saturday,22.0,195
2026-03-14,Saturday,23.0,146
2026-03-15,Sunday,,385
2026-03-15,Sunday,0.0,151
2026-03-15,Sunday,1.0,95
2026-03-15,Sunday,2.0,83
2026-03-15,Sunday,3.0,47
2026-03-15,Sunday,4.0,27
2026-03-15,Sunday,5.0,17
2026-03-15,Sunday,6.0,64
2026-03-15,Sunday,7.0,47
2026-03-15,Sunday,8.0,60
2026-03-15,Sunday,9.0,78
2026-03-15,Sunday,10.0,103
2026-03-15,Sunday,11.0,108
2026-03-15,Sunday,12.0,136
2026-03-15,Sunday,13.0,164
2026-03-15,Sunday,14.0,171
2026-03-15,Sunday,15.0,161
2026-03-15,Sunday,16.0,159
2026-03-15,Sunday,17.0,163
2026-03-15,Sunday,18.0,158
2026-03-15,Sunday,19.0,160
2026-03-15,Sunday,20.0,150
2026-03-15,Sunday,21.0,138
2026-03-15,Sunday,22.0,116
2026-03-15,Sunday,23.0,96
2026-03-16,Monday,,340
2026-03-16,Monday,0.0,40
2026-03-16,Monday,1.0,56
2026-03-16,Monday,2.0,49
2026-03-16,Monday,3.0,22
2026-03-16,Monday,4.0,16
2026-03-16,Monday,5.0,36
2026-03-16,Monday,6.0,37
2026-03-16,Monday,7.0,104
2026-03-16,Monday,8.0,147
2026-03-16,Monday,9.0,174
2026-03-16,Monday,10.0,160
2026-03-16,Monday,11.0,181
2026-03-16,Monday,12.0,193
2026-03-16,Monday,13.0,201
2026-03-16,Monday,14.0,205
2026-03-16,Monday,15.0,186
2026-03-16,Monday,16.0,148
2026-03-16,Monday,17.0,156
2026-03-16,Monday,18.0,144
2026-03-16,Monday,19.0,150
2026-03-16,Monday,20.0,129
2026-03-16,Monday,21.0,113
2026-03-16,Monday,22.0,131
2026-03-16,Monday,23.0,106
2026-03-17,Tuesday,,367
2026-03-17,Tuesday,0.0,66
2026-03-17,Tuesday,1.0,51
2026-03-17,Tuesday,2.0,34
2026-03-17,Tuesday,3.0,21
2026-03-17,Tuesday,4.0,19
2026-03-17,Tuesday,5.0,16
2026-03-17,Tuesday,6.0,40
2026-03-17,Tuesday,7.0,79
2026-03-17,Tuesday,8.0,79
2026-03-17,Tuesday,9.0,102
2026-03-17,Tuesday,10.0,112
2026-03-17,Tuesday,11.0,164
2026-03-17,Tuesday,12.0,166
2026-03-17,Tuesday,13.0,168
2026-03-17,Tuesday,14.0,185
2026-03-17,Tuesday,15.0,161
2026-03-17,Tuesday,16.0,185
2026-03-17,Tuesday,17.0,154
2026-03-17,Tuesday,18.0,177
2026-03-17,Tuesday,19.0,182
2026-03-17,Tuesday,20.0,166
2026-03-17,Tuesday,21.0,163
2026-03-17,Tuesday,22.0,115
2026-03-17,Tuesday,23.0,91
2026-03-18,Wednesday,,274
2026-03-18,Wednesday,0.0,68
2026-03-18,Wednesday,1.0,53
2026-03-18,Wednesday,2.0,39
2026-03-18,Wednesday,3.0,39
2026-03-18,Wednesday,4.0,35
2026-03-18,Wednesday,5.0,31
2026-03-18,Wednesday,6.0,41
2026-03-18,Wednesday,7.0,101
2026-03-18,Wednesday,8.0,150
2026-03-18,Wednesday,9.0,163
2026-03-18,Wednesday,10.0,161
2026-03-18,Wednesday,11.0,168
2026-03-18,Wednesday,12.0,150
2026-03-18,Wednesday,13.0,180
2026-03-18,Wednesday,14.0,180
2026-03-18,Wednesday,15.0,180
2026-03-18,Wednesday,16.0,153
2026-03-18,Wednesday,17.0,142
2026-03-18,Wednesday,18.0,128
2026-03-18,Wednesday,19.0,92
2026-03-18,Wednesday,20.0,83
2026-03-18,Wednesday,21.0,80
2026-03-18,Wednesday,22.0,93
2026-03-18,Wednesday,23.0,53
2026-03-19,Thursday,,292
2026-03-19,Thursday,0.0,35
2026-03-19,Thursday,1.0,22
2026-03-19,Thursday,2.0,10
2026-03-19,Thursday,3.0,7
2026-03-19,Thursday,4.0,12
2026-03-19,Thursday,5.0,14
2026-03-19,Thursday,6.0,26
2026-03-19,Thursday,7.0,100
2026-03-19,Thursday,8.0,141
2026-03-19,Thursday,9.0,190
2026-03-19,Thursday,10.0,176
2026-03-19,Thursday,11.0,167
2026-03-19,Thursday,12.0,175
2026-03-19,Thursday,13.0,187
2026-03-19,Thursday,14.0,184
2026-03-19,Thursday,15.0,204
2026-03-19,Thursday,16.0,167
2026-03-19,Thursday,17.0,150
2026-03-19,Thursday,18.0,118
2026-03-19,Thursday,19.0,145
2026-03-19,Thursday,20.0,120
2026-03-19,Thursday,21.0,86
2026-03-19,Thursday,22.0,87
2026-03-19,Thursday,23.0,51
2026-03-20,Friday,,331
2026-03-20,Friday,0.0,51
2026-03-20,Friday,1.0,35
2026-03-20,Friday,2.0,16
2026-03-20,Friday,3.0,9
2026-03-20,Friday,4.0,13
2026-03-20,Friday,5.0,25
2026-03-20,Friday,6.0,37
2026-03-20,Friday,7.0,94
2026-03-20,Friday,8.0,171
2026-03-20,Friday,9.0,193
2026-03-20,Friday,10.0,199
2026-03-20,Friday,11.0,172
2026-03-20,Friday,12.0,199
2026-03-20,Friday,13.0,199
2026-03-20,Friday,14.0,192
2026-03-20,Friday,15.0,156
2026-03-20,Friday,16.0,142
2026-03-20,Friday,17.0,151
2026-03-20,Friday,18.0,169
2026-03-20,Friday,19.0,178
2026-03-20,Friday,20.0,133
2026-03-20,Friday,21.0,126
2026-03-20,Friday,22.0,144
2026-03-20,Friday,23.0,107
2026-03-21,Saturday,,244
2026-03-21,Saturday,0.0,94
2026-03-21,Saturday,1.0,86
2026-03-21,Saturday,2.0,48
2026-03-21,Saturday,3.0,35
2026-03-21,Saturday,4.0,31
2026-03-21,Saturday,5.0,28
2026-03-21,Saturday,6.0,44
2026-03-21,Saturday,7.0,66
2026-03-21,Saturday,8.0,74
2026-03-21,Saturday,9.0,136
2026-03-21,Saturday,10.0,134
2026-03-21,Saturday,11.0,135
2026-03-21,Saturday,12.0,148
2026-03-21,Saturday,13.0,152
2026-03-21,Saturday,14.0,183
2026-03-21,Saturday,15.0,188
2026-03-21,Saturday,16.0,160
2026-03-21,Saturday,17.0,155
2026-03-21,Saturday,18.0,176
2026-03-21,Saturday,19.0,176
2026-03-21,Saturday,20.0,168
2026-03-21,Saturday,21.0,156
2026-03-21,Saturday,22.0,167
2026-03-21,Saturday,23.0,127
2026-03-22,Sunday,,227
2026-03-22,Sunday,0.0,126
2026-03-22,Sunday,1.0,92
2026-03-22,Sunday,2.0,62
2026-03-22,Sunday,3.0,49
2026-03-22,Sunday,4.0,32
2026-03-22,Sunday,5.0,25
2026-03-22,Sunday,6.0,33
2026-03-22,Sunday,7.0,60
2026-03-22,Sunday,8.0,63
2026-03-22,Sunday,9.0,64
2026-03-22,Sunday,10.0,95
2026-03-22,Sunday,11.0,100
2026-03-22,Sunday,12.0,84
2026-03-22,Sunday,13.0,158
2026-03-22,Sunday,14.0,140
2026-03-22,Sunday,15.0,142
2026-03-22,Sunday,16.0,151
2026-03-22,Sunday,17.0,135
2026-03-22,Sunday,18.0,116
2026-03-22,Sunday,19.0,111
2026-03-22,Sunday,20.0,103
2026-03-22,Sunday,21.0,111
2026-03-22,Sunday,22.0,112
2026-03-22,Sunday,23.0,77
2026-03-23,Monday,,188
2026-03-23,Monday,0.0,51
2026-03-23,Monday,1.0,32
2026-03-23,Monday,2.0,37
2026-03-23,Monday,3.0,9
2026-03-23,Monday,4.0,20
2026-03-23,Monday,5.0,23
2026-03-23,Monday,6.0,34
2026-03-23,Monday,7.0,102
2026-03-23,Monday,8.0,126
2026-03-23,Monday,9.0,184
2026-03-23,Monday,10.0,157
2026-03-23,Monday,11.0,160
2026-03-23,Monday,12.0,167
2026-03-23,Monday,13.0,181
2026-03-23,Monday,14.0,186
2026-03-23,Monday,15.0,172
2026-03-23,Monday,16.0,165
2026-03-23,Monday,17.0,142
2026-03-23,Monday,18.0,113
2026-03-23,Monday,19.0,93
2026-03-23,Monday,20.0,86
2026-03-23,Monday,21.0,73
2026-03-23,Monday,22.0,74
2026-03-23,Monday,23.0,46
2026-03-24,Tuesday,,168
2026-03-24,Tuesday,0.0,29
2026-03-24,Tuesday,1.0,17
2026-03-24,Tuesday,2.0,13
2026-03-24,Tuesday,3.0,3
2026-03-24,Tuesday,4.0,11
2026-03-24,Tuesday,5.0,22
2026-03-24,Tuesday,6.0,36
2026-03-24,Tuesday,7.0,99
2026-03-24,Tuesday,8.0,153
2026-03-24,Tuesday,9.0,182
2026-03-24,Tuesday,10.0,165
2026-03-24,Tuesday,11.0,168
2026-03-24,Tuesday,12.0,173
2026-03-24,Tuesday,13.0,211
2026-03-24,Tuesday,14.0,194
2026-03-24,Tuesday,15.0,194
2026-03-24,Tuesday,16.0,191
2026-03-24,Tuesday,17.0,150
2026-03-24,Tuesday,18.0,140
2026-03-24,Tuesday,19.0,129
2026-03-24,Tuesday,20.0,114
2026-03-24,Tuesday,21.0,108
2026-03-24,Tuesday,22.0,63
2026-03-24,Tuesday,23.0,42
2026-03-25,Wednesday,,190
2026-03-25,Wednesday,0.0,37
2026-03-25,Wednesday,1.0,20
2026-03-25,Wednesday,2.0,17
2026-03-25,Wednesday,3.0,4
2026-03-25,Wednesday,4.0,19
2026-03-25,Wednesday,5.0,24
2026-03-25,Wednesday,6.0,38
2026-03-25,Wednesday,7.0,106
2026-03-25,Wednesday,8.0,162
2026-03-25,Wednesday,9.0,228
2026-03-25,Wednesday,10.0,200
2026-03-25,Wednesday,11.0,171
2026-03-25,Wednesday,12.0,204
2026-03-25,Wednesday,13.0,221
2026-03-25,Wednesday,14.0,197
2026-03-25,Wednesday,15.0,194
2026-03-25,Wednesday,16.0,195
2026-03-25,Wednesday,17.0,186
2026-03-25,Wednesday,18.0,178
2026-03-25,Wednesday,19.0,133
2026-03-25,Wednesday,20.0,103
2026-03-25,Wednesday,21.0,95
2026-03-25,Wednesday,22.0,68
2026-03-25,Wednesday,23.0,57
2026-03-26,Thursday,,396
2026-03-26,Thursday,0.0,49
2026-03-26,Thursday,1.0,41
2026-03-26,Thursday,2.0,22
2026-03-26,Thursday,3.0,15
2026-03-26,Thursday,4.0,12
2026-03-26,Thursday,5.0,24
2026-03-26,Thursday,6.0,45
2026-03-26,Thursday,7.0,126
2026-03-26,Thursday,8.0,174
2026-03-26,Thursday,9.0,176
2026-03-26,Thursday,10.0,168
2026-03-26,Thursday,11.0,181
2026-03-26,Thursday,12.0,199
2026-03-26,Thursday,13.0,227
2026-03-26,Thursday,14.0,200
2026-03-26,Thursday,15.0,208
2026-03-26,Thursday,16.0,189
2026-03-26,Thursday,17.0,173
2026-03-26,Thursday,18.0,164
2026-03-26,Thursday,19.0,139
2026-03-26,Thursday,20.0,124
2026-03-26,Thursday,21.0,117
2026-03-26,Thursday,22.0,102
2026-03-26,Thursday,23.0,85
2026-03-27,Friday,,410
2026-03-27,Friday,0.0,50
2026-03-27,Friday,1.0,40
2026-03-27,Friday,2.0,21
2026-03-27,Friday,3.0,7
2026-03-27,Friday,4.0,16
2026-03-27,Friday,5.0,28
2026-03-27,Friday,6.0,31
2026-03-27,Friday,7.0,135
2026-03-27,Friday,8.0,148
2026-03-27,Friday,9.0,205
2026-03-27,Friday,10.0,196
2026-03-27,Friday,11.0,224
2026-03-27,Friday,12.0,184
2026-03-27,Friday,13.0,209
2026-03-27,Friday,14.0,180
2026-03-27,Friday,15.0,118
2026-03-27,Friday,16.0,148
2026-03-27,Friday,17.0,152
2026-03-27,Friday,18.0,180
2026-03-27,Friday,19.0,181
2026-03-27,Friday,20.0,197
2026-03-27,Friday,21.0,155
2026-03-27,Friday,22.0,152
2026-03-27,Friday,23.0,136
2026-03-28,Saturday,,253
2026-03-28,Saturday,0.0,123
2026-03-28,Saturday,1.0,91
2026-03-28,Saturday,2.0,71
2026-03-28,Saturday,3.0,36
2026-03-28,Saturday,4.0,23
2026-03-28,Saturday,5.0,22
2026-03-28,Saturday,6.0,51
2026-03-28,Saturday,7.0,87
2026-03-28,Saturday,8.0,112
2026-03-28,Saturday,9.0,138
2026-03-28,Saturday,10.0,156
2026-03-28,Saturday,11.0,204
2026-03-28,Saturday,12.0,190
2026-03-28,Saturday,13.0,170
2026-03-28,Saturday,14.0,190
2026-03-28,Saturday,15.0,217
2026-03-28,Saturday,16.0,185
2026-03-28,Saturday,17.0,168
2026-03-28,Saturday,18.0,228
2026-03-28,Saturday,19.0,221
2026-03-28,Saturday,20.0,249
2026-03-28,Saturday,21.0,239
2026-03-28,Saturday,22.0,188
2026-03-28,Saturday,23.0,146
2026-03-29,Sunday,,258
2026-03-29,Sunday,0.0,110
2026-03-29,Sunday,2.0,88
2026-03-29,Sunday,3.0,72
2026-03-29,Sunday,4.0,45
2026-03-29,Sunday,5.0,38
2026-03-29,Sunday,6.0,45
2026-03-29,Sunday,7.0,62
2026-03-29,Sunday,8.0,87
2026-03-29,Sunday,9.0,81
2026-03-29,Sunday,10.0,94
2026-03-29,Sunday,11.0,102
2026-03-29,Sunday,12.0,120
2026-03-29,Sunday,13.0,140
2026-03-29,Sunday,14.0,123
2026-03-29,Sunday,15.0,155
2026-03-29,Sunday,16.0,156
2026-03-29,Sunday,17.0,124
2026-03-29,Sunday,18.0,123
2026-03-29,Sunday,19.0,108
2026-03-29,Sunday,20.0,115
2026-03-29,Sunday,21.0,137
2026-03-29,Sunday,22.0,90
2026-03-29,Sunday,23.0,56
2026-03-30,Monday,,165
2026-03-30,Monday,0.0,52
2026-03-30,Monday,1.0,41
2026-03-30,Monday,2.0,23
2026-03-30,Monday,3.0,34
2026-03-30,Monday,4.0,14
2026-03-30,Monday,5.0,27
2026-03-30,Monday,6.0,48
2026-03-30,Monday,7.0,112
2026-03-30,Monday,8.0,161
2026-03-30,Monday,9.0,168
2026-03-30,Monday,10.0,141
2026-03-30,Monday,11.0,173
2026-03-30,Monday,12.0,178
2026-03-30,Monday,13.0,159
2026-03-30,Monday,14.0,213
2026-03-30,Monday,15.0,186
2026-03-30,Monday,16.0,176
2026-03-30,Monday,17.0,135
2026-03-30,Monday,18.0,126
2026-03-30,Monday,19.0,110
2026-03-30,Monday,20.0,96
2026-03-30,Monday,21.0,83
2026-03-30,Monday,22.0,84
2026-03-30,Monday,23.0,58
2026-03-31,Tuesday,,218
2026-03-31,Tuesday,0.0,41
2026-03-31,Tuesday,1.0,33
2026-03-31,Tuesday,2.0,18
2026-03-31,Tuesday,3.0,16
2026-03-31,Tuesday,4.0,16
2026-03-31,Tuesday,5.0,21
2026-03-31,Tuesday,6.0,42
2026-03-31,Tuesday,7.0,117
2026-03-31,Tuesday,8.0,162
2026-03-31,Tuesday,9.0,181
2026-03-31,Tuesday,10.0,178
2026-03-31,Tuesday,11.0,192
2026-03-31,Tuesday,12.0,178
2026-03-31,Tuesday,13.0,173
2026-03-31,Tuesday,14.0,173
2026-03-31,Tuesday,15.0,179
2026-03-31,Tuesday,16.0,183
2026-03-31,Tuesday,17.0,141
2026-03-31,Tuesday,18.0,135
2026-03-31,Tuesday,19.0,112
2026-03-31,Tuesday,20.0,85
2026-03-31,Tuesday,21.0,80
2026-03-31,Tuesday,22.0,89
2026-03-31,Tuesday,23.0,66
2026-04-01,Wednesday,,25
2026-04-01,Wednesday,0.0,12
2026-04-01,Wednesday,1.0,36
2026-04-01,Wednesday,2.0,22
2026-04-01,Wednesday,3.0,15
2026-04-01,Wednesday,4.0,11
2026-04-01,Wednesday,5.0,22
2026-04-01,Wednesday,6.0,49
2026-04-01,Wednesday,7.0,24
2026-04-01,Wednesday,23.0,2
2026-04-02,Thursday,,1
2026-04-03,Friday,,1
2026-07-17,Friday,,30
2026-07-17,Friday,0.0,4
2026-07-17,Friday,16.0,1
2026-07-17,Friday,18.0,23
2026-07-17,Friday,19.0,154
2026-07-17,Friday,20.0,162
2026-07-17,Friday,21.0,143
2026-07-17,Friday,22.0,165
2026-07-17,Friday,23.0,117
2026-07-18,Saturday,,228
2026-07-18,Saturday,0.0,105
2026-07-18,Saturday,1.0,87
2026-07-18,Saturday,2.0,49
2026-07-18,Saturday,3.0,30
2026-07-18,Saturday,4.0,25
2026-07-18,Saturday,5.0,32
2026-07-18,Saturday,6.0,54
2026-07-18,Saturday,7.0,87
2026-07-18,Saturday,8.0,81
2026-07-18,Saturday,9.0,130
2026-07-18,Saturday,10.0,140
2026-07-18,Saturday,11.0,158
2026-07-18,Saturday,12.0,158
2026-07-18,Saturday,13.0,172
2026-07-18,Saturday,14.0,182
2026-07-18,Saturday,15.0,169
2026-07-18,Saturday,16.0,172
2026-07-18,Saturday,17.0,149
2026-07-18,Saturday,18.0,194
2026-07-18,Saturday,19.0,170
2026-07-18,Saturday,20.0,161
2026-07-18,Saturday,21.0,154
2026-07-18,Saturday,22.0,150
2026-07-18,Saturday,23.0,125
2026-07-19,Sunday,,350
2026-07-19,Sunday,0.0,111
2026-07-19,Sunday,1.0,69
2026-07-19,Sunday,2.0,75
2026-07-19,Sunday,3.0,53
2026-07-19,Sunday,4.0,34
2026-07-19,Sunday,5.0,20
2026-07-19,Sunday,6.0,30
2026-07-19,Sunday,7.0,57
2026-07-19,Sunday,8.0,48
2026-07-19,Sunday,9.0,63
2026-07-19,Sunday,10.0,88
2026-07-19,Sunday,11.0,94
2026-07-19,Sunday,12.0,104
2026-07-19,Sunday,13.0,125
2026-07-19,Sunday,14.0,148
2026-07-19,Sunday,15.0,130
2026-07-19,Sunday,16.0,131
2026-07-19,Sunday,17.0,142
2026-07-19,Sunday,18.0,143
2026-07-19,Sunday,19.0,127
2026-07-19,Sunday,20.0,80
2026-07-19,Sunday,21.0,101
2026-07-19,Sunday,22.0,80
2026-07-19,Sunday,23.0,83
2026-07-20,Monday,,309
2026-07-20,Monday,0.0,40
2026-07-20,Monday,1.0,42
2026-07-20,Monday,2.0,38
2026-07-20,Monday,3.0,29
2026-07-20,Monday,4.0,24
2026-07-20,Monday,5.0,33
2026-07-20,Monday,6.0,49
2026-07-20,Monday,7.0,89
2026-07-20,Monday,8.0,125
2026-07-20,Monday,9.0,113
2026-07-20,Monday,10.0,130
2026-07-20,Monday,11.0,167
2026-07-20,Monday,12.0,164
2026-07-20,Monday,13.0,174
2026-07-20,Monday,14.0,148
2026-07-20,Monday,15.0,140
2026-07-20,Monday,16.0,105
2026-07-20,Monday,17.0,87
2026-07-20,Monday,18.0,100
2026-07-20,Monday,19.0,105
2026-07-20,Monday,20.0,76
2026-07-20,Monday,21.0,84
2026-07-20,Monday,22.0,78
2026-07-20,Monday,23.0,58
2026-07-21,Tuesday,,177
2026-07-21,Tuesday,0.0,42
2026-07-21,Tuesday,1.0,25
2026-07-21,Tuesday,2.0,16
2026-07-21,Tuesday,3.0,10
2026-07-21,Tuesday,4.0,10
2026-07-21,Tuesday,5.0,30
2026-07-21,Tuesday,6.0,42
2026-07-21,Tuesday,7.0,97
2026-07-21,Tuesday,8.0,145
2026-07-21,Tuesday,9.0,139
2026-07-21,Tuesday,10.0,162
2026-07-21,Tuesday,11.0,169
2026-07-21,Tuesday,12.0,144
2026-07-21,Tuesday,13.0,168
2026-07-21,Tuesday,14.0,179
2026-07-21,Tuesday,15.0,165
2026-07-21,Tuesday,16.0,143
2026-07-21,Tuesday,17.0,125
2026-07-21,Tuesday,18.0,115
2026-07-21,Tuesday,19.0,121
2026-07-21,Tuesday,20.0,93
2026-07-21,Tuesday,21.0,77
2026-07-21,Tuesday,22.0,81
2026-07-21,Tuesday,23.0,60
2026-07-22,Wednesday,,188
2026-07-22,Wednesday,0.0,43
2026-07-22,Wednesday,1.0,34
2026-07-22,Wednesday,2.0,10
2026-07-22,Wednesday,3.0,8
2026-07-22,Wednesday,4.0,9
2026-07-22,Wednesday,5.0,18
2026-07-22,Wednesday,6.0,43
2026-07-22,Wednesday,7.0,100
2026-07-22,Wednesday,8.0,107
2026-07-22,Wednesday,9.0,150
2026-07-22,Wednesday,10.0,145
2026-07-22,Wednesday,11.0,157
2026-07-22,Wednesday,12.0,161
2026-07-22,Wednesday,13.0,169
2026-07-22,Wednesday,14.0,163
2026-07-22,Wednesday,15.0,165
2026-07-22,Wednesday,16.0,153
2026-07-22,Wednesday,17.0,139
2026-07-22,Wednesday,18.0,131
2026-07-22,Wednesday,19.0,119
2026-07-22,Wednesday,20.0,94
2026-07-22,Wednesday,21.0,88
2026-07-22,Wednesday,22.0,96
2026-07-22,Wednesday,23.0,67
2026-07-23,Thursday,,253
2026-07-23,Thursday,0.0,45
2026-07-23,Thursday,1.0,40
2026-07-23,Thursday,2.0,21
2026-07-23,Thursday,3.0,13
2026-07-23,Thursday,4.0,11
2026-07-23,Thursday,5.0,22
2026-07-23,Thursday,6.0,43
2026-07-23,Thursday,7.0,101
2026-07-23,Thursday,8.0,126
2026-07-23,Thursday,9.0,173
2026-07-23,Thursday,10.0,147
2026-07-23,Thursday,11.0,159
2026-07-23,Thursday,12.0,161
2026-07-23,Thursday,13.0,170
2026-07-23,Thursday,14.0,164
2026-07-23,Thursday,15.0,176
2026-07-23,Thursday,16.0,149
2026-07-23,Thursday,17.0,143
2026-07-23,Thursday,18.0,150
2026-07-23,Thursday,19.0,139
2026-07-23,Thursday,20.0,109
2026-07-23,Thursday,21.0,100
2026-07-23,Thursday,22.0,92
2026-07-23,Thursday,23.0,83
2026-07-24,Friday,,319
2026-07-24,Friday,0.0,56
2026-07-24,Friday,1.0,48
2026-07-24,Friday,2.0,20
2026-07-24,Friday,3.0,8
2026-07-24,Friday,4.0,10
2026-07-24,Friday,5.0,25
2026-07-24,Friday,6.0,49
2026-07-24,Friday,7.0,114
2026-07-24,Friday,8.0,123
2026-07-24,Friday,9.0,164
2026-07-24,Friday,10.0,168
2026-07-24,Friday,11.0,175
2026-07-24,Friday,12.0,182
2026-07-24,Friday,13.0,174
2026-07-24,Friday,14.0,168
2026-07-24,Friday,15.0,157
2026-07-24,Friday,16.0,152
2026-07-24,Friday,17.0,170
2026-07-24,Friday,18.0,187
2026-07-24,Friday,19.0,191
2026-07-24,Friday,20.0,179
2026-07-24,Friday,21.0,157
2026-07-24,Friday,22.0,170
2026-07-24,Friday,23.0,147
2026-07-25,Saturday,,247
2026-07-25,Saturday,0.0,106
2026-07-25,Saturday,1.0,87
2026-07-25,Saturday,2.0,72
2026-07-25,Saturday,3.0,33
2026-07-25,Saturday,4.0,15
2026-07-25,Saturday,5.0,32
2026-07-25,Saturday,6.0,57
2026-07-25,Saturday,7.0,90
2026-07-25,Saturday,8.0,97
2026-07-25,Saturday,9.0,125
2026-07-25,Saturday,10.0,150
2026-07-25,Saturday,11.0,146
2026-07-25,Saturday,12.0,160
2026-07-25,Saturday,13.0,169
2026-07-25,Saturday,14.0,211
2026-07-25,Saturday,15.0,184
2026-07-25,Saturday,16.0,208
2026-07-25,Saturday,17.0,197
2026-07-25,Saturday,18.0,210
2026-07-25,Saturday,19.0,252
2026-07-25,Saturday,20.0,226
2026-07-25,Saturday,21.0,204
2026-07-25,Saturday,22.0,187
2026-07-25,Saturday,23.0,150
2026-07-26,Sunday,,217
2026-07-26,Sunday,0.0,120
2026-07-26,Sunday,1.0,105
2026-07-26,Sunday,2.0,95
2026-07-26,Sunday,3.0,53
2026-07-26,Sunday,4.0,48
2026-07-26,Sunday,5.0,37
2026-07-26,Sunday,6.0,50
2026-07-26,Sunday,7.0,71
2026-07-26,Sunday,8.0,71
2026-07-26,Sunday,9.0,63
2026-07-26,Sunday,10.0,84
2026-07-26,Sunday,11.0,98
2026-07-26,Sunday,12.0,136
2026-07-26,Sunday,13.0,104
2026-07-26,Sunday,14.0,148
2026-07-26,Sunday,15.0,164
2026-07-26,Sunday,16.0,131
2026-07-26,Sunday,17.0,127
2026-07-26,Sunday,18.0,131
2026-07-26,Sunday,19.0,115
2026-07-26,Sunday,20.0,98
2026-07-26,Sunday,21.0,92
2026-07-26,Sunday,22.0,88
2026-07-26,Sunday,23.0,75
2026-07-27,Monday,,223
2026-07-27,Monday,0.0,55
2026-07-27,Monday,1.0,32
2026-07-27,Monday,2.0,33
2026-07-27,Monday,3.0,15
2026-07-27,Monday,4.0,11
2026-07-27,Monday,5.0,21
2026-07-27,Monday,6.0,56
2026-07-27,Monday,7.0,102
2026-07-27,Monday,8.0,92
2026-07-27,Monday,9.0,142
2026-07-27,Monday,10.0,166
2026-07-27,Monday,11.0,160
2026-07-27,Monday,12.0,149
2026-07-27,Monday,13.0,158
2026-07-27,Monday,14.0,166
2026-07-27,Monday,15.0,177
2026-07-27,Monday,16.0,145
2026-07-27,Monday,17.0,115
2026-07-27,Monday,18.0,148
2026-07-27,Monday,19.0,114
2026-07-27,Monday,20.0,106
2026-07-27,Monday,21.0,91
2026-07-27,Monday,22.0,86
2026-07-27,Monday,23.0,82
2026-07-28,Tuesday,,176
2026-07-28,Tuesday,0.0,35
2026-07-28,Tuesday,1.0,34
2026-07-28,Tuesday,2.0,20
2026-07-28,Tuesday,3.0,11
2026-07-28,Tuesday,4.0,13
2026-07-28,Tuesday,5.0,32
2026-07-28,Tuesday,6.0,44
2026-07-28,Tuesday,7.0,113
2026-07-28,Tuesday,8.0,121
2026-07-28,Tuesday,9.0,136
2026-07-28,Tuesday,10.0,135
2026-07-28,Tuesday,11.0,147
2026-07-28,Tuesday,12.0,170
2026-07-28,Tuesday,13.0,193
2026-07-28,Tuesday,14.0,196
2026-07-28,Tuesday,15.0,180
2026-07-28,Tuesday,16.0,164
2026-07-28,Tuesday,17.0,135
2026-07-28,Tuesday,18.0,134
2026-07-28,Tuesday,19.0,133
2026-07-28,Tuesday,20.0,94
2026-07-28,Tuesday,21.0,76
2026-07-28,Tuesday,22.0,65
2026-07-28,Tuesday,23.0,57
2026-07-29,Wednesday,,198
2026-07-29,Wednesday,0.0,41
2026-07-29,Wednesday,1.0,27
2026-07-29,Wednesday,2.0,10
2026-07-29,Wednesday,3.0,13
2026-07-29,Wednesday,4.0,13
2026-07-29,Wednesday,5.0,28
2026-07-29,Wednesday,6.0,48
2026-07-29,Wednesday,7.0,107
2026-07-29,Wednesday,8.0,133
2026-07-29,Wednesday,9.0,158
2026-07-29,Wednesday,10.0,168
2026-07-29,Wednesday,11.0,218
2026-07-29,Wednesday,12.0,182
2026-07-29,Wednesday,13.0,188
2026-07-29,Wednesday,14.0,183
2026-07-29,Wednesday,15.0,174
2026-07-29,Wednesday,16.0,164
2026-07-29,Wednesday,17.0,136
2026-07-29,Wednesday,18.0,150
2026-07-29,Wednesday,19.0,117
2026-07-29,Wednesday,20.0,110
2026-07-29,Wednesday,21.0,120
2026-07-29,Wednesday,22.0,113
2026-07-29,Wednesday,23.0,82
2026-07-30,Thursday,,329
2026-07-30,Thursday,0.0,83
2026-07-30,Thursday,1.0,51
2026-07-30,Thursday,2.0,29
2026-07-30,Thursday,3.0,17
2026-07-30,Thursday,4.0,15
2026-07-30,Thursday,5.0,25
2026-07-30,Thursday,6.0,39
2026-07-30,Thursday,7.0,96
2026-07-30,Thursday,8.0,134
2026-07-30,Thursday,9.0,152
2026-07-30,Thursday,10.0,152
2026-07-30,Thursday,11.0,189
2026-07-30,Thursday,12.0,188
2026-07-30,Thursday,13.0,192
2026-07-30,Thursday,14.0,199
2026-07-30,Thursday,15.0,194
2026-07-30,Thursday,16.0,180
2026-07-30,Thursday,17.0,125
2026-07-30,Thursday,18.0,123
2026-07-30,Thursday,19.0,156
2026-07-30,Thursday,20.0,122
2026-07-30,Thursday,21.0,108
2026-07-30,Thursday,22.0,93
2026-07-30,Thursday,23.0,62
2026-07-31,Friday,,316
2026-07-31,Friday,0.0,52
2026-07-31,Friday,1.0,42
2026-07-31,Friday,2.0,37
2026-07-31,Friday,3.0,11
2026-07-31,Friday,4.0,13
2026-07-31,Friday,5.0,35
2026-07-31,Friday,6.0,39
2026-07-31,Friday,7.0,107
2026-07-31,Friday,8.0,139
2026-07-31,Friday,9.0,177
2026-07-31,Friday,10.0,187
2026-07-31,Friday,11.0,196
2026-07-31,Friday,12.0,180
2026-07-31,Friday,13.0,187
2026-07-31,Friday,14.0,185
2026-07-31,Friday,15.0,181
2026-07-31,Friday,16.0,161
2026-07-31,Friday,17.0,182
2026-07-31,Friday,18.0,201
2026-07-31,Friday,19.0,201
2026-07-31,Friday,20.0,172
2026-07-31,Friday,21.0,146
2026-07-31,Friday,22.0,162
2026-07-31,Friday,23.0,106
2026-08-01,Saturday,,324
2026-08-01,Saturday,0.0,112
2026-08-01,Saturday,1.0,98
2026-08-01,Saturday,2.0,69
2026-08-01,Saturday,3.0,29
2026-08-01,Saturday,4.0,28
2026-08-01,Saturday,5.0,29
2026-08-01,Saturday,6.0,51
2026-08-01,Saturday,7.0,91
2026-08-01,Saturday,8.0,91
2026-08-01,Saturday,9.0,113
2026-08-01,Saturday,10.0,142
2026-08-01,Saturday,11.0,151
2026-08-01,Saturday,12.0,153
2026-08-01,Saturday,13.0,165
2026-08-01,Saturday,14.0,167
2026-08-01,Saturday,15.0,168
2026-08-01,Saturday,16.0,199
2026-08-01,Saturday,17.0,177
2026-08-01,Saturday,18.0,214
2026-08-01,Saturday,19.0,233
2026-08-01,Saturday,20.0,199
2026-08-01,Saturday,21.0,186
2026-08-01,Saturday,22.0,200
2026-08-01,Saturday,23.0,162
2026-08-02,Sunday,,271
2026-08-02,Sunday,0.0,141
2026-08-02,Sunday,1.0,113
2026-08-02,Sunday,2.0,70
2026-08-02,Sunday,3.0,53
2026-08-02,Sunday,4.0,29
2026-08-02,Sunday,5.0,27
2026-08-02,Sunday,6.0,31
2026-08-02,Sunday,7.0,58
2026-08-02,Sunday,8.0,62
2026-08-02,Sunday,9.0,63
2026-08-02,Sunday,10.0,79
2026-08-02,Sunday,11.0,89
2026-08-02,Sunday,12.0,95
2026-08-02,Sunday,13.0,106
2026-08-02,Sunday,14.0,135
2026-08-02,Sunday,15.0,154
2026-08-02,Sunday,16.0,150
2026-08-02,Sunday,17.0,118
2026-08-02,Sunday,18.0,139
2026-08-02,Sunday,19.0,131
2026-08-02,Sunday,20.0,108
2026-08-02,Sunday,21.0,98
2026-08-02,Sunday,22.0,88
2026-08-02,Sunday,23.0,72
2026-08-03,Monday,,257
2026-08-03,Monday,0.0,52
2026-08-03,Monday,1.0,37
2026-08-03,Monday,2.0,19
2026-08-03,Monday,3.0,16
2026-08-03,Monday,4.0,19
2026-08-03,Monday,5.0,25
2026-08-03,Monday,6.0,44
2026-08-03,Monday,7.0,100
2026-08-03,Monday,8.0,113
2026-08-03,Monday,9.0,146
2026-08-03,Monday,10.0,158
2026-08-03,Monday,11.0,144
2026-08-03,Monday,12.0,143
2026-08-03,Monday,13.0,143
2026-08-03,Monday,14.0,161
2026-08-03,Monday,15.0,164
2026-08-03,Monday,16.0,148
2026-08-03,Monday,17.0,132
2026-08-03,Monday,18.0,119
2026-08-03,Monday,19.0,108
2026-08-03,Monday,20.0,90
2026-08-03,Monday,21.0,92
2026-08-03,Monday,22.0,75
2026-08-03,Monday,23.0,52
2026-08-04,Tuesday,,196
2026-08-04,Tuesday,0.0,30
2026-08-04,Tuesday,1.0,28
2026-08-04,Tuesday,2.0,8
2026-08-04,Tuesday,3.0,7
2026-08-04,Tuesday,4.0,13
2026-08-04,Tuesday,5.0,35
2026-08-04,Tuesday,6.0,53
2026-08-04,Tuesday,7.0,95
2026-08-04,Tuesday,8.0,143
2026-08-04,Tuesday,9.0,144
2026-08-04,Tuesday,10.0,161
2026-08-04,Tuesday,11.0,155
2026-08-04,Tuesday,12.0,154
2026-08-04,Tuesday,13.0,157
2026-08-04,Tuesday,14.0,188
2026-08-04,Tuesday,15.0,167
2026-08-04,Tuesday,16.0,128
2026-08-04,Tuesday,17.0,105
2026-08-04,Tuesday,18.0,124
2026-08-04,Tuesday,19.0,130
2026-08-04,Tuesday,20.0,87
2026-08-04,Tuesday,21.0,87
2026-08-04,Tuesday,22.0,78
2026-08-04,Tuesday,23.0,66
2026-08-05,Wednesday,,227
2026-08-05,Wednesday,0.0,42
2026-08-05,Wednesday,1.0,29
2026-08-05,Wednesday,2.0,16
2026-08-05,Wednesday,3.0,14
2026-08-05,Wednesday,4.0,21
2026-08-05,Wednesday,5.0,29
2026-08-05,Wednesday,6.0,66
2026-08-05,Wednesday,7.0,120
2026-08-05,Wednesday,8.0,137
2026-08-05,Wednesday,9.0,169
2026-08-05,Wednesday,10.0,193
2026-08-05,Wednesday,11.0,173
2026-08-05,Wednesday,12.0,173
2026-08-05,Wednesday,13.0,201
2026-08-05,Wednesday,14.0,169
2026-08-05,Wednesday,15.0,190
2026-08-05,Wednesday,16.0,148
2026-08-05,Wednesday,17.0,144
2026-08-05,Wednesday,18.0,156
2026-08-05,Wednesday,19.0,112
2026-08-05,Wednesday,20.0,98
2026-08-05,Wednesday,21.0,99
2026-08-05,Wednesday,22.0,95
2026-08-05,Wednesday,23.0,63
2026-08-06,Thursday,,258
2026-08-06,Thursday,0.0,58
2026-08-06,Thursday,1.0,30
2026-08-06,Thursday,2.0,26
2026-08-06,Thursday,3.0,14
2026-08-06,Thursday,4.0,10
2026-08-06,Thursday,5.0,36
2026-08-06,Thursday,6.0,43
2026-08-06,Thursday,7.0,112
2026-08-06,Thursday,8.0,139
2026-08-06,Thursday,9.0,144
2026-08-06,Thursday,10.0,162
2026-08-06,Thursday,11.0,153
2026-08-06,Thursday,12.0,154
2026-08-06,Thursday,13.0,184
2026-08-06,Thursday,14.0,182
2026-08-06,Thursday,15.0,192
2026-08-06,Thursday,16.0,189
2026-08-06,Thursday,17.0,157
2026-08-06,Thursday,18.0,156
2026-08-06,Thursday,19.0,104
2026-08-06,Thursday,20.0,112
2026-08-06,Thursday,21.0,110
2026-08-06,Thursday,22.0,94
2026-08-06,Thursday,23.0,77
2026-08-07,Friday,,418
2026-08-07,Friday,0.0,65
2026-08-07,Friday,1.0,51
2026-08-07,Friday,2.0,30
2026-08-07,Friday,3.0,22
2026-08-07,Friday,4.0,19
2026-08-07,Friday,5.0,28
2026-08-07,Friday,6.0,56
2026-08-07,Friday,7.0,113
2026-08-07,Friday,8.0,133
2026-08-07,Friday,9.0,171
2026-08-07,Friday,10.0,176
2026-08-07,Friday,11.0,186
2026-08-07,Friday,12.0,184
2026-08-07,Friday,13.0,171
2026-08-07,Friday,14.0,166
2026-08-07,Friday,15.0,153
2026-08-07,Friday,16.0,145
2026-08-07,Friday,17.0,167
2026-08-07,Friday,18.0,156
2026-08-07,Friday,19.0,160
2026-08-07,Friday,20.0,170
2026-08-07,Friday,21.0,152
2026-08-07,Friday,22.0,147
2026-08-07,Friday,23.0,110
2026-08-08,Saturday,,237
2026-08-08,Saturday,0.0,111
2026-08-08,Saturday,1.0,79
2026-08-08,Saturday,2.0,50
2026-08-08,Saturday,3.0,31
2026-08-08,Saturday,4.0,22
2026-08-08,Saturday,5.0,29
2026-08-08,Saturday,6.0,40
2026-08-08,Saturday,7.0,70
2026-08-08,Saturday,8.0,100
2026-08-08,Saturday,9.0,127
2026-08-08,Saturday,10.0,119
2026-08-08,Saturday,11.0,115
2026-08-08,Saturday,12.0,92
2026-08-08,Saturday,13.0,122
2026-08-08,Saturday,14.0,120
2026-08-08,Saturday,15.0,137
2026-08-08,Saturday,16.0,129
2026-08-08,Saturday,17.0,134
2026-08-08,Saturday,18.0,164
2026-08-08,Saturday,19.0,181
2026-08-08,Saturday,20.0,169
2026-08-08,Saturday,21.0,144
2026-08-08,Saturday,22.0,178
2026-08-08,Saturday,23.0,149
2026-08-09,Sunday,,276
2026-08-09,Sunday,0.0,136
2026-08-09,Sunday,1.0,104
2026-08-09,Sunday,2.0,97
2026-08-09,Sunday,3.0,53
2026-08-09,Sunday,4.0,40
2026-08-09,Sunday,5.0,29
2026-08-09,Sunday,6.0,55
2026-08-09,Sunday,7.0,69
2026-08-09,Sunday,8.0,74
2026-08-09,Sunday,9.0,81
2026-08-09,Sunday,10.0,103
2026-08-09,Sunday,11.0,101
2026-08-09,Sunday,12.0,105
2026-08-09,Sunday,13.0,166
2026-08-09,Sunday,14.0,127
2026-08-09,Sunday,15.0,126
2026-08-09,Sunday,16.0,113
2026-08-09,Sunday,17.0,128
2026-08-09,Sunday,18.0,116
2026-08-09,Sunday,19.0,105
2026-08-09,Sunday,20.0,98
2026-08-09,Sunday,21.0,79
2026-08-09,Sunday,22.0,80
2026-08-09,Sunday,23.0,67
2026-08-10,Monday,,220
2026-08-10,Monday,0.0,58
2026-08-10,Monday,1.0,36
2026-08-10,Monday,2.0,28
2026-08-10,Monday,3.0,23
2026-08-10,Monday,4.0,12
2026-08-10,Monday,5.0,23
2026-08-10,Monday,6.0,44
2026-08-10,Monday,7.0,91
2026-08-10,Monday,8.0,111
2026-08-10,Monday,9.0,140
2026-08-10,Monday,10.0,151
2026-08-10,Monday,11.0,157
2026-08-10,Monday,12.0,149
2026-08-10,Monday,13.0,150
2026-08-10,Monday,14.0,183
2026-08-10,Monday,15.0,163
2026-08-10,Monday,16.0,145
2026-08-10,Monday,17.0,122
2026-08-10,Monday,18.0,133
2026-08-10,Monday,19.0,101
2026-08-10,Monday,20.0,79
2026-08-10,Monday,21.0,69
2026-08-10,Monday,22.0,73
2026-08-10,Monday,23.0,62
2026-08-11,Tuesday,,217
2026-08-11,Tuesday,0.0,41
2026-08-11,Tuesday,1.0,27
2026-08-11,Tuesday,2.0,24
2026-08-11,Tuesday,3.0,15
2026-08-11,Tuesday,4.0,19
2026-08-11,Tuesday,5.0,35
2026-08-11,Tuesday,6.0,45
2026-08-11,Tuesday,7.0,84
2026-08-11,Tuesday,8.0,104
2026-08-11,Tuesday,9.0,141
2026-08-11,Tuesday,10.0,173
2026-08-11,Tuesday,11.0,171
2026-08-11,Tuesday,12.0,161
2026-08-11,Tuesday,13.0,174
2026-08-11,Tuesday,14.0,165
2026-08-11,Tuesday,15.0,161
2026-08-11,Tuesday,16.0,138
2026-08-11,Tuesday,17.0,134
2026-08-11,Tuesday,18.0,112
2026-08-11,Tuesday,19.0,104
2026-08-11,Tuesday,20.0,101
2026-08-11,Tuesday,21.0,76
2026-08-11,Tuesday,22.0,77
2026-08-11,Tuesday,23.0,67
2026-08-12,Wednesday,,200
2026-08-12,Wednesday,0.0,55
2026-08-12,Wednesday,1.0,37
2026-08-12,Wednesday,2.0,17
2026-08-12,Wednesday,3.0,12
2026-08-12,Wednesday,4.0,9
2026-08-12,Wednesday,5.0,32
2026-08-12,Wednesday,6.0,38
2026-08-12,Wednesday,7.0,96
2026-08-12,Wednesday,8.0,117
2026-08-12,Wednesday,9.0,137
2026-08-12,Wednesday,10.0,162
2026-08-12,Wednesday,11.0,178
2026-08-12,Wednesday,12.0,157
2026-08-12,Wednesday,13.0,164
2026-08-12,Wednesday,14.0,179
2026-08-12,Wednesday,15.0,171
2026-08-12,Wednesday,16.0,129
2026-08-12,Wednesday,17.0,124
2026-08-12,Wednesday,18.0,114
2026-08-12,Wednesday,19.0,101
2026-08-12,Wednesday,20.0,88
2026-08-12,Wednesday,21.0,81
2026-08-12,Wednesday,22.0,89
2026-08-12,Wednesday,23.0,56
2026-08-13,Thursday,,325
2026-08-13,Thursday,0.0,50
2026-08-13,Thursday,1.0,34
2026-08-13,Thursday,2.0,27
2026-08-13,Thursday,3.0,10
2026-08-13,Thursday,4.0,6
2026-08-13,Thursday,5.0,30
2026-08-13,Thursday,6.0,36
2026-08-13,Thursday,7.0,74
2026-08-13,Thursday,8.0,127
2026-08-13,Thursday,9.0,161
2026-08-13,Thursday,10.0,172
2026-08-13,Thursday,11.0,174
2026-08-13,Thursday,12.0,161
2026-08-13,Thursday,13.0,154
2026-08-13,Thursday,14.0,100
2026-08-13,Thursday,15.0,64
2026-08-13,Thursday,16.0,51
2026-08-13,Thursday,17.0,38
2026-08-13,Thursday,18.0,52
2026-08-13,Thursday,19.0,64
2026-08-13,Thursday,20.0,117
2026-08-13,Thursday,21.0,107
2026-08-13,Thursday,22.0,87
2026-08-13,Thursday,23.0,63
2026-08-14,Friday,,287
2026-08-14,Friday,0.0,57
2026-08-14,Friday,1.0,42
2026-08-14,Friday,2.0,25
2026-08-14,Friday,3.0,12
2026-08-14,Friday,4.0,12
2026-08-14,Friday,5.0,26
2026-08-14,Friday,6.0,26
2026-08-14,Friday,7.0,93
2026-08-14,Friday,8.0,136
2026-08-14,Friday,9.0,158
2026-08-14,Friday,10.0,191
2026-08-14,Friday,11.0,164
2026-08-14,Friday,12.0,213
2026-08-14,Friday,13.0,209
2026-08-14,Friday,14.0,168
2026-08-14,Friday,15.0,135
2026-08-14,Friday,16.0,139
2026-08-14,Friday,17.0,158
2026-08-14,Friday,18.0,182
2026-08-14,Friday,19.0,227
2026-08-14,Friday,20.0,220
2026-08-14,Friday,21.0,153
2026-08-14,Friday,22.0,172
2026-08-14,Friday,23.0,129
2026-08-15,Saturday,,369
2026-08-15,Saturday,0.0,103
2026-08-15,Saturday,1.0,81
2026-08-15,Saturday,2.0,61
2026-08-15,Saturday,3.0,37
2026-08-15,Saturday,4.0,33
2026-08-15,Saturday,5.0,41
2026-08-15,Saturday,6.0,58
2026-08-15,Saturday,7.0,84
2026-08-15,Saturday,8.0,95
2026-08-15,Saturday,9.0,130
2026-08-15,Saturday,10.0,120
2026-08-15,Saturday,11.0,151
2026-08-15,Saturday,12.0,147
2026-08-15,Saturday,13.0,158
2026-08-15,Saturday,14.0,170
2026-08-15,Saturday,15.0,160
2026-08-15,Saturday,16.0,168
2026-08-15,Saturday,17.0,173
2026-08-15,Saturday,18.0,198
2026-08-15,Saturday,19.0,193
2026-08-15,Saturday,20.0,180
2026-08-15,Saturday,21.0,182
2026-08-15,Saturday,22.0,147
2026-08-15,Saturday,23.0,132
2026-08-16,Sunday,,178
2026-08-16,Sunday,0.0,104
2026-08-16,Sunday,1.0,89
2026-08-16,Sunday,2.0,82
2026-08-16,Sunday,3.0,55
2026-08-16,Sunday,4.0,32
2026-08-16,Sunday,5.0,32
2026-08-16,Sunday,6.0,41
2026-08-16,Sunday,7.0,66
2026-08-16,Sunday,8.0,71
2026-08-16,Sunday,9.0,76
2026-08-16,Sunday,10.0,82
2026-08-16,Sunday,11.0,92
2026-08-16,Sunday,12.0,102
2026-08-16,Sunday,13.0,142
2026-08-16,Sunday,14.0,159
2026-08-16,Sunday,15.0,144
2026-08-16,Sunday,16.0,143
2026-08-16,Sunday,17.0,134
2026-08-16,Sunday,18.0,131
2026-08-16,Sunday,19.0,4
2026-08-16,Sunday,23.0,4
2026-08-17,Monday,,2
